v -1.95 -1.7 -0.02
v -1.35 -1.7 -0.02
v -1.95 -1.7 0.2
newmtl 1
Ka 1.0 1.0 1.0
Kd 1.0 1.0 1.0
Ks 0.5019607843137255 0.5019607843137255 0.5019607843137255
d 0.0
endmtl
v -1.35 -1.7 0.2
v -2.0 -1.65 0.2
v -2.0 1.65 0.2
v -2.0 -1.65 -0.02
v -2.0 1.65 -0.02
v -1.95 1.7 0.2
v -1.35 1.7 0.2
v -1.95 1.7 -0.02
v -1.35 1.7 -0.02
v -1.05 2.0 -0.02
v -1.05 2.0 0.2
v -0.8 2.0 -0.02
v -0.8 2.0 0.2
v -0.8 -2.0 -0.02
v -0.8 -2.0 0.2
v -1.05 -2.0 -0.02
v -1.05 -2.0 0.2
v -1.998296 1.662941 -0.02
v -1.993301 1.675 -0.02
v -1.985355 1.685355 -0.02
v -1.975 1.693301 -0.02
v -1.962941 1.698296 -0.02
v -1.962941 -1.698296 -0.02
v -1.975 -1.693301 -0.02
v -1.985355 -1.685355 -0.02
v -1.993301 -1.675 -0.02
v -1.998296 -1.662941 -0.02
v -1.962941 1.698296 0.2
v -1.975 1.693301 0.2
v -1.985355 1.685355 0.2
v -1.993301 1.675 0.2
v -1.998296 -1.662941 0.2
v -1.993301 -1.675 0.2
v -1.985355 -1.685355 0.2
v -1.975 -1.693301 0.2
v -1.962941 -1.698296 0.2
v -1.998296 1.662941 0.2
v 2.0 1.9 0.2
v 2.0 -1.9 0.2
v 2.0 1.9 -0.02
v 2.0 -1.9 -0.02
v 1.9 2.0 -0.02
v 0.8 2.0 -0.02
v 1.9 2.0 0.2
v 0.8 2.0 0.2
v 0.8 -2.0 -0.02
v 0.8 -2.0 0.2
v 1.9 -2.0 -0.02
v 1.9 -2.0 0.2
v 1.997493 -1.922252 -0.02
v 1.990097 -1.943388 -0.02
v 1.978183 -1.962349 -0.02
v 1.962349 -1.978183 -0.02
v 1.922252 -1.997493 -0.02
v 1.943388 -1.990097 -0.02
v 1.922252 1.997493 -0.02
v 1.943388 1.990097 -0.02
v 1.962349 1.978183 -0.02
v 1.978183 1.962349 -0.02
v 1.997493 1.922252 -0.02
v 1.990097 1.943388 -0.02
v 1.922252 -1.997493 0.2
v 1.943388 -1.990097 0.2
v 1.962349 -1.978183 0.2
v 1.978183 -1.962349 0.2
v 1.997493 -1.922252 0.2
v 1.990097 -1.943388 0.2
v 1.997493 1.922252 0.2
v 1.990097 1.943388 0.2
v 1.978183 1.962349 0.2
v 1.962349 1.978183 0.2
v 1.922252 1.997493 0.2
v 1.943388 1.990097 0.2
v -2.0 -1.9 0.2
v -2.0 1.9 0.2
v -2.0 -1.9 -0.02
v -2.0 1.9 -0.02
v -1.9 2.0 -0.02
v -1.9 2.0 0.2
v -1.9 -2.0 -0.02
v -1.9 -2.0 0.2
v -1.943388 -1.990097 -0.02
v -1.962349 -1.978183 -0.02
v -1.922252 -1.997493 -0.02
v -1.978183 -1.962349 -0.02
v -1.990097 -1.943388 -0.02
v -1.997493 -1.922252 -0.02
v -1.997493 1.922252 -0.02
v -1.990097 1.943388 -0.02
v -1.978183 1.962349 -0.02
v -1.962349 1.978183 -0.02
v -1.922252 1.997493 -0.02
v -1.943388 1.990097 -0.02
v -1.922252 -1.997493 0.2
v -1.978183 -1.962349 0.2
v -1.962349 -1.978183 0.2
v -1.990097 -1.943388 0.2
v -1.997493 -1.922252 0.2
v -1.943388 -1.990097 0.2
v -1.922252 1.997493 0.2
v -1.943388 1.990097 0.2
v -1.962349 1.978183 0.2
v -1.978183 1.962349 0.2
v -1.997493 1.922252 0.2
v -1.990097 1.943388 0.2
v 1.8 -1.261281 1.8
v 1.8 -1.221528 1.8
v 1.459946 -1.221528 1.8
newmtl 2
Ka 0.25098039215686274 0.25098039215686274 0.25098039215686274
Kd 0.25098039215686274 0.25098039215686274 0.25098039215686274
Ks 0.12549019607843137 0.12549019607843137 0.12549019607843137
d 0.0
endmtl
v 1.291272 -1.477585 1.8
v 1.290153 -1.478026 1.8
v 1.290153 -1.490327 1.8
v 1.230453 -1.435909 1.8
v 1.224535 -1.436619 1.8
v 1.258545 -1.436619 1.8
v 1.125411 -1.084932 1.8
v 1.135826 -1.083656 1.8
v 1.081838 -1.083656 1.8
v 1.160417 -1.220696 1.8
v 1.151716 -1.221528 1.8
v 1.196575 -1.221528 1.8
v 1.523527 -1.220384 1.8
v 1.509698 -1.183299 1.8
v 1.459946 -1.183299 1.8
v 0.455312 -1.495935 1.8
v 0.441988 -1.490327 1.8
v -0.389087 -1.490327 1.8
v 0.273118 -1.270674 1.8
v 0.275028 -1.261281 1.8
v -0.389087 -1.261281 1.8
v 0.827083 -1.191466 1.8
v 0.852924 -1.213864 1.8
v 0.943206 -1.083656 1.8
v 0.943206 -1.221528 1.8
v 0.697201 -1.069642 1.8
v 0.718044 -1.083656 1.8
v 0.740195 -1.098548 1.8
v 0.771711 -1.134889 1.8
v 0.79225 -1.174704 1.8
v 0.798542 -1.176862 1.8
v 0.516811 -1.07151 1.8
v 0.561252 -1.054333 1.8
v -0.389087 0.01126 1.8
v 0.943206 0.01126 1.8
v 0.609092 -1.048421 1.8
v 0.648825 -1.052595 1.8
v 0.317966 -1.172776 1.8
v 0.327116 -1.164301 1.8
v -0.389087 -1.083656 1.8
v 0.497221 -1.083656 1.8
v 0.493413 -1.086017 1.8
v 0.359532 -1.142785 1.8
v 0.395555 -1.13009 1.8
v 0.428825 -1.126504 1.8
v 0.470759 -1.105417 1.8
v 0.439911 -1.127107 1.8
v 0.450997 -1.128432 1.8
v -0.389087 -1.221528 1.8
v 0.280843 -1.232702 1.8
v 0.286202 -1.221528 1.8
v 0.297198 -1.198598 1.8
v 0.390266 -1.434017 1.8
v 0.372997 -1.428538 1.8
v -0.389087 -1.436619 1.8
v 0.338797 -1.410386 1.8
v 0.313146 -1.387746 1.8
v 0.309095 -1.383063 1.8
v 0.288874 -1.351909 1.8
v 0.276231 -1.315763 1.8
v 0.272659 -1.282671 1.8
v 0.433077 -1.486577 1.8
v 0.414229 -1.472353 1.8
v 0.399903 -1.454653 1.8
v 0.391481 -1.436619 1.8
v 0.521765 -1.490327 1.8
v 0.505131 -1.496707 1.8
v 0.943206 -1.95 1.8
v 0.481845 -1.499569 1.8
v -0.389087 -1.95 1.8
v 0.478069 -1.499497 1.8
v 0.572194 -1.436619 1.8
v 0.572141 -1.436842 1.8
v 0.943206 -1.490327 1.8
v 0.56077 -1.458351 1.8
v 0.545841 -1.475109 1.8
v 0.526634 -1.48846 1.8
v 0.554144 -1.338582 1.8
v 0.683319 -1.271103 1.8
v 0.537335 -1.323269 1.8
v 0.516887 -1.312297 1.8
v 0.827462 -1.293645 1.8
v 0.822969 -1.27512 1.8
v 0.815542 -1.261281 1.8
v 0.335782 -1.261281 1.8
v 0.703079 -1.435334 1.8
v 0.696655 -1.433092 1.8
v 0.690227 -1.428882 1.8
v 0.686865 -1.425544 1.8
v 0.68974 -1.38359 1.8
v 0.695728 -1.379503 1.8
v 0.713203 -1.322194 1.8
v 0.70238 -1.37701 1.8
v 0.870177 -1.367664 1.8
v 0.852018 -1.392566 1.8
v 0.943206 -1.436619 1.8
v 0.849415 -1.395311 1.8
v 0.824133 -1.41583 1.8
v 0.341389 -1.31904 1.8
v 0.352972 -1.338778 1.8
v 0.401922 -1.34865 1.8
v 0.370264 -1.356524 1.8
v 0.39123 -1.36943 1.8
v 0.437591 -1.316759 1.8
v 0.417871 -1.33044 1.8
v 0.33339 -1.280743 1.8
v 0.334516 -1.295428 1.8
v 0.883677 -1.271055 1.8
v 0.887685 -1.300987 1.8
v 0.943206 -1.261281 1.8
v 0.8876 -1.305817 1.8
v 0.882725 -1.33738 1.8
v 0.794558 -1.429774 1.8
v 0.764294 -1.435945 1.8
v 0.707419 -1.435945 1.8
v 0.679463 -1.406062 1.8
v 0.67959 -1.403314 1.8
v 0.578244 -1.39353 1.8
v 0.68126 -1.395913 1.8
v 0.684752 -1.389179 1.8
v 0.458888 -1.308628 1.8
v 0.481845 -1.305807 1.8
v 0.493622 -1.306508 1.8
v 0.682747 -1.419454 1.8
v 0.680292 -1.412899 1.8
v 0.577739 -1.413034 1.8
v 0.578244 -1.40317 1.8
v 0.709347 -1.376178 1.8
v 0.710285 -1.376246 1.8
v 0.713177 -1.376886 1.8
v 0.808376 -1.35291 1.8
v 0.818975 -1.33787 1.8
v 0.825612 -1.320687 1.8
v 0.827918 -1.301951 1.8
v 0.715131 -1.377142 1.8
v 0.75851 -1.377142 1.8
v 0.775705 -1.373861 1.8
v 0.792728 -1.366006 1.8
v 0.806999 -1.354387 1.8
v 0.745015 -1.226759 1.8
v 0.344499 -1.235954 1.8
v 0.336252 -1.257457 1.8
v 0.752726 -1.226759 1.8
v 0.814033 -1.258468 1.8
v 0.802803 -1.245913 1.8
v 0.787847 -1.235481 1.8
v 0.771019 -1.229011 1.8
v 0.354527 -1.221528 1.8
v 0.480881 -1.198804 1.8
v 0.473789 -1.194937 1.8
v 0.727836 -1.174744 1.8
v 0.707367 -1.147653 1.8
v 0.698344 -1.139157 1.8
v 0.671006 -1.120842 1.8
v 0.640616 -1.109764 1.8
v 0.452166 -1.187089 1.8
v 0.429789 -1.184344 1.8
v 0.419925 -1.184848 1.8
v 0.744005 -1.221528 1.8
v 0.741116 -1.206546 1.8
v 0.610056 -1.10626 1.8
v 0.60553 -1.106332 1.8
v 0.49426 -1.17044 1.8
v 0.573405 -1.111145 1.8
v 0.515371 -1.144243 1.8
v 0.542006 -1.124203 1.8
v 0.396117 -1.190446 1.8
v 0.374608 -1.201817 1.8
v 0.35785 -1.216747 1.8
v 0.858285 -1.221528 1.8
v 0.872268 -1.241519 1.8
v 0.879901 -1.261281 1.8
v 1.542866 -1.220384 1.8
v 1.491225 -1.0848 1.8
v 1.8 -1.083656 1.8
v 1.459946 -1.083656 1.8
v 1.440208 -1.220384 1.8
v 1.420868 -1.220384 1.8
v 1.417108 -1.221528 1.8
v 1.453239 -1.183299 1.8
v 1.417108 -1.083656 1.8
v 1.459946 -1.117786 1.8
v 1.472509 -1.0848 1.8
v 1.258545 -1.159315 1.8
v 1.221928 -1.159315 1.8
v 1.258545 -1.204926 1.8
v 1.221928 -1.204926 1.8
v 1.290153 -1.083656 1.8
v 1.258545 -1.083656 1.8
v 1.274262 -1.0848 1.8
v 1.258545 -1.0848 1.8
v 1.274262 -1.100396 1.8
v 1.277347 -1.204926 1.8
v 1.290153 -1.221528 1.8
v 1.277347 -1.220384 1.8
v 1.258545 -1.221528 1.8
v 1.270415 -1.159315 1.8
v 1.270415 -1.143788 1.8
v 1.258545 -1.143788 1.8
v 1.258545 -1.100396 1.8
v 1.221928 -1.100396 1.8
v 1.221928 -1.143788 1.8
v 1.204425 -1.0848 1.8
v 1.196575 -1.083656 1.8
v 1.204425 -1.220384 1.8
v 1.177287 -1.088057 1.8
v 1.163118 -1.083943 1.8
v 1.159564 -1.083656 1.8
v 1.258545 -1.220384 1.8
v 1.177287 -1.106357 1.8
v 1.174974 -1.215922 1.8
v 1.148668 -1.206835 1.8
v 1.163994 -1.20397 1.8
v 1.177287 -1.197994 1.8
v 1.177287 -1.214769 1.8
v 1.094288 -1.159115 1.8
v 1.175778 -1.105542 1.8
v 1.162025 -1.100309 1.8
v 1.100841 -1.183617 1.8
v 1.10745 -1.192796 1.8
v 1.110094 -1.195412 1.8
v 1.118946 -1.201681 1.8
v 1.128602 -1.20542 1.8
v 1.142282 -1.207075 1.8
v 1.108386 -1.113358 1.8
v 1.101008 -1.123611 1.8
v 1.117626 -1.105732 1.8
v 1.128289 -1.100797 1.8
v 1.145332 -1.098316 1.8
v 1.140086 -1.098526 1.8
v 1.094141 -1.154117 1.8
v 1.096433 -1.13527 1.8
v 1.096459 -1.172684 1.8
v 1.081838 0.01126 1.8
v 1.145159 -1.082512 1.8
v 1.196575 0.01126 1.8
v 1.145407 -1.082512 1.8
v 1.079083 -1.130386 1.8
v 1.081838 -1.123941 1.8
v 1.085521 -1.115324 1.8
v 1.095354 -1.102475 1.8
v 1.098589 -1.099381 1.8
v 1.111265 -1.09046 1.8
v 1.081838 -1.185908 1.8
v 1.078507 -1.177458 1.8
v 1.07371 -1.221528 1.8
v 1.075772 -1.155156 1.8
v 1.07601 -1.148089 1.8
v 1.07371 -1.083656 1.8
v 1.081838 -1.261281 1.8
v 1.127893 -1.221528 1.8
v 1.081838 -1.221528 1.8
v 1.116883 -1.219263 1.8
v 1.104085 -1.213231 1.8
v 1.093171 -1.204164 1.8
v 1.084064 -1.191557 1.8
v 1.196575 -1.261281 1.8
v 1.139752 -1.222671 1.8
v 1.131579 -1.222286 1.8
v 1.07371 0.01126 1.8
v 1.07371 1.905579 1.8
v 1.029289 1.95 1.8
v 1.290153 0.01126 1.8
v 1.258545 1.720745 1.8
v 1.258545 0.01126 1.8
v 1.196575 1.782714 1.8
v 1.081838 1.897452 1.8
v 1.365068 1.65 1.8
v 1.329289 1.65 1.8
v 1.290153 1.689136 1.8
v 1.365068 0.01126 1.8
v 1.417108 0.01126 1.8
v 1.417108 1.65 1.8
v 1.459946 0.01126 1.8
v 1.459946 1.65 1.8
v 1.8 0.01126 1.8
v 1.8 1.65 1.8
v 1.365068 -1.490327 1.8
v 1.417108 -1.65 1.8
v 1.417108 -1.490327 1.8
v 1.459946 -1.65 1.8
v 1.459946 -1.490327 1.8
v 1.8 -1.65 1.8
v 1.8 -1.490327 1.8
v 1.029289 -1.95 1.8
v 1.07371 -1.905579 1.8
v 1.07371 -1.490327 1.8
v 1.081838 -1.897452 1.8
v 1.081838 -1.490327 1.8
v 1.196575 -1.782714 1.8
v 1.196575 -1.490327 1.8
v 1.258545 -1.720745 1.8
v 1.258545 -1.490327 1.8
v 1.290153 -1.689136 1.8
v 1.329289 -1.65 1.8
v 1.365068 -1.65 1.8
v -1.329289 -1.65 1.8
v -1.029289 -1.95 1.8
v -1.050905 1.339854 1.8
v -1.050833 1.333764 1.8
v -0.389087 1.95 1.8
v -1.257799 1.078212 1.8
v -1.296993 1.072938 1.8
v -1.8 0.01126 1.8
v -1.050854 1.330444 1.8
v -1.054396 1.290936 1.8
v -1.067741 1.42617 1.8
v -1.064599 1.41737 1.8
v -1.054806 1.378985 1.8
v -1.063831 1.252473 1.8
v -1.066591 1.244467 1.8
v -1.082873 1.208403 1.8
v -1.423723 1.569981 1.8
v -1.386791 1.584123 1.8
v -1.329289 1.65 1.8
v -1.348176 1.592498 1.8
v -1.251612 1.587918 1.8
v -1.213799 1.575799 1.8
v -1.029289 1.95 1.8
v -1.11169 1.501332 1.8
v -1.106309 1.494684 1.8
v -1.08433 1.461751 1.8
v -1.211905 1.092507 1.8
v -1.249463 1.080134 1.8
v -1.572174 1.309004 1.8
v -1.57292 1.348635 1.8
v -1.8 1.65 1.8
v -1.104339 1.175394 1.8
v -1.109891 1.16837 1.8
v -1.137177 1.139723 1.8
v -1.168204 1.115694 1.8
v -1.176454 1.110475 1.8
v -1.525333 1.182811 1.8
v -1.545673 1.21676 1.8
v -1.339518 1.593558 1.8
v -1.299977 1.594744 1.8
v -1.261013 1.589981 1.8
v -1.178489 1.558276 1.8
v -1.170872 1.553571 1.8
v -1.1393 1.529702 1.8
v -1.336479 1.073667 1.8
v -1.345192 1.074632 1.8
v -1.383941 1.082576 1.8
v -1.549391 1.224492 1.8
v -1.563203 1.261584 1.8
v -1.571168 1.300016 1.8
v -1.553468 1.433726 1.8
v -1.546921 1.448245 1.8
v -1.526956 1.482394 1.8
v -1.50228 1.512914 1.8
v -1.49549 1.51985 1.8
v -1.465116 1.5455 1.8
v -1.431428 1.566175 1.8
v -1.420776 1.096175 1.8
v -1.429471 1.100356 1.8
v -1.46349 1.120864 1.8
v -1.493835 1.146065 1.8
v -1.500102 1.152333 1.8
v -1.567762 1.387618 1.8
v -1.565782 1.396291 1.8
v 1.409666 -1.175337 1.8
v 1.402996 -1.189364 1.8
v 1.365068 -1.083656 1.8
v 1.365068 -1.088083 1.8
v 1.378697 -1.093059 1.8
v 1.365068 -1.216902 1.8
v 1.365068 -1.221528 1.8
v 1.378898 -1.211458 1.8
v 1.392898 -1.201391 1.8
v 1.392898 -1.102753 1.8
v 1.397582 -1.107324 1.8
v 1.406001 -1.119115 1.8
v 1.411046 -1.132017 1.8
v 1.413347 -1.150859 1.8
v 1.412944 -1.159457 1.8
v 1.341638 -1.0848 1.8
v 1.362332 -1.087084 1.8
v 1.36348 -1.217528 1.8
v 1.340252 -1.220384 1.8
v 1.30296 -1.220384 1.8
v 1.30296 -1.0848 1.8
v 1.133944 -1.434458 1.8
v 1.127741 -1.436619 1.8
v 1.148729 -1.435475 1.8
v 1.094732 -1.389345 1.8
v 1.097365 -1.36193 1.8
v 1.091345 -1.394213 1.8
v 1.089023 -1.400207 1.8
v 1.140143 -1.430412 1.8
v 1.108255 -1.436532 1.8
v 1.101778 -1.434043 1.8
v 1.081838 -1.436619 1.8
v 1.090867 -1.42314 1.8
v 1.088783 -1.417433 1.8
v 1.113382 -1.338539 1.8
v 1.100772 -1.343454 1.8
v 1.097365 -1.345432 1.8
v 1.13495 -1.350837 1.8
v 1.129112 -1.350215 1.8
v 1.120031 -1.377942 1.8
v 1.099927 -1.38483 1.8
v 1.107147 -1.381122 1.8
v 1.109133 -1.354541 1.8
v 1.119773 -1.351108 1.8
v 1.096221 -1.430138 1.8
v 1.094418 -1.428321 1.8
v 1.148729 -1.420503 1.8
v 1.148278 -1.420503 1.8
v 1.145524 -1.424675 1.8
v 1.196425 -1.382996 1.8
v 1.188725 -1.414541 1.8
v 1.196575 -1.383096 1.8
v 1.194831 -1.418366 1.8
v 1.196575 -1.419047 1.8
v 1.087903 -1.409551 1.8
v 1.087948 -1.407548 1.8
v 1.148729 -1.373922 1.8
v 1.148158 -1.366532 1.8
v 1.146413 -1.360436 1.8
v 1.144426 -1.356922 1.8
v 1.158175 -1.346962 1.8
v 1.161666 -1.352411 1.8
v 1.191293 -1.353679 1.8
v 1.164346 -1.360069 1.8
v 1.189396 -1.35916 1.8
v 1.130706 -1.336421 1.8
v 1.140756 -1.337309 1.8
v 1.147959 -1.339459 1.8
v 1.141869 -1.354178 1.8
v 1.138867 -1.352224 1.8
v 1.194316 -1.349064 1.8
v 1.153625 -1.342659 1.8
v 1.193646 -1.380091 1.8
v 1.191681 -1.377032 1.8
v 1.165711 -1.373159 1.8
v 1.189702 -1.371943 1.8
v 1.188829 -1.364772 1.8
v 1.126994 -1.436879 1.8
v 1.11798 -1.437759 1.8
v 1.108941 -1.436619 1.8
v 1.11861 -1.437763 1.8
v 1.188725 -1.432079 1.8
v 1.165711 -1.435475 1.8
v 1.196575 -1.43484 1.8
v 1.196575 -1.436619 1.8
v 1.200618 -1.436262 1.8
v 1.204034 -1.436619 1.8
v 1.214996 -1.437763 1.8
v 1.249481 -1.340719 1.8
v 1.249481 -1.357216 1.8
v 1.248442 -1.393122 1.8
v 1.251324 -1.397249 1.8
v 1.251504 -1.420822 1.8
v 1.24848 -1.425347 1.8
v 1.196575 -1.346992 1.8
v 1.199712 -1.344115 1.8
v 1.203827 -1.341582 1.8
v 1.212913 -1.338061 1.8
v 1.226537 -1.336421 1.8
v 1.258545 -1.261281 1.8
v 1.238451 -1.337478 1.8
v 1.243208 -1.430068 1.8
v 1.239356 -1.432446 1.8
v 1.253259 -1.402152 1.8
v 1.254125 -1.409135 1.8
v 1.25345 -1.415405 1.8
v 1.224874 -1.350215 1.8
v 1.219846 -1.350592 1.8
v 1.206331 -1.363247 1.8
v 1.215304 -1.351795 1.8
v 1.211496 -1.353819 1.8
v 1.206486 -1.365506 1.8
v 1.20716 -1.368144 1.8
v 1.208383 -1.370435 1.8
v 1.21004 -1.372258 1.8
v 1.216027 -1.376001 1.8
v 1.236747 -1.35166 1.8
v 1.226537 -1.380576 1.8
v 1.246354 -1.355385 1.8
v 1.233113 -1.383237 1.8
v 1.244392 -1.389509 1.8
v 1.208933 -1.356084 1.8
v 1.207477 -1.358245 1.8
v 1.206639 -1.360538 1.8
v 1.205453 -1.422517 1.8
v 1.214545 -1.392914 1.8
v 1.204423 -1.388274 1.8
v 1.21666 -1.423899 1.8
v 1.21741 -1.423895 1.8
v 1.225697 -1.397585 1.8
v 1.226115 -1.422919 1.8
v 1.236692 -1.410798 1.8
v 1.236526 -1.408686 1.8
v 1.230498 -1.421315 1.8
v 1.232046 -1.420375 1.8
v 1.233995 -1.418646 1.8
v 1.235477 -1.416453 1.8
v 1.236341 -1.414038 1.8
v 1.235754 -1.406034 1.8
v 1.234441 -1.403783 1.8
v 1.232325 -1.401579 1.8
v 1.338311 -1.338639 1.8
v 1.355918 -1.338639 1.8
v 1.365068 -1.261281 1.8
v 1.307257 -1.411422 1.8
v 1.309337 -1.419394 1.8
v 1.309787 -1.419394 1.8
v 1.290153 -1.261281 1.8
v 1.290153 -1.362219 1.8
v 1.311867 -1.411561 1.8
v 1.310567 -1.416075 1.8
v 1.290153 -1.436619 1.8
v 1.290153 -1.407804 1.8
v 1.262964 -1.338639 1.8
v 1.281956 -1.338639 1.8
v 1.300949 -1.435267 1.8
v 1.300377 -1.436619 1.8
v 1.293498 -1.452874 1.8
v 1.266464 -1.479699 1.8
v 1.266464 -1.464588 1.8
v 1.269938 -1.465727 1.8
v 1.276099 -1.466529 1.8
v 1.279349 -1.466245 1.8
v 1.283086 -1.465077 1.8
v 1.286267 -1.463133 1.8
v 1.284603 -1.480217 1.8
v 1.277416 -1.481086 1.8
v 1.273667 -1.480951 1.8
v 1.28972 -1.459587 1.8
v 1.290153 -1.458818 1.8
v 1.311971 -1.450101 1.8
v 1.31163 -1.45095 1.8
v 1.317286 -1.436619 1.8
v 1.303502 -1.466196 1.8
v 1.297252 -1.473295 1.8
v 1.297185 -1.473355 1.8
v 1.417108 -1.374407 1.8
v 1.39172 -1.374407 1.8
v 1.417108 -1.420017 1.8
v 1.39172 -1.420017 1.8
v 1.444055 -1.299891 1.8
v 1.444055 -1.315487 1.8
v 1.459946 -1.261281 1.8
v 1.447139 -1.420017 1.8
v 1.459946 -1.436619 1.8
v 1.447139 -1.435475 1.8
v 1.417108 -1.436619 1.8
v 1.440208 -1.374407 1.8
v 1.440208 -1.35888 1.8
v 1.417108 -1.35888 1.8
v 1.417108 -1.315487 1.8
v 1.39172 -1.315487 1.8
v 1.39172 -1.35888 1.8
v 1.417108 -1.435475 1.8
v 1.374218 -1.435475 1.8
v 1.365068 -1.436619 1.8
v 1.374218 -1.299891 1.8
v 1.417108 -1.299891 1.8
v 1.417108 -1.261281 1.8
v 0.943206 1.95 1.8
v 1.070227 -1.204926 1.8
v 1.070227 -1.220384 1.8
v 0.998726 -1.220384 1.8
v 0.998726 -1.0848 1.8
v 1.016229 -1.0848 1.8
v 1.016229 -1.204926 1.8
v 1.07371 -1.261281 1.8
v 1.61 -1.435475 1.8
v 1.590661 -1.435475 1.8
v 1.67949 -1.398391 1.8
v 1.623032 -1.398391 1.8
v 1.693319 -1.435475 1.8
v 1.8 -1.436619 1.8
v 1.661017 -1.299891 1.8
v 1.712659 -1.435475 1.8
v 1.579458 -1.390428 1.8
v 1.582736 -1.374548 1.8
v 1.642302 -1.299891 1.8
v 1.58314 -1.36595 1.8
v 1.580839 -1.347108 1.8
v 1.572789 -1.404456 1.8
v 1.562691 -1.416482 1.8
v 1.548691 -1.426549 1.8
v 1.472752 -1.299891 1.8
v 1.472752 -1.435475 1.8
v 1.510045 -1.435475 1.8
v 1.533273 -1.432619 1.8
v 1.562691 -1.317844 1.8
v 1.567375 -1.322415 1.8
v 1.575793 -1.334206 1.8
v 1.511431 -1.299891 1.8
v 1.532125 -1.302175 1.8
v 1.548489 -1.308151 1.8
v 1.07371 -1.436619 1.8
v 0.998726 -1.435475 1.8
v 1.071648 -1.435475 1.8
v 1.071648 -1.420017 1.8
v 1.068563 -1.315487 1.8
v 0.998726 -1.299891 1.8
v 1.068563 -1.299891 1.8
v 1.016229 -1.374407 1.8
v 1.016229 -1.420017 1.8
v 1.064716 -1.374407 1.8
v 1.064716 -1.35888 1.8
v 1.016229 -1.35888 1.8
v 1.016229 -1.315487 1.8
v -1.8 -1.083656 1.8
v -1.8 -1.221528 1.8
v -1.8 -1.261281 1.8
v -1.8 -1.436619 1.8
v -1.8 -1.490327 1.8
v -1.8 -1.65 1.8
v 1.72429 0.150856 0.685714
v 1.723434 0.157361 0.685714
v 1.716876 0.156773 0.830483
newmtl 3
Ka 0.0 0.0 0.0
Kd 0.0 0.0 0.0
Ks 0.0 0.0 0.0
d 0.0
endmtl
v 1.704581 0.300564 0.685714
v 1.70174 0.313377 0.685714
v 1.695507 0.312248 0.830483
v 1.671898 0.447984 0.685714
v 1.665978 0.46676 0.685714
v 1.660088 0.465135 0.830483
v 1.498983 0.865438 0.685714
v 1.477823 0.898653 0.685714
v 1.473036 0.895773 0.830483
v 1.417851 0.99279 0.685714
v 1.389879 1.029243 0.685714
v 1.385476 1.026012 0.830483
v 1.325928 1.112586 0.685714
v 1.29045 1.151304 0.685714
v 1.286435 1.147749 0.830483
v 1.223915 1.223915 0.685714
v 1.180355 1.26383 0.685714
v 1.176735 1.259975 0.830483
v 1.112586 1.325928 0.685714
v 1.060503 1.365893 0.685714
v 1.057284 1.361761 0.830483
v 0.99279 1.417851 0.685714
v 0.931884 1.456653 0.685714
v 0.929072 1.452263 0.830483
v 0.865438 1.498983 0.685714
v 0.795557 1.535361 0.685714
v 0.793161 1.530731 0.830483
v 0.7315 1.568707 0.685714
v 0.652646 1.601369 0.685714
v 0.650678 1.596515 0.830483
v 0.591995 1.626492 0.685714
v 0.504331 1.654132 0.685714
v 0.502803 1.64907 0.830483
v 0.447984 1.671898 0.685714
v 0.351834 1.693214 0.685714
v 0.350762 1.68796 0.830483
v 0.300564 1.704581 0.685714
v 0.196411 1.718293 0.685714
v 0.195814 1.712863 0.830483
v 0.150856 1.72429 0.685714
v 0.039345 1.729159 0.685714
v 0.039244 1.723573 0.830483
v -0.0 1.730877 0.685714
v -0.11807 1.725721 0.685714
v -0.117651 1.72 0.830483
v -0.150856 1.72429 0.685714
v -0.274536 1.708007 0.685714
v -0.273572 1.702175 0.830483
v -0.300564 1.704581 0.685714
v -0.428763 1.67616 0.685714
v -0.427225 1.670246 0.830483
v -0.447984 1.671898 0.685714
v -0.579478 1.630438 0.685714
v -0.577339 1.624476 0.830483
v -0.591995 1.626492 0.685714
v -0.725438 1.571218 0.685714
v -0.722668 1.565245 0.830483
v -0.7315 1.568707 0.685714
v -0.865438 1.498983 0.685714
v -0.86201 1.493044 0.830483
v -0.99279 1.417851 0.685714
v -0.997996 1.413857 0.685714
v -0.994208 1.408472 0.830483
v -1.112586 1.325928 0.685714
v -1.122262 1.317062 0.685714
v -1.118168 1.312228 0.830483
v -1.223915 1.223915 0.685714
v -1.237215 1.209399 0.685714
v -1.232863 1.205111 0.830483
v -1.325928 1.112586 0.685714
v -1.34191 1.091759 0.685714
v -1.337341 1.088008 0.830483
v -1.417851 0.99279 0.685714
v -1.435484 0.965113 0.685714
v -1.430738 0.961889 0.830483
v -1.498983 0.865438 0.685714
v -1.517168 0.830506 0.685714
v -1.51228 0.8278 0.830483
v -1.704581 0.300564 0.685714
v -1.71315 0.235476 0.685714
v -1.707962 0.234754 0.830483
v -1.72429 0.150856 0.685714
v -1.72744 0.078708 0.685714
v -1.722233 0.078468 0.830483
v -1.730877 0.0 0.685714
v -1.72744 -0.078708 0.685714
v -1.722233 -0.078468 0.830483
v -1.72429 -0.150856 0.685714
v -1.71315 -0.235476 0.685714
v -1.707962 -0.234754 0.830483
v -1.704581 -0.300564 0.685714
v -1.684686 -0.390302 0.685714
v -1.679538 -0.389095 0.830483
v -1.671898 -0.447984 0.685714
v -1.642284 -0.54191 0.685714
v -1.637197 -0.540211 0.830483
v -1.626492 -0.591995 0.685714
v -1.586291 -0.689049 0.685714
v -1.58129 -0.686851 0.830483
v -1.568707 -0.7315 0.685714
v -1.517168 -0.830506 0.685714
v -1.51228 -0.8278 0.830483
v -1.498983 -0.865438 0.685714
v -1.435484 -0.965113 0.685714
v -1.430738 -0.961889 0.830483
v -1.417851 -0.99279 0.685714
v -1.34191 -1.091759 0.685714
v -1.337341 -1.088008 0.830483
v -1.325928 -1.112586 0.685714
v -1.237215 -1.209399 0.685714
v -1.232863 -1.205111 0.830483
v -1.223915 -1.223915 0.685714
v -1.122262 -1.317062 0.685714
v -1.118168 -1.312228 0.830483
v -1.112586 -1.325928 0.685714
v -0.997996 -1.413857 0.685714
v -0.994208 -1.408472 0.830483
v -0.99279 -1.417851 0.685714
v -0.865438 -1.498983 0.685714
v -0.86201 -1.493044 0.830483
v -0.7315 -1.568707 0.685714
v -0.725438 -1.571218 0.685714
v -0.722668 -1.565245 0.830483
v -0.591995 -1.626492 0.685714
v -0.579478 -1.630438 0.685714
v -0.577339 -1.624476 0.830483
v -0.447984 -1.671898 0.685714
v -0.428763 -1.67616 0.685714
v -0.427225 -1.670246 0.830483
v -0.300564 -1.704581 0.685714
v -0.274536 -1.708007 0.685714
v -0.273572 -1.702175 0.830483
v -0.150856 -1.72429 0.685714
v -0.11807 -1.725721 0.685714
v -0.117651 -1.72 0.830483
v 0.0 -1.730877 0.685714
v 0.039345 -1.729159 0.685714
v 0.039244 -1.723573 0.830483
v 0.150856 -1.72429 0.685714
v 0.196411 -1.718293 0.685714
v 0.195814 -1.712863 0.830483
v 0.300564 -1.704581 0.685714
v 0.351834 -1.693214 0.685714
v 0.350762 -1.68796 0.830483
v 0.447984 -1.671898 0.685714
v 0.504331 -1.654132 0.685714
v 0.502803 -1.64907 0.830483
v 0.591995 -1.626492 0.685714
v 0.652646 -1.601369 0.685714
v 0.650678 -1.596515 0.830483
v 0.7315 -1.568707 0.685714
v 0.795557 -1.535361 0.685714
v 0.793161 -1.530731 0.830483
v 0.865438 -1.498983 0.685714
v 0.931884 -1.456653 0.685714
v 0.929072 -1.452263 0.830483
v 0.99279 -1.417851 0.685714
v 1.060503 -1.365893 0.685714
v 1.057284 -1.361761 0.830483
v 1.112586 -1.325928 0.685714
v 1.180355 -1.26383 0.685714
v 1.176735 -1.259975 0.830483
v 1.223915 -1.223915 0.685714
v 1.29045 -1.151304 0.685714
v 1.286435 -1.147749 0.830483
v 1.325928 -1.112586 0.685714
v 1.389879 -1.029243 0.685714
v 1.385476 -1.026012 0.830483
v 1.417851 -0.99279 0.685714
v 1.477823 -0.898653 0.685714
v 1.473036 -0.895773 0.830483
v 1.498983 -0.865438 0.685714
v 1.553554 -0.760609 0.685714
v 1.54839 -0.758111 0.830483
v 1.568707 -0.7315 0.685714
v 1.616446 -0.616248 0.685714
v 1.610913 -0.614168 0.830483
v 1.626492 -0.591995 0.685714
v 1.665978 -0.46676 0.685714
v 1.660088 -0.465135 0.830483
v 1.671898 -0.447984 0.685714
v 1.70174 -0.313377 0.685714
v 1.695507 -0.312248 0.830483
v 1.704581 -0.300564 0.685714
v 1.723434 -0.157361 0.685714
v 1.716876 -0.156773 0.830483
v 1.72429 -0.150856 0.685714
v 1.730877 0.0 0.685714
v 1.724019 0.0 0.830483
v 1.473157 0.895847 0.975413
v 1.548517 0.758174 0.975413
v 1.54839 0.758111 0.830483
v -1.708103 0.234773 0.975413
v -1.679677 0.389127 0.975413
v -1.679538 0.389095 0.830483
v 1.730769 0.031403 1.116745
v 1.730507 5.0E-6 1.116698
v 1.724162 0.0 0.975413
v 1.724341 -0.151447 1.115715
v 1.723702 -0.157395 1.115641
v 1.717018 -0.156786 0.975413
v 1.703649 -0.305801 1.114286
v 1.701936 -0.313419 1.114286
v 1.695647 -0.312274 0.975413
v 1.670601 -0.452799 1.114286
v 1.66614 -0.46681 1.114286
v 1.660225 -0.465173 0.975413
v 1.624894 -0.596366 1.114286
v 1.616577 -0.6163 1.114286
v 1.611046 -0.614218 0.975413
v 1.566875 -0.735415 1.114286
v 1.553657 -0.76066 1.114286
v 1.548517 -0.758174 0.975413
v 1.496984 -0.868891 1.114286
v 1.477901 -0.8987 1.114286
v 1.473157 -0.895847 0.975413
v 1.41575 -0.995784 1.114286
v 1.389937 -1.029284 1.114286
v 1.38559 -1.026096 0.975413
v 1.323789 -1.115131 1.114286
v 1.29049 -1.151337 1.114286
v 1.286541 -1.147844 0.975413
v 1.221797 -1.226029 1.114286
v 1.180381 -1.263855 1.114286
v 1.176832 -1.260079 0.975413
v 1.110547 -1.327636 1.114286
v 1.060519 -1.36591 1.114286
v 1.057371 -1.361874 0.975413
v 0.990883 -1.419185 1.114286
v 0.931892 -1.456662 1.114286
v 0.929148 -1.452383 0.975413
v 0.86371 -1.499979 1.114286
v 0.79556 -1.535365 1.114286
v 0.793227 -1.530858 0.975413
v 0.729993 -1.569409 1.114286
v 0.652647 -1.601368 1.114286
v 0.650732 -1.596647 0.975413
v 0.590745 -1.626946 1.114286
v 0.504331 -1.654129 1.114286
v 0.502845 -1.649206 0.975413
v 0.44702 -1.672156 1.114286
v 0.351834 -1.693211 1.114286
v 0.350791 -1.688099 0.975413
v 0.299909 -1.704696 1.114286
v 0.196411 -1.718291 1.114286
v 0.195831 -1.713004 0.975413
v 0.150525 -1.724319 1.114286
v 0.039345 -1.729163 1.114286
v 0.039247 -1.723715 0.975413
v 0.0 -1.730877 1.114286
v -0.118071 -1.725733 1.114286
v -0.117661 -1.720142 0.975413
v -0.150525 -1.724319 1.114286
v -0.274539 -1.708028 1.114286
v -0.273594 -1.702316 0.975413
v -0.299909 -1.704696 1.114286
v -0.428771 -1.676193 1.114286
v -0.427261 -1.670384 0.975413
v -0.44702 -1.672156 1.114286
v -0.579493 -1.630486 1.114286
v -0.577387 -1.62461 0.975413
v -0.86371 -1.499979 1.114286
v -0.865392 -1.498911 1.114286
v -0.862081 -1.493168 0.975413
v -0.990883 -1.419185 1.114286
v -0.997941 -1.413785 1.114286
v -0.99429 -1.408588 0.975413
v -1.110547 -1.327636 1.114286
v -1.1222 -1.316993 1.114286
v -1.11826 -1.312337 0.975413
v -1.221797 -1.226029 1.114286
v -1.237149 -1.209336 1.114286
v -1.232964 -1.205211 0.975413
v -1.323789 -1.115131 1.114286
v -1.341841 -1.091704 1.114286
v -1.337452 -1.088098 0.975413
v -1.41575 -0.995784 1.114286
v -1.435415 -0.965066 1.114286
v -1.430857 -0.961969 0.975413
v -1.496984 -0.868891 1.114286
v -1.517103 -0.830468 1.114286
v -1.512405 -0.827868 0.975413
v -1.566875 -0.735415 1.114286
v -1.586233 -0.689021 1.114286
v -1.581421 -0.686908 0.975413
v -1.624894 -0.596366 1.114286
v -1.642237 -0.541891 1.114286
v -1.637332 -0.540256 0.975413
v -1.726662 -0.122521 1.116054
v -1.728635 -0.07876 1.116386
v -1.722375 -0.078475 0.975413
v -1.730009 0.059842 1.116609
v -1.728839 0.078763 1.116424
v -1.722375 0.078475 0.975413
v -1.496984 0.868891 1.114286
v -1.435415 0.965066 1.114286
v -1.430857 0.961969 0.975413
v -1.41575 0.995784 1.114286
v -1.341841 1.091704 1.114286
v -1.337452 1.088098 0.975413
v -1.323789 1.115131 1.114286
v -1.237149 1.209336 1.114286
v -1.232964 1.205211 0.975413
v -1.221797 1.226029 1.114286
v -1.1222 1.316993 1.114286
v -1.11826 1.312337 0.975413
v -1.110547 1.327636 1.114286
v -0.997941 1.413785 1.114286
v -0.99429 1.408588 0.975413
v -0.990883 1.419185 1.114286
v -0.865392 1.498911 1.114286
v -0.862081 1.493168 0.975413
v -0.729993 1.569409 1.114286
v -0.725464 1.57128 1.114286
v -0.722728 1.565375 0.975413
v -0.590745 1.626946 1.114286
v -0.579493 1.630486 1.114286
v -0.577387 1.62461 0.975413
v -0.44702 1.672156 1.114286
v -0.428771 1.676193 1.114286
v -0.427261 1.670384 0.975413
v -0.299909 1.704696 1.114286
v -0.274539 1.708028 1.114286
v -0.273594 1.702316 0.975413
v -0.150525 1.724319 1.114286
v -0.118071 1.725733 1.114286
v -0.117661 1.720142 0.975413
v 0.0 1.730877 1.114286
v 0.039345 1.729163 1.114286
v 0.039247 1.723715 0.975413
v 0.150525 1.724319 1.114286
v 0.196411 1.718291 1.114286
v 0.195831 1.713004 0.975413
v 0.299909 1.704696 1.114286
v 0.351834 1.693211 1.114286
v 0.350791 1.688099 0.975413
v 0.44702 1.672156 1.114286
v 0.504331 1.654129 1.114286
v 0.502845 1.649206 0.975413
v 0.590745 1.626946 1.114286
v 0.652647 1.601368 1.114286
v 0.650732 1.596647 0.975413
v 0.729993 1.569409 1.114286
v 0.79556 1.535365 1.114286
v 0.793227 1.530858 0.975413
v 0.86371 1.499979 1.114286
v 0.931892 1.456662 1.114286
v 0.929148 1.452383 0.975413
v 0.990883 1.419185 1.114286
v 1.060519 1.36591 1.114286
v 1.057371 1.361874 0.975413
v 1.110547 1.327636 1.114286
v 1.180381 1.263855 1.114286
v 1.176832 1.260079 0.975413
v 1.221797 1.226029 1.114286
v 1.29049 1.151337 1.114286
v 1.286541 1.147844 0.975413
v 1.323789 1.115131 1.114286
v 1.389937 1.029284 1.114286
v 1.38559 1.026096 0.975413
v 1.670601 0.452799 1.114286
v 1.701936 0.313419 1.114286
v 1.695647 0.312274 0.975413
v 1.556699 0.741827 0.815
v 1.553957 0.747924 0.809496
v 1.551704 0.753058 0.802941
v 1.550708 0.75545 0.798386
v 1.550118 0.757053 0.793433
v 1.55 0.757577 0.79
v 1.550101 0.757639 0.786826
v 1.553554 0.760609 0.685714
v 1.550679 0.756899 0.781789
v 1.551704 0.75523 0.777059
v 1.553966 0.7512 0.770483
v 1.556699 0.746082 0.765
v 1.560568 0.738572 0.759257
v 1.564645 0.730417 0.754645
v 1.568707 0.7315 0.685714
v 1.6 0.651306 0.74
v 1.616446 0.616248 0.685714
v 1.587059 0.682004 0.741704
v 1.575 0.708776 0.746699
v 1.612941 0.608338 0.838296
v 1.610648 0.614064 0.838296
v 1.611046 0.614218 0.975413
v 1.6 0.640657 0.838296
v 1.587059 0.672976 0.838296
v 1.575 0.700997 0.833301
v 1.571327 0.709249 0.830483
v 1.564645 0.724261 0.825355
v 1.6125 0.618212 0.743349
v 1.613635 0.615207 0.743654
v 1.626492 0.591995 0.685714
v 1.625 0.585119 0.746699
v 1.635355 0.554287 0.754645
v 1.643301 0.528687 0.765
v 1.645977 0.519511 0.770351
v 1.648296 0.511152 0.777059
v 1.649031 0.508345 0.780204
v 1.649604 0.50601 0.783721
v 1.649864 0.504823 0.786313
v 1.65 0.503907 0.79
v 1.649961 0.503789 0.791975
v 1.649845 0.503928 0.793927
v 1.6494 0.504933 0.79772
v 1.648976 0.506047 0.800066
v 1.648296 0.507937 0.802941
v 1.645964 0.514739 0.80968
v 1.643301 0.522665 0.815
v 1.635355 0.546151 0.825355
v 1.628673 0.5652 0.830483
v -1.556699 0.746082 0.765
v -1.553956 0.751219 0.770507
v -1.568707 0.7315 0.685714
v -1.564645 0.730417 0.754645
v -1.560571 0.738566 0.759254
v -1.551704 0.75523 0.777059
v -1.550677 0.756902 0.7818
v -1.550101 0.757639 0.786826
v -1.55 0.757577 0.79
v -1.550119 0.757048 0.793453
v -1.550466 0.75607 0.79681
v -1.551704 0.753058 0.802941
v -1.553961 0.747917 0.809503
v -1.556699 0.741827 0.815
v -1.564645 0.724261 0.825355
v -1.571327 0.709249 0.830483
v -1.626492 0.591995 0.685714
v -1.642284 0.54191 0.685714
v -1.635355 0.554287 0.754645
v -1.6 0.651306 0.74
v -1.586291 0.689049 0.685714
v -1.6125 0.618212 0.743349
v -1.625 0.585119 0.746699
v -1.587059 0.682004 0.741704
v -1.584289 0.688153 0.742851
v -1.575 0.708776 0.746699
v -1.643301 0.522665 0.815
v -1.645957 0.514759 0.809696
v -1.637348 0.54026 0.822758
v -1.648296 0.507937 0.802941
v -1.649051 0.505847 0.799697
v -1.64963 0.504376 0.79607
v -1.649878 0.503875 0.793488
v -1.65 0.503907 0.79
v -1.684686 0.390302 0.685714
v -1.649863 0.504825 0.786306
v -1.649493 0.506481 0.782899
v -1.671898 0.447984 0.685714
v -1.648296 0.511152 0.777059
v -1.645973 0.519527 0.770341
v -1.643301 0.528687 0.765
v -1.639489 0.540968 0.760032
v -1.581421 0.686908 0.975413
v -1.58112 0.686777 0.835836
v -1.587059 0.672976 0.838296
v -1.6 0.641509 0.84
v -1.6125 0.60859 0.836651
v -1.637332 0.540256 0.975413
v -1.625 0.575671 0.833301
v -1.628673 0.5652 0.830483
v -1.637197 0.540211 0.830483
v -1.635355 0.546151 0.825355
v 1.66614 0.46681 1.114286
v 1.660225 0.465173 0.975413
v 1.624894 0.596366 1.114286
v 1.616577 0.6163 1.114286
v 1.566875 0.735415 1.114286
v 1.41575 0.995784 1.114286
v 1.477901 0.8987 1.114286
v 1.496984 0.868891 1.114286
v 1.553657 0.76066 1.114286
v -0.86371 1.499979 1.114286
v -1.517103 0.830468 1.114286
v -1.512405 0.827868 0.975413
v -1.566875 0.735415 1.114286
v -1.586233 0.689021 1.114286
v -1.624894 0.596366 1.114286
v -1.642237 0.541891 1.114286
v -1.703649 0.305801 1.114286
v -1.684654 0.39029 1.114286
v -1.670601 0.452799 1.114286
v -1.724341 0.151447 1.115715
v -1.717448 0.215552 1.11492
v -1.714378 0.23563 1.114779
v -1.730769 -0.031403 1.116745
v -1.684654 -0.39029 1.114286
v -1.703649 -0.305801 1.114286
v -1.708103 -0.234773 0.975413
v -1.714337 -0.235623 1.114787
v -1.717708 -0.213491 1.114944
v -0.590745 -1.626946 1.114286
v -0.725464 -1.57128 1.114286
v -0.722728 -1.565375 0.975413
v -0.729993 -1.569409 1.114286
v 1.717448 -0.215552 1.11492
v 1.730009 -0.059842 1.116609
v 1.703649 0.305801 1.114286
v 1.717708 0.213491 1.114944
v 1.717018 0.156786 0.975413
v 1.723234 0.15735 1.115629
v 1.726662 0.122521 1.116054
v -1.679677 -0.389127 0.975413
v -1.670601 -0.452799 1.114286
v -1.575 0.700997 0.833301
v 1.625 0.575671 0.833301
v -1.57892 1.110551 1.3
v -1.669517 0.969034 1.3
v -1.85 1.65 1.3
v -1.747463 0.820174 1.3
v -1.812168 0.6651 1.3
v -1.85 0.551191 1.3
v 1.85 0.551191 1.3
v 1.812168 0.6651 1.3
v 1.85 1.65 1.3
v 1.747463 0.820174 1.3
v 1.669517 0.969034 1.3
v -1.848296 1.662941 1.3
v -1.362613 1.367332 1.3
v -1.47636 1.243653 1.3
v -1.843301 1.675 1.3
v -1.835355 1.685355 1.3
v -1.825 1.693301 1.3
v 0.814127 1.750288 1.3
v 0.65883 1.814457 1.3
v 1.029289 2.0 1.3
v 0.498541 1.864878 1.3
v 0.334474 1.901168 1.3
v 1.35 1.7 1.3
v 1.105085 1.58275 1.3
v 1.064645 1.985355 1.3
v 0.963256 1.672857 1.3
v 1.054289 1.993301 1.3
v 0.167873 1.923052 1.3
v 0.0 1.930366 1.3
v -1.029289 2.0 1.3
v -0.167873 1.923052 1.3
v -0.334474 1.901168 1.3
v -0.498541 1.864878 1.3
v 1.04223 1.998296 1.3
v 1.812941 1.698296 1.3
v 1.47636 1.243653 1.3
v 1.8 1.7 1.3
v 1.362613 1.367332 1.3
v 1.238541 1.480651 1.3
v 1.825 1.693301 1.3
v 1.835355 1.685355 1.3
v 1.843301 1.675 1.3
v 1.57892 1.110551 1.3
v 1.848296 1.662941 1.3
v -1.35 1.7 1.3
v -1.064645 1.985355 1.3
v -0.963256 1.672857 1.3
v -1.812941 1.698296 1.3
v -1.8 1.7 1.3
v -1.238541 1.480651 1.3
v -1.105085 1.58275 1.3
v -0.65883 1.814457 1.3
v -0.814127 1.750288 1.3
v -1.04223 1.998296 1.3
v -1.054289 1.993301 1.3
v 2.0 1.9 0.5
v 2.0 -1.9 0.5
v 1.55 2.0 0.24
v 1.550275 2.0 0.2
v 1.55 2.0 0.5
v 0.8 2.0 0.0
v -0.8 2.0 0.0
v -1.550275 2.0 0.2
v -1.55026 2.0 0.200571
v -1.55 2.0 0.24
v -1.55 2.0 0.5
v 1.9 -2.0 0.5
v -1.9 -2.0 0.5
v 0.8 -2.0 0.0
v -0.8 -2.0 0.0
v -2.0 1.9 0.5
v -2.0 -1.9 0.5
v 1.9 2.0 0.5
v 1.65 2.0 0.5
v 1.648296 1.987059 0.5
v 1.643301 1.975 0.5
v 1.635355 1.964645 0.5
v -1.901039 0.335205 0.5
v -1.564645 1.964645 0.5
v -1.575 1.956699 0.5
v 1.997493 1.922252 0.5
v 1.990097 1.943388 0.5
v 1.978183 1.962349 0.5
v 1.962349 1.978183 0.5
v 1.922252 1.997493 0.5
v 1.943388 1.990097 0.5
v 1.478746 1.240815 0.5
v 1.364975 1.364975 0.5
v 1.240815 1.478746 0.5
v -1.587059 1.951704 0.5
v -1.6 1.95 0.5
v -1.612941 1.951704 0.5
v -1.648296 1.987059 0.5
v -1.65 2.0 0.5
v 1.625 1.956699 0.5
v 1.612941 1.951704 0.5
v 1.6 1.95 0.5
v -0.499615 1.86459 0.5
v -0.335205 1.901039 0.5
v 1.749506 -0.815808 0.5
v 1.671746 -0.965183 0.5
v 1.581263 1.107212 0.5
v 1.671746 0.965183 0.5
v 1.749506 0.815808 0.5
v 1.813951 0.660224 0.5
v 1.86459 0.499615 0.5
v 1.901039 0.335205 0.5
v -1.86459 0.499615 0.5
v -1.813951 0.660224 0.5
v -1.749506 0.815808 0.5
v -1.478746 1.240815 0.5
v -1.364975 1.364975 0.5
v -1.240815 1.478746 0.5
v -1.556699 1.975 0.5
v -1.930366 -0.0 0.5
v -1.92302 0.168242 0.5
v -1.671746 0.965183 0.5
v -1.581263 1.107212 0.5
v -1.625 1.956699 0.5
v -1.635355 1.964645 0.5
v -1.643301 1.975 0.5
v -1.9 2.0 0.5
v -1.922252 1.997493 0.5
v -1.943388 1.990097 0.5
v -1.962349 1.978183 0.5
v -1.978183 1.962349 0.5
v -1.997493 1.922252 0.5
v -1.990097 1.943388 0.5
v -1.107212 1.581263 0.5
v -0.965183 1.671746 0.5
v -1.551704 1.987059 0.5
v -0.815808 1.749506 0.5
v -0.660224 1.813951 0.5
v -0.168242 1.92302 0.5
v -0.0 1.930366 0.5
v 0.168242 1.92302 0.5
v 0.335205 1.901039 0.5
v 1.92302 0.168242 0.5
v 1.930366 0.0 0.5
v 1.92302 -0.168242 0.5
v 1.901039 -0.335205 0.5
v 1.978183 -1.962349 0.5
v 1.364975 -1.364975 0.5
v 1.962349 -1.978183 0.5
v 1.943388 -1.990097 0.5
v 1.240815 -1.478746 0.5
v 1.107212 -1.581263 0.5
v 0.965183 -1.671746 0.5
v 0.815808 -1.749506 0.5
v 1.587059 1.951704 0.5
v 1.575 1.956699 0.5
v 1.107212 1.581263 0.5
v 1.564645 1.964645 0.5
v 0.965183 1.671746 0.5
v 1.556699 1.975 0.5
v 0.815808 1.749506 0.5
v 1.551704 1.987059 0.5
v 0.660224 1.813951 0.5
v 0.499615 1.86459 0.5
v 1.86459 -0.499615 0.5
v 1.813951 -0.660224 0.5
v 1.581263 -1.107212 0.5
v 1.478746 -1.240815 0.5
v 1.997493 -1.922252 0.5
v 1.990097 -1.943388 0.5
v 1.922252 -1.997493 0.5
v 0.660224 -1.813951 0.5
v 0.499615 -1.86459 0.5
v 0.335205 -1.901039 0.5
v 0.168242 -1.92302 0.5
v 0.0 -1.930366 0.5
v -0.168242 -1.92302 0.5
v -0.335205 -1.901039 0.5
v -0.499615 -1.86459 0.5
v -0.660224 -1.813951 0.5
v -0.815808 -1.749506 0.5
v -0.965183 -1.671746 0.5
v -1.671746 -0.965183 0.5
v -1.581263 -1.107212 0.5
v -1.478746 -1.240815 0.5
v -1.749506 -0.815808 0.5
v -1.813951 -0.660224 0.5
v -1.86459 -0.499615 0.5
v -1.901039 -0.335205 0.5
v -1.92302 -0.168242 0.5
v -1.962349 -1.978183 0.5
v -1.364975 -1.364975 0.5
v -1.978183 -1.962349 0.5
v -1.990097 -1.943388 0.5
v -1.107212 -1.581263 0.5
v -1.240815 -1.478746 0.5
v -1.922252 -1.997493 0.5
v -1.943388 -1.990097 0.5
v -1.997493 -1.922252 0.5
v -1.649724 2.0 0.2
v -1.649714 1.999336 0.2
v -1.592135 1.94233 0.2
v -1.597065 1.941746 0.2
v -1.599988 1.941906 0.2
v -1.551935 1.981161 0.2
v -1.551132 1.983561 0.2
v -1.550315 1.988749 0.2
v -1.649534 1.987489 0.2
v -1.649642 1.994556 0.2
v -1.635301 1.957493 0.2
v -1.633414 1.955475 0.2
v -1.624851 1.94914 0.2
v -1.550294 1.994554 0.2
v -1.550278 1.99933 0.2
v -1.644264 1.970269 0.2
v -1.64313 1.968538 0.2
v -1.637291 1.959623 0.2
v -1.622808 1.947629 0.2
v -1.612375 1.943346 0.2
v -1.607939 1.942343 0.2
v -1.557292 1.967371 0.2
v -1.556731 1.968443 0.2
v -1.555228 1.971316 0.2
v -1.647921 1.981172 0.2
v -1.646339 1.974975 0.2
v -1.575145 1.949143 0.2
v -1.567722 1.954415 0.2
v -1.564913 1.957156 0.2
v -1.587143 1.943832 0.2
v -1.581355 1.945574 0.2
v -1.577569 1.947422 0.2
newmtl 4
Ka 0.5019607843137255 0.25098039215686274 0.0
Kd 0.5019607843137255 0.25098039215686274 0.0
Ks 0.44313725490196076 0.2196078431372549 0.0
d 0.0
endmtl
v 1.550286 1.999336 0.2
v 1.648065 1.981161 0.2
v 1.648868 1.983561 0.2
v 1.566586 1.955475 0.2
v 1.564699 1.957493 0.2
v 1.562709 1.959623 0.2
v 1.592061 1.942343 0.2
v 1.600012 1.941906 0.2
v 1.550358 1.994556 0.2
v 1.550466 1.987489 0.2
v 1.552078 1.981172 0.2
v 1.575149 1.94914 0.2
v 1.577191 1.947629 0.2
v 1.587625 1.943346 0.2
v 1.635087 1.957156 0.2
v 1.642708 1.967371 0.2
v 1.602935 1.941746 0.2
v 1.607865 1.94233 0.2
v 1.612857 1.943832 0.2
v 1.618645 1.945574 0.2
v 1.622431 1.947422 0.2
v 1.643269 1.968443 0.2
v 1.644772 1.971316 0.2
v 1.649685 1.988749 0.2
v 1.553661 1.974975 0.2
v 1.555736 1.970269 0.2
v 1.55687 1.968538 0.2
v 1.649724 2.0 0.2
v 1.649722 1.99933 0.2
v 1.649706 1.994554 0.2
v 1.624855 1.949143 0.2
v 1.632278 1.954415 0.2
v 1.064645 -1.985355 1.75
v 1.064645 -1.985355 1.3
v 1.35 -1.7 1.75
v 1.35 -1.7 1.3
v 1.8 -1.7 1.75
v 1.8 -1.7 1.3
v 1.8 1.7 1.75
v 1.35 1.7 1.75
v 1.064645 1.985355 1.75
v 1.029289 2.0 1.75
v -1.029289 2.0 1.75
v -1.064645 1.985355 1.75
v -1.35 1.7 1.75
v -1.8 1.7 1.75
v -1.8 -1.7 1.75
v -1.8 -1.7 1.3
v -1.35 -1.7 1.75
v -1.35 -1.7 1.3
v -1.064645 -1.985355 1.75
v -1.064645 -1.985355 1.3
v 1.029289 -2.0 1.75
v -1.029289 -2.0 1.75
v 1.029289 -2.0 1.3
v -1.029289 -2.0 1.3
v 1.57892 -1.110551 1.3
v 1.669517 -0.969034 1.3
v 1.85 -1.65 1.3
v 1.747463 -0.820174 1.3
v 1.812168 -0.6651 1.3
v 1.85 -0.551191 1.3
v -1.47636 -1.243653 1.3
v -1.85 -1.65 1.3
v -1.57892 -1.110551 1.3
v -1.669517 -0.969034 1.3
v -1.362613 -1.367332 1.3
v 0.334474 -1.901168 1.3
v 0.498541 -1.864878 1.3
v -1.85 -0.551191 1.3
v -1.812168 -0.6651 1.3
v -1.747463 -0.820174 1.3
v 1.848296 -1.662941 1.3
v 1.362613 -1.367332 1.3
v 1.47636 -1.243653 1.3
v 1.843301 -1.675 1.3
v 1.835355 -1.685355 1.3
v 1.825 -1.693301 1.3
v 1.812941 -1.698296 1.3
v 1.238541 -1.480651 1.3
v 1.105085 -1.58275 1.3
v -0.65883 -1.814457 1.3
v -0.498541 -1.864878 1.3
v -0.334474 -1.901168 1.3
v 0.65883 -1.814457 1.3
v 0.814127 -1.750288 1.3
v 1.039044 -1.999039 1.3
v 1.048423 -1.996194 1.3
v -1.812941 -1.698296 1.3
v -1.825 -1.693301 1.3
v -1.835355 -1.685355 1.3
v -0.167873 -1.923052 1.3
v 0.0 -1.930366 1.3
v 0.167873 -1.923052 1.3
v 0.963256 -1.672857 1.3
v 1.057068 -1.991573 1.3
v -1.843301 -1.675 1.3
v -1.848296 -1.662941 1.3
v -1.04223 -1.998296 1.3
v -0.963256 -1.672857 1.3
v -0.814127 -1.750288 1.3
v -1.238541 -1.480651 1.3
v -1.105085 -1.58275 1.3
v -1.054289 -1.993301 1.3
v -1.733982 0.151704 0.636826
v -1.714162 0.302253 0.636826
v -1.681296 0.450502 0.636826
v -1.635634 0.595322 0.636826
v -1.577524 0.735612 0.636826
v -1.507408 0.870303 0.636826
v -1.42582 0.99837 0.636826
v -1.333381 1.11884 0.636826
v -1.230794 1.230794 0.636826
v -1.11884 1.333381 0.636826
v -0.450502 1.681296 0.636826
v -0.302253 1.714162 0.636826
v -0.151704 1.733982 0.636826
v -0.0 1.740605 0.636826
v 0.151704 1.733982 0.636826
v 0.302253 1.714162 0.636826
v 0.450502 1.681296 0.636826
v 0.595322 1.635634 0.636826
v 0.735612 1.577524 0.636826
v 1.230794 1.230794 0.636826
v 1.333381 1.11884 0.636826
v 1.42582 0.99837 0.636826
v 1.507408 0.870303 0.636826
v 1.577524 0.735612 0.636826
v 1.635634 0.595322 0.636826
v 1.681296 0.450502 0.636826
v 1.714162 0.302253 0.636826
v 1.681296 -0.450502 0.636826
v 1.635634 -0.595322 0.636826
v 1.577524 -0.735612 0.636826
v 1.507408 -0.870303 0.636826
v 1.42582 -0.99837 0.636826
v 1.333381 -1.11884 0.636826
v 1.230794 -1.230794 0.636826
v 1.11884 -1.333381 0.636826
v 0.99837 -1.42582 0.636826
v 0.450502 -1.681296 0.636826
v 0.302253 -1.714162 0.636826
v 0.151704 -1.733982 0.636826
v 0.0 -1.740605 0.636826
v -0.151704 -1.733982 0.636826
v -0.302253 -1.714162 0.636826
v -0.450502 -1.681296 0.636826
v -0.595322 -1.635634 0.636826
v -1.230794 -1.230794 0.636826
v -1.333381 -1.11884 0.636826
v -1.42582 -0.99837 0.636826
v -1.507408 -0.870303 0.636826
v -1.577524 -0.735612 0.636826
v -1.635634 -0.595322 0.636826
v -1.681296 -0.450502 0.636826
v -1.078844 1.540749 0.506212
v -1.209024 1.440859 0.506212
v -1.179207 1.405325 0.524461
v 1.87375 0.163932 0.506212
v 1.852332 0.326616 0.506212
v 1.806651 0.318561 0.524461
v -0.794906 -1.704681 0.506212
v -0.643308 -1.767475 0.506212
v -0.627443 -1.723886 0.524461
v -1.87375 0.163932 0.506212
v -1.852332 0.326616 0.506212
v -1.816817 0.486815 0.506212
v -1.767475 0.643308 0.506212
v -1.704681 0.794906 0.506212
v -1.628914 0.940454 0.506212
v 1.628914 0.940454 0.506212
v 0.0 -1.880907 0.506212
v -0.464344 -1.732957 0.553615
v -0.474809 -1.772011 0.524461
v -0.486815 -1.816817 0.506212
v 1.732957 0.464344 0.553615
v 1.772011 0.474809 0.524461
v 1.816817 0.486815 0.506212
v -1.268612 1.268612 0.553615
v -1.297202 1.297202 0.524461
v -1.330002 1.330002 0.506212
v -0.305989 -1.735351 0.591862
v -0.31154 -1.766832 0.553615
v -0.318561 -1.806651 0.524461
v -0.326616 -1.852332 0.506212
v 1.655853 0.602681 0.591862
v 1.685892 0.613614 0.553615
v 1.723886 0.627443 0.524461
v 1.767475 0.643308 0.506212
v -1.349863 1.13267 0.591862
v -1.374352 1.153218 0.553615
v -1.405325 1.179207 0.524461
v -1.440859 1.209024 0.506212
v -0.153579 -1.755416 0.591862
v -0.156365 -1.787262 0.553615
v -0.159889 -1.82754 0.524461
v -0.163932 -1.87375 0.506212
v 1.597024 0.744705 0.591862
v 1.625997 0.758215 0.553615
v 1.662641 0.775302 0.524461
v 1.704681 0.794906 0.506212
v -1.443445 1.010711 0.591862
v -1.469631 1.029047 0.553615
v -1.502752 1.052238 0.524461
v -1.540749 1.078844 0.506212
v -1.714162 -0.302253 0.636826
v -1.733982 -0.151704 0.636826
v -1.755416 -0.153579 0.591862
v -1.628914 -0.940454 0.506212
v -1.540749 -1.078844 0.506212
v -1.502752 -1.052238 0.524461
v -1.405325 -1.179207 0.524461
v -1.374352 -1.153218 0.553615
v -1.268612 -1.268612 0.553615
v -1.246008 -1.246008 0.591862
v -1.13267 -1.349863 0.591862
v -1.11884 -1.333381 0.636826
v -0.99837 -1.42582 0.636826
v -1.440859 -1.209024 0.506212
v -1.330002 -1.330002 0.506212
v -1.297202 -1.297202 0.524461
v -1.179207 -1.405325 0.524461
v -1.153218 -1.374352 0.553615
v -1.029047 -1.469631 0.553615
v -1.010711 -1.443445 0.591862
v -0.881061 -1.526042 0.591862
v -0.870303 -1.507408 0.636826
v -0.735612 -1.577524 0.636826
v 0.735612 -1.577524 0.636826
v 0.595322 -1.635634 0.636826
v 0.602681 -1.655853 0.591862
v 1.628914 -0.940454 0.506212
v 1.704681 -0.794906 0.506212
v 1.662641 -0.775302 0.524461
v 1.723886 -0.627443 0.524461
v 1.685892 -0.613614 0.553615
v 1.732957 -0.464344 0.553615
v 1.702079 -0.456071 0.591862
v 1.735351 -0.305989 0.591862
v 1.714162 -0.302253 0.636826
v 1.733982 -0.151704 0.636826
v 1.767475 -0.643308 0.506212
v 1.816817 -0.486815 0.506212
v 1.772011 -0.474809 0.524461
v 1.806651 -0.318561 0.524461
v 1.766832 -0.31154 0.553615
v 1.787262 -0.156365 0.553615
v 1.755416 -0.153579 0.591862
v 1.762121 0.0 0.591862
v 1.740605 0.0 0.636826
v 1.733982 0.151704 0.636826
v 0.99837 1.42582 0.636826
v 1.11884 1.333381 0.636826
v 1.13267 1.349863 0.591862
v -0.0 1.880907 0.506212
v -0.163932 1.87375 0.506212
v -0.159889 1.82754 0.524461
v -0.318561 1.806651 0.524461
v -0.31154 1.766832 0.553615
v -0.464344 1.732957 0.553615
v -0.456071 1.702079 0.591862
v -0.602681 1.655853 0.591862
v -0.595322 1.635634 0.636826
v -0.735612 1.577524 0.636826
v -0.326616 1.852332 0.506212
v -0.486815 1.816817 0.506212
v -0.474809 1.772011 0.524461
v -0.627443 1.723886 0.524461
v -0.613614 1.685892 0.553615
v -0.758215 1.625997 0.553615
v -0.744705 1.597024 0.591862
v -0.881061 1.526042 0.591862
v -0.870303 1.507408 0.636826
v -0.99837 1.42582 0.636826
v -1.794089 0.0 0.553615
v -1.762121 0.0 0.591862
v -1.740605 0.0 0.636826
v -1.735351 -0.305989 0.591862
v -1.787262 -0.156365 0.553615
v -1.834521 0.0 0.524461
v -1.702079 -0.456071 0.591862
v -1.766832 -0.31154 0.553615
v -1.82754 -0.159889 0.524461
v -1.880907 0.0 0.506212
v -1.655853 -0.602681 0.591862
v -1.732957 -0.464344 0.553615
v -1.806651 -0.318561 0.524461
v -1.87375 -0.163932 0.506212
v -1.597024 -0.744705 0.591862
v -1.685892 -0.613614 0.553615
v -1.772011 -0.474809 0.524461
v -1.852332 -0.326616 0.506212
v -1.526042 -0.881061 0.591862
v -1.625997 -0.758215 0.553615
v -1.723886 -0.627443 0.524461
v -1.816817 -0.486815 0.506212
v -1.443445 -1.010711 0.591862
v -1.553726 -0.897044 0.553615
v -1.662641 -0.775302 0.524461
v -1.767475 -0.643308 0.506212
v -1.349863 -1.13267 0.591862
v -1.469631 -1.029047 0.553615
v -1.588742 -0.917261 0.524461
v -1.704681 -0.794906 0.506212
v -0.744705 -1.597024 0.591862
v -0.897044 -1.553726 0.553615
v -1.052238 -1.502752 0.524461
v -1.209024 -1.440859 0.506212
v -0.602681 -1.655853 0.591862
v -0.758215 -1.625997 0.553615
v -0.917261 -1.588742 0.524461
v -1.078844 -1.540749 0.506212
v -0.456071 -1.702079 0.591862
v -0.613614 -1.685892 0.553615
v -0.775302 -1.662641 0.524461
v -0.940454 -1.628914 0.506212
v 0.0 -1.834521 0.524461
v 0.0 -1.794089 0.553615
v 0.0 -1.762121 0.591862
v 0.163932 -1.87375 0.506212
v 0.159889 -1.82754 0.524461
v 0.156365 -1.787262 0.553615
v 0.153579 -1.755416 0.591862
v 0.318561 -1.806651 0.524461
v 0.31154 -1.766832 0.553615
v 0.305989 -1.735351 0.591862
v 0.464344 -1.732957 0.553615
v 0.456071 -1.702079 0.591862
v 0.870303 -1.507408 0.636826
v 0.744705 -1.597024 0.591862
v 0.613614 -1.685892 0.553615
v 0.474809 -1.772011 0.524461
v 0.326616 -1.852332 0.506212
v 0.881061 -1.526042 0.591862
v 0.758215 -1.625997 0.553615
v 0.627443 -1.723886 0.524461
v 0.486815 -1.816817 0.506212
v 1.010711 -1.443445 0.591862
v 0.897044 -1.553726 0.553615
v 0.775302 -1.662641 0.524461
v 0.643308 -1.767475 0.506212
v 1.13267 -1.349863 0.591862
v 1.029047 -1.469631 0.553615
v 0.917261 -1.588742 0.524461
v 0.794906 -1.704681 0.506212
v 1.246008 -1.246008 0.591862
v 1.153218 -1.374352 0.553615
v 1.052238 -1.502752 0.524461
v 0.940454 -1.628914 0.506212
v 1.349863 -1.13267 0.591862
v 1.268612 -1.268612 0.553615
v 1.179207 -1.405325 0.524461
v 1.078844 -1.540749 0.506212
v 1.443445 -1.010711 0.591862
v 1.374352 -1.153218 0.553615
v 1.297202 -1.297202 0.524461
v 1.209024 -1.440859 0.506212
v 1.526042 -0.881061 0.591862
v 1.469631 -1.029047 0.553615
v 1.405325 -1.179207 0.524461
v 1.330002 -1.330002 0.506212
v 1.597024 -0.744705 0.591862
v 1.553726 -0.897044 0.553615
v 1.502752 -1.052238 0.524461
v 1.440859 -1.209024 0.506212
v 1.655853 -0.602681 0.591862
v 1.625997 -0.758215 0.553615
v 1.588742 -0.917261 0.524461
v 1.540749 -1.078844 0.506212
v 1.755416 0.153579 0.591862
v 1.794089 0.0 0.553615
v 1.82754 -0.159889 0.524461
v 1.852332 -0.326616 0.506212
v 1.735351 0.305989 0.591862
v 1.787262 0.156365 0.553615
v 1.834521 0.0 0.524461
v 1.87375 -0.163932 0.506212
v 1.702079 0.456071 0.591862
v 1.766832 0.31154 0.553615
v 1.82754 0.159889 0.524461
v 1.880907 0.0 0.506212
v 1.588742 0.917261 0.524461
v 1.553726 0.897044 0.553615
v 1.526042 0.881061 0.591862
v 1.540749 1.078844 0.506212
v 1.502752 1.052238 0.524461
v 1.469631 1.029047 0.553615
v 1.443445 1.010711 0.591862
v 1.405325 1.179207 0.524461
v 1.374352 1.153218 0.553615
v 1.349863 1.13267 0.591862
v 1.268612 1.268612 0.553615
v 1.246008 1.246008 0.591862
v 0.870303 1.507408 0.636826
v 1.010711 1.443445 0.591862
v 1.153218 1.374352 0.553615
v 1.297202 1.297202 0.524461
v 1.440859 1.209024 0.506212
v 0.881061 1.526042 0.591862
v 1.029047 1.469631 0.553615
v 1.179207 1.405325 0.524461
v 1.330002 1.330002 0.506212
v 0.744705 1.597024 0.591862
v 0.897044 1.553726 0.553615
v 1.052238 1.502752 0.524461
v 1.209024 1.440859 0.506212
v 0.602681 1.655853 0.591862
v 0.758215 1.625997 0.553615
v 0.917261 1.588742 0.524461
v 1.078844 1.540749 0.506212
v 0.456071 1.702079 0.591862
v 0.613614 1.685892 0.553615
v 0.775302 1.662641 0.524461
v 0.940454 1.628914 0.506212
v 0.305989 1.735351 0.591862
v 0.464344 1.732957 0.553615
v 0.627443 1.723886 0.524461
v 0.794906 1.704681 0.506212
v 0.153579 1.755416 0.591862
v 0.31154 1.766832 0.553615
v 0.474809 1.772011 0.524461
v 0.643308 1.767475 0.506212
v -0.0 1.762121 0.591862
v 0.156365 1.787262 0.553615
v 0.318561 1.806651 0.524461
v 0.486815 1.816817 0.506212
v -0.153579 1.755416 0.591862
v -0.0 1.794089 0.553615
v 0.159889 1.82754 0.524461
v 0.326616 1.852332 0.506212
v -0.305989 1.735351 0.591862
v -0.156365 1.787262 0.553615
v -0.0 1.834521 0.524461
v 0.163932 1.87375 0.506212
v -1.010711 1.443445 0.591862
v -0.897044 1.553726 0.553615
v -0.775302 1.662641 0.524461
v -0.643308 1.767475 0.506212
v -1.13267 1.349863 0.591862
v -1.029047 1.469631 0.553615
v -0.917261 1.588742 0.524461
v -0.794906 1.704681 0.506212
v -1.246008 1.246008 0.591862
v -1.153218 1.374352 0.553615
v -1.052238 1.502752 0.524461
v -0.940454 1.628914 0.506212
v -1.588742 0.917261 0.524461
v -1.553726 0.897044 0.553615
v -1.526042 0.881061 0.591862
v -1.662641 0.775302 0.524461
v -1.625997 0.758215 0.553615
v -1.597024 0.744705 0.591862
v -1.723886 0.627443 0.524461
v -1.685892 0.613614 0.553615
v -1.655853 0.602681 0.591862
v -1.772011 0.474809 0.524461
v -1.732957 0.464344 0.553615
v -1.702079 0.456071 0.591862
v -1.806651 0.318561 0.524461
v -1.766832 0.31154 0.553615
v -1.735351 0.305989 0.591862
v -1.82754 0.159889 0.524461
v -1.787262 0.156365 0.553615
v -1.755416 0.153579 0.591862
v -1.726269 0.217117 1.161377
v -1.738258 0.06036 1.160788
v -1.713225 -0.30752 1.163174
v -1.854012 -0.232256 1.290784
v -1.85132 -0.332307 1.293788
v -1.9 -0.238095 1.3
v -1.9 -0.341045 1.3
v -1.734402 -0.311321 1.208138
v -1.765867 -0.316969 1.246385
v -1.774742 -0.221864 1.241597
v -1.745888 -0.217892 1.204373
v -1.753346 -0.125234 1.202565
v -1.726516 -0.215048 1.161355
v -1.735054 -0.123537 1.160847
v -1.738986 -0.031677 1.160785
v -1.7568 -0.032119 1.20189
v -1.780588 -0.127523 1.23904
v -1.811467 -0.226743 1.270947
v -1.805663 -0.324112 1.275539
v -1.732836 0.152664 1.16093
v -1.756159 0.0612 1.202008
v -1.783314 -0.032707 1.237998
v -1.815365 -0.130286 1.268379
v -1.9 0.1689 1.3
v -1.9 0.240394 1.3
v -1.855378 0.16484 1.28949
v -1.85396 0.234494 1.290836
v -1.811357 0.228924 1.271025
v -1.9 0.066738 1.3
v -1.856591 0.06516 1.28845
v -1.81434 0.160995 1.269017
v -1.774575 0.223996 1.241676
v -1.9 -0.035022 1.3
v -1.856757 -0.034195 1.288316
v -1.816859 0.063662 1.267492
v -1.779059 0.157568 1.239666
v -1.745674 0.219986 1.204432
v -1.9 -0.136641 1.3
v -1.85587 -0.133379 1.289057
v -1.8172 -0.033411 1.267297
v -1.782808 0.06232 1.238185
v -1.751403 0.154741 1.202989
v -1.713225 0.30752 1.163174
v -1.734402 0.311321 1.208138
v -1.765867 0.316969 1.246385
v -1.805663 0.324112 1.275539
v -1.85132 0.332307 1.293788
v -1.9 0.341045 1.3
v 1.815407 -0.492047 1.293788
v 1.85132 -0.332307 1.293788
v 1.9 -0.341045 1.3
v -1.679991 -0.455344 1.163174
v -1.634027 -0.599718 1.163174
v -1.575682 -0.739548 1.163174
v -1.505398 -0.873775 1.163174
v -1.423708 -1.00138 1.163174
v -1.331229 -1.121399 1.163174
v -1.228664 -1.23292 1.163174
v -1.116789 -1.335099 1.163174
v -0.996452 -1.427161 1.163174
v -0.868565 -1.50841 1.163174
v -0.734096 -1.57823 1.163174
v -0.594065 -1.636091 1.163174
v -0.449533 -1.681555 1.163174
v -0.301594 -1.714278 1.163174
v -0.151371 -1.734011 1.163174
v 0.0 -1.740605 1.163174
v 0.151371 -1.734011 1.163174
v 0.301594 -1.714278 1.163174
v 0.449533 -1.681555 1.163174
v 0.594065 -1.636091 1.163174
v 0.734096 -1.57823 1.163174
v 0.868565 -1.50841 1.163174
v 0.996452 -1.427161 1.163174
v 1.116789 -1.335099 1.163174
v 1.228664 -1.23292 1.163174
v 1.331229 -1.121399 1.163174
v 1.423708 -1.00138 1.163174
v 1.505398 -0.873775 1.163174
v 1.575682 -0.739548 1.163174
v 1.634027 -0.599718 1.163174
v 1.679991 -0.455344 1.163174
v 1.713225 -0.30752 1.163174
v 1.734402 -0.311321 1.208138
v 1.700758 -0.460973 1.208138
v 1.654226 -0.607132 1.208138
v 1.59516 -0.74869 1.208138
v 1.524007 -0.884576 1.208138
v 1.441307 -1.013759 1.208138
v 1.347685 -1.135261 1.208138
v 1.243852 -1.24816 1.208138
v 1.130594 -1.351602 1.208138
v 1.00877 -1.444803 1.208138
v 0.879301 -1.527056 1.208138
v 0.743171 -1.597739 1.208138
v 0.601409 -1.656315 1.208138
v 0.45509 -1.702341 1.208138
v 0.305323 -1.735468 1.208138
v 0.153242 -1.755446 1.208138
v 0.0 -1.762121 1.208138
v -0.153242 -1.755446 1.208138
v -0.305323 -1.735468 1.208138
v -0.45509 -1.702341 1.208138
v -0.601409 -1.656315 1.208138
v -0.743171 -1.597739 1.208138
v -0.879301 -1.527056 1.208138
v -1.00877 -1.444803 1.208138
v -1.130594 -1.351602 1.208138
v -1.243852 -1.24816 1.208138
v -1.347685 -1.135261 1.208138
v -1.441307 -1.013759 1.208138
v -1.524007 -0.884576 1.208138
v -1.59516 -0.74869 1.208138
v -1.654226 -0.607132 1.208138
v -1.700758 -0.460973 1.208138
v 1.765867 -0.316969 1.246385
v 1.731612 -0.469335 1.246385
v 1.684236 -0.618146 1.246385
v 1.624098 -0.762272 1.246385
v 1.551655 -0.900623 1.246385
v 1.467454 -1.03215 1.246385
v 1.372134 -1.155856 1.246385
v 1.266417 -1.270803 1.246385
v 1.151105 -1.376122 1.246385
v 1.02707 -1.471014 1.246385
v 0.895253 -1.554759 1.246385
v 0.756653 -1.626724 1.246385
v 0.612319 -1.686363 1.246385
v 0.463346 -1.733224 1.246385
v 0.310861 -1.766952 1.246385
v 0.156022 -1.787292 1.246385
v 0.0 -1.794089 1.246385
v -0.156022 -1.787292 1.246385
v -0.310861 -1.766952 1.246385
v -0.463346 -1.733224 1.246385
v -0.612319 -1.686363 1.246385
v -0.756653 -1.626724 1.246385
v -0.895253 -1.554759 1.246385
v -1.02707 -1.471014 1.246385
v -1.151105 -1.376122 1.246385
v -1.266417 -1.270803 1.246385
v -1.372134 -1.155856 1.246385
v -1.467454 -1.03215 1.246385
v -1.551655 -0.900623 1.246385
v -1.624098 -0.762272 1.246385
v -1.684236 -0.618146 1.246385
v -1.731612 -0.469335 1.246385
v 1.805663 -0.324112 1.275539
v 1.770636 -0.479913 1.275539
v 1.722193 -0.632077 1.275539
v 1.6607 -0.779451 1.275539
v 1.586623 -0.92092 1.275539
v 1.500525 -1.055411 1.275539
v 1.403057 -1.181905 1.275539
v 1.294958 -1.299443 1.275539
v 1.177047 -1.407135 1.275539
v 1.050217 -1.504165 1.275539
v 0.915429 -1.589798 1.275539
v 0.773705 -1.663385 1.275539
v 0.626118 -1.724368 1.275539
v 0.473788 -1.772285 1.275539
v 0.317867 -1.806773 1.275539
v 0.159538 -1.827571 1.275539
v 0.0 -1.834521 1.275539
v -0.159538 -1.827571 1.275539
v -0.317867 -1.806773 1.275539
v -0.473788 -1.772285 1.275539
v -0.626118 -1.724368 1.275539
v -0.773705 -1.663385 1.275539
v -0.915429 -1.589798 1.275539
v -1.050217 -1.504165 1.275539
v -1.177047 -1.407135 1.275539
v -1.294958 -1.299443 1.275539
v -1.403057 -1.181905 1.275539
v -1.500525 -1.055411 1.275539
v -1.586623 -0.92092 1.275539
v -1.6607 -0.779451 1.275539
v -1.722193 -0.632077 1.275539
v -1.770636 -0.479913 1.275539
v 1.765738 -0.648059 1.293788
v 1.702691 -0.79916 1.293788
v 1.626742 -0.944206 1.293788
v 1.538466 -1.082097 1.293788
v 1.438534 -1.211789 1.293788
v 1.327701 -1.3323 1.293788
v 1.206808 -1.442715 1.293788
v 1.076771 -1.542198 1.293788
v 0.938576 -1.629996 1.293788
v 0.793268 -1.705444 1.293788
v 0.64195 -1.767969 1.293788
v 0.485768 -1.817097 1.293788
v 0.325905 -1.852457 1.293788
v 0.163572 -1.873781 1.293788
v 0.0 -1.880907 1.293788
v -0.163572 -1.873781 1.293788
v -0.325905 -1.852457 1.293788
v -0.485768 -1.817097 1.293788
v -0.64195 -1.767969 1.293788
v -0.793268 -1.705444 1.293788
v -0.938576 -1.629996 1.293788
v -1.076771 -1.542198 1.293788
v -1.206808 -1.442715 1.293788
v -1.327701 -1.3323 1.293788
v -1.438534 -1.211789 1.293788
v -1.538466 -1.082097 1.293788
v -1.626742 -0.944206 1.293788
v -1.702691 -0.79916 1.293788
v -1.765738 -0.648059 1.293788
v -1.815407 -0.492047 1.293788
v -1.863143 -0.504986 1.3
v 1.863143 -0.504986 1.3
v -1.815407 0.492047 1.293788
v 1.713225 0.30752 1.163174
v 1.679991 0.455344 1.163174
v 1.634027 0.599718 1.163174
v 1.575682 0.739548 1.163174
v 1.505398 0.873775 1.163174
v 1.423708 1.00138 1.163174
v 1.331229 1.121399 1.163174
v 1.228664 1.23292 1.163174
v 1.116789 1.335099 1.163174
v 0.996452 1.427161 1.163174
v 0.868565 1.50841 1.163174
v 0.734096 1.57823 1.163174
v 0.594065 1.636091 1.163174
v 0.449533 1.681555 1.163174
v 0.301594 1.714278 1.163174
v 0.151371 1.734011 1.163174
v 0.0 1.740605 1.163174
v -0.151371 1.734011 1.163174
v -0.301594 1.714278 1.163174
v -0.449533 1.681555 1.163174
v -0.594065 1.636091 1.163174
v -0.734096 1.57823 1.163174
v -0.868565 1.50841 1.163174
v -0.996452 1.427161 1.163174
v -1.116789 1.335099 1.163174
v -1.228664 1.23292 1.163174
v -1.331229 1.121399 1.163174
v -1.423708 1.00138 1.163174
v -1.505398 0.873775 1.163174
v -1.575682 0.739548 1.163174
v -1.634027 0.599718 1.163174
v -1.679991 0.455344 1.163174
v -1.700758 0.460973 1.208138
v -1.654226 0.607132 1.208138
v -1.59516 0.74869 1.208138
v -1.524007 0.884576 1.208138
v -1.441307 1.013759 1.208138
v -1.347685 1.135261 1.208138
v -1.243852 1.24816 1.208138
v -1.130594 1.351602 1.208138
v -1.00877 1.444803 1.208138
v -0.879301 1.527056 1.208138
v -0.743171 1.597739 1.208138
v -0.601409 1.656315 1.208138
v -0.45509 1.702341 1.208138
v -0.305323 1.735468 1.208138
v -0.153242 1.755446 1.208138
v 0.0 1.762121 1.208138
v 0.153242 1.755446 1.208138
v 0.305323 1.735468 1.208138
v 0.45509 1.702341 1.208138
v 0.601409 1.656315 1.208138
v 0.743171 1.597739 1.208138
v 0.879301 1.527056 1.208138
v 1.00877 1.444803 1.208138
v 1.130594 1.351602 1.208138
v 1.243852 1.24816 1.208138
v 1.347685 1.135261 1.208138
v 1.441307 1.013759 1.208138
v 1.524007 0.884576 1.208138
v 1.59516 0.74869 1.208138
v 1.654226 0.607132 1.208138
v 1.700758 0.460973 1.208138
v -1.731612 0.469335 1.246385
v -1.684236 0.618146 1.246385
v -1.624098 0.762272 1.246385
v -1.551655 0.900623 1.246385
v -1.467454 1.03215 1.246385
v -1.372134 1.155856 1.246385
v -1.266417 1.270803 1.246385
v -1.151105 1.376122 1.246385
v -1.02707 1.471014 1.246385
v -0.895253 1.554759 1.246385
v -0.756653 1.626724 1.246385
v -0.612319 1.686363 1.246385
v -0.463346 1.733224 1.246385
v -0.310861 1.766952 1.246385
v -0.156022 1.787292 1.246385
v 0.0 1.794089 1.246385
v 0.156022 1.787292 1.246385
v 0.310861 1.766952 1.246385
v 0.463346 1.733224 1.246385
v 0.612319 1.686363 1.246385
v 0.756653 1.626724 1.246385
v 0.895253 1.554759 1.246385
v 1.02707 1.471014 1.246385
v 1.151105 1.376122 1.246385
v 1.266417 1.270803 1.246385
v 1.372134 1.155856 1.246385
v 1.467454 1.03215 1.246385
v 1.551655 0.900623 1.246385
v 1.624098 0.762272 1.246385
v 1.684236 0.618146 1.246385
v 1.731612 0.469335 1.246385
v -1.770636 0.479913 1.275539
v -1.722193 0.632077 1.275539
v -1.6607 0.779451 1.275539
v -1.586623 0.92092 1.275539
v -1.500525 1.055411 1.275539
v -1.403057 1.181905 1.275539
v -1.294958 1.299443 1.275539
v -1.177047 1.407135 1.275539
v -1.050217 1.504165 1.275539
v -0.915429 1.589798 1.275539
v -0.773705 1.663385 1.275539
v -0.626118 1.724368 1.275539
v -0.473788 1.772285 1.275539
v -0.317867 1.806773 1.275539
v -0.159538 1.827571 1.275539
v 0.0 1.834521 1.275539
v 0.159538 1.827571 1.275539
v 0.317867 1.806773 1.275539
v 0.473788 1.772285 1.275539
v 0.626118 1.724368 1.275539
v 0.773705 1.663385 1.275539
v 0.915429 1.589798 1.275539
v 1.050217 1.504165 1.275539
v 1.177047 1.407135 1.275539
v 1.294958 1.299443 1.275539
v 1.403057 1.181905 1.275539
v 1.500525 1.055411 1.275539
v 1.586623 0.92092 1.275539
v 1.6607 0.779451 1.275539
v 1.722193 0.632077 1.275539
v 1.770636 0.479913 1.275539
v -1.765738 0.648059 1.293788
v -1.702691 0.79916 1.293788
v -1.626742 0.944206 1.293788
v -1.538466 1.082097 1.293788
v -1.438534 1.211789 1.293788
v -1.327701 1.3323 1.293788
v -1.206808 1.442715 1.293788
v -1.076771 1.542198 1.293788
v -0.938576 1.629996 1.293788
v -0.793268 1.705444 1.293788
v -0.64195 1.767969 1.293788
v -0.485768 1.817097 1.293788
v -0.325905 1.852457 1.293788
v -0.163572 1.873781 1.293788
v 0.0 1.880907 1.293788
v 0.163572 1.873781 1.293788
v 0.325905 1.852457 1.293788
v 0.485768 1.817097 1.293788
v 0.64195 1.767969 1.293788
v 0.793268 1.705444 1.293788
v 0.938576 1.629996 1.293788
v 1.076771 1.542198 1.293788
v 1.206808 1.442715 1.293788
v 1.327701 1.3323 1.293788
v 1.438534 1.211789 1.293788
v 1.538466 1.082097 1.293788
v 1.626742 0.944206 1.293788
v 1.702691 0.79916 1.293788
v 1.765738 0.648059 1.293788
v 1.815407 0.492047 1.293788
v 1.734402 0.311321 1.208138
v 1.765867 0.316969 1.246385
v 1.805663 0.324112 1.275539
v 1.85132 0.332307 1.293788
v 1.863143 0.504986 1.3
v 1.9 0.341045 1.3
v -1.863143 0.504986 1.3
v 1.732836 -0.152664 1.16093
v 1.726516 0.215048 1.161355
v 1.854012 0.232256 1.290784
v 1.9 0.238095 1.3
v 1.811467 0.226743 1.270947
v 1.774742 0.221864 1.241597
v 1.780588 0.127523 1.23904
v 1.745888 0.217892 1.204373
v 1.753346 0.125234 1.202565
v 1.7568 0.032119 1.20189
v 1.735054 0.123537 1.160847
v 1.738986 0.031677 1.160785
v 1.738258 -0.06036 1.160788
v 1.756159 -0.0612 1.202008
v 1.783314 0.032707 1.237998
v 1.815365 0.130286 1.268379
v 1.9 -0.1689 1.3
v 1.9 -0.240394 1.3
v 1.855378 -0.16484 1.28949
v 1.85396 -0.234494 1.290836
v 1.811357 -0.228924 1.271025
v 1.9 -0.066738 1.3
v 1.856591 -0.06516 1.28845
v 1.81434 -0.160995 1.269017
v 1.774575 -0.223996 1.241676
v 1.9 0.035022 1.3
v 1.856757 0.034195 1.288316
v 1.816859 -0.063662 1.267492
v 1.779059 -0.157568 1.239666
v 1.745674 -0.219986 1.204432
v 1.9 0.136641 1.3
v 1.85587 0.133379 1.289057
v 1.8172 0.033411 1.267297
v 1.782808 -0.06232 1.238185
v 1.751403 -0.154741 1.202989
v 1.726269 -0.217117 1.161377
v -1.55 1.85 0.79
v -1.551704 1.85 0.777059
newmtl 5
Ka 0.9882352941176471 0.7372549019607844 0.5176470588235295
Kd 0.9882352941176471 0.7372549019607844 0.5176470588235295
Ks 0.49411764705882355 0.3686274509803922 0.25882352941176473
d 0.0
endmtl
v -1.551704 1.85 0.802941
v -1.556699 1.85 0.815
v -1.564645 1.85 0.825355
v -1.625 1.85 0.833301
v -1.612941 1.85 0.838296
v -1.6 1.85 0.84
v -1.587059 1.85 0.838296
v -1.575 1.85 0.833301
v -1.635355 1.85 0.825355
v -1.643301 1.85 0.815
v -1.648296 1.85 0.802941
v -1.65 1.85 0.79
v -1.648296 1.85 0.777059
v -1.643301 1.85 0.765
v -1.587059 1.85 0.741704
v -1.6 1.85 0.74
v -1.612941 1.85 0.741704
v -1.625 1.85 0.746699
v -1.635355 1.85 0.754645
v -1.575 1.85 0.746699
v -1.564645 1.85 0.754645
v -1.556699 1.85 0.765
v -1.575 1.7 0.133301
v -1.587059 1.7 0.138296
v -1.6 1.7 0.09
v -1.6 1.7 0.14
v -1.612941 1.7 0.138296
v -1.551704 1.7 0.102941
v -1.556699 1.7 0.115
v -1.564645 1.7 0.125355
v -1.556699 1.7 0.065
v -1.551704 1.7 0.077059
v -1.55 1.7 0.09
v -1.587059 1.7 0.041704
v -1.575 1.7 0.046699
v -1.564645 1.7 0.054645
v -1.625 1.7 0.046699
v -1.612941 1.7 0.041704
v -1.6 1.7 0.04
v -1.648296 1.7 0.077059
v -1.643301 1.7 0.065
v -1.635355 1.7 0.054645
v -1.643301 1.7 0.115
v -1.648296 1.7 0.102941
v -1.65 1.7 0.09
v -1.625 1.7 0.133301
v -1.635355 1.7 0.125355
v -1.6 1.95 0.64
v -1.6 1.946593 0.665882
v -1.612941 1.951704 0.64
v -1.612941 1.948238 0.666323
v -1.625 1.956699 0.64
v -1.625 1.953063 0.667616
v -1.635355 1.964645 0.64
v -1.635355 1.960738 0.669672
v -1.643301 1.975 0.64
v -1.643301 1.970741 0.672352
v -1.648296 1.987059 0.64
v -1.648296 1.982389 0.675473
v -1.65 2.0 0.64
v -1.65 1.994889 0.678823
v -1.648296 2.012941 0.64
v -1.648296 2.007389 0.682172
v -1.643301 2.025 0.64
v -1.643301 2.019037 0.685293
v -1.635355 2.035355 0.64
v -1.635355 2.029039 0.687973
v -1.625 2.043301 0.64
v -1.625 2.036715 0.69003
v -1.612941 2.048296 0.64
v -1.612941 2.041539 0.691323
v -1.6 2.05 0.64
v -1.6 2.043185 0.691764
v -1.587059 2.048296 0.64
v -1.587059 2.041539 0.691323
v -1.575 2.043301 0.64
v -1.575 2.036715 0.69003
v -1.564645 2.035355 0.64
v -1.564645 2.029039 0.687973
v -1.556699 2.025 0.64
v -1.556699 2.019037 0.685293
v -1.551704 2.012941 0.64
v -1.551704 2.007389 0.682172
v -1.55 2.0 0.64
v -1.55 1.994889 0.678823
v -1.551704 1.987059 0.64
v -1.551704 1.982389 0.675473
v -1.556699 1.975 0.64
v -1.556699 1.970741 0.672352
v -1.564645 1.964645 0.64
v -1.564645 1.960738 0.669672
v -1.575 1.956699 0.64
v -1.575 1.953063 0.667616
v -1.587059 1.951704 0.64
v -1.587059 1.948238 0.666323
v -1.6 1.936602 0.69
v -1.612941 1.938078 0.690852
v -1.625 1.942404 0.693349
v -1.635355 1.949285 0.697322
v -1.643301 1.958253 0.7025
v -1.648296 1.968697 0.70853
v -1.65 1.979904 0.715
v -1.648296 1.991111 0.72147
v -1.643301 2.001554 0.7275
v -1.635355 2.010522 0.732678
v -1.625 2.017404 0.736651
v -1.612941 2.02173 0.739148
v -1.6 2.023205 0.74
v -1.587059 2.02173 0.739148
v -1.575 2.017404 0.736651
v -1.564645 2.010522 0.732678
v -1.556699 2.001554 0.7275
v -1.551704 1.991111 0.72147
v -1.55 1.979904 0.715
v -1.551704 1.968697 0.70853
v -1.556699 1.958253 0.7025
v -1.564645 1.949285 0.697322
v -1.575 1.942404 0.693349
v -1.587059 1.938078 0.690852
v -1.6 1.920711 0.710711
v -1.612941 1.921915 0.711915
v -1.625 1.925447 0.715447
v -1.635355 1.931066 0.721066
v -1.643301 1.938388 0.728388
v -1.648296 1.946915 0.736915
v -1.65 1.956066 0.746066
v -1.648296 1.965217 0.755217
v -1.643301 1.973744 0.763744
v -1.635355 1.981066 0.771066
v -1.625 1.986685 0.776685
v -1.612941 1.990216 0.780217
v -1.6 1.991421 0.781421
v -1.587059 1.990216 0.780217
v -1.575 1.986685 0.776685
v -1.564645 1.981066 0.771066
v -1.556699 1.973744 0.763744
v -1.551704 1.965217 0.755217
v -1.55 1.956066 0.746066
v -1.551704 1.946915 0.736915
v -1.556699 1.938388 0.728388
v -1.564645 1.931066 0.721066
v -1.575 1.925447 0.715447
v -1.587059 1.921915 0.711915
v -1.6 1.9 0.726603
v -1.612941 1.900852 0.728078
v -1.625 1.903349 0.732404
v -1.635355 1.907322 0.739285
v -1.643301 1.9125 0.748253
v -1.648296 1.91853 0.758697
v -1.65 1.925 0.769904
v -1.648296 1.931471 0.781111
v -1.643301 1.9375 0.791554
v -1.635355 1.942678 0.800522
v -1.625 1.946651 0.807404
v -1.612941 1.949148 0.81173
v -1.6 1.95 0.813205
v -1.587059 1.949148 0.81173
v -1.575 1.946651 0.807404
v -1.564645 1.942678 0.800522
v -1.556699 1.9375 0.791554
v -1.551704 1.931471 0.781111
v -1.55 1.925 0.769904
v -1.551704 1.91853 0.758697
v -1.556699 1.9125 0.748253
v -1.564645 1.907322 0.739285
v -1.575 1.903349 0.732404
v -1.587059 1.900852 0.728078
v -1.6 1.875882 0.736593
v -1.612941 1.876323 0.738238
v -1.625 1.877616 0.743063
v -1.635355 1.879672 0.750738
v -1.643301 1.882352 0.760741
v -1.648296 1.885473 0.772389
v -1.65 1.888823 0.784889
v -1.648296 1.892172 0.797389
v -1.643301 1.895293 0.809037
v -1.635355 1.897973 0.81904
v -1.625 1.90003 0.826715
v -1.612941 1.901323 0.83154
v -1.6 1.901764 0.833185
v -1.587059 1.901323 0.83154
v -1.575 1.90003 0.826715
v -1.564645 1.897973 0.81904
v -1.556699 1.895293 0.809037
v -1.551704 1.892172 0.797389
v -1.55 1.888823 0.784889
v -1.551704 1.885473 0.772389
v -1.556699 1.882352 0.760741
v -1.564645 1.879672 0.750738
v -1.575 1.877616 0.743063
v -1.587059 1.876323 0.738238
v -1.648296 2.012941 0.24
v -1.643301 2.025 0.24
v -1.635355 2.035355 0.24
v -1.625 2.043301 0.24
v -1.612941 2.048296 0.24
v -1.6 2.05 0.24
v -1.587059 2.048296 0.24
v -1.575 2.043301 0.24
v -1.564645 2.035355 0.24
v -1.556699 2.025 0.24
v -1.551704 2.012941 0.24
v -1.65 2.0 0.24
v -1.65 1.979904 0.165
v -1.648296 1.968697 0.17147
v -1.643301 1.958253 0.1775
v -1.635355 1.949285 0.182678
v -1.625 1.942404 0.186651
v -1.612941 1.938078 0.189148
v -1.6 1.936602 0.19
v -1.587059 1.938078 0.189148
v -1.575 1.942404 0.186651
v -1.564645 1.949285 0.182678
v -1.556699 1.958253 0.1775
v -1.551704 1.968697 0.17147
v -1.55 1.979904 0.165
v -1.551704 1.991111 0.15853
v -1.648296 1.991111 0.15853
v -1.648296 2.007389 0.197828
v -1.643301 2.001554 0.1525
v -1.643301 2.019037 0.194707
v -1.635355 2.010522 0.147322
v -1.635355 2.029039 0.192027
v -1.625 2.017404 0.143349
v -1.625 2.036715 0.18997
v -1.612941 2.02173 0.140852
v -1.612941 2.041539 0.188677
v -1.6 2.023205 0.14
v -1.6 2.043185 0.188236
v -1.587059 2.02173 0.140852
v -1.587059 2.041539 0.188677
v -1.575 2.017404 0.143349
v -1.575 2.036715 0.18997
v -1.564645 2.010522 0.147322
v -1.564645 2.029039 0.192027
v -1.556699 2.001554 0.1525
v -1.556699 2.019037 0.194707
v -1.551704 2.007389 0.197828
v -1.6 1.85 0.14
v -1.6 1.875882 0.143407
v -1.612941 1.85 0.138296
v -1.612941 1.876323 0.141762
v -1.625 1.85 0.133301
v -1.625 1.877616 0.136937
v -1.635355 1.85 0.125355
v -1.635355 1.879672 0.129262
v -1.643301 1.85 0.115
v -1.643301 1.882352 0.119259
v -1.648296 1.85 0.102941
v -1.648296 1.885473 0.107611
v -1.65 1.85 0.09
v -1.65 1.888823 0.095111
v -1.648296 1.85 0.077059
v -1.648296 1.892172 0.082611
v -1.643301 1.85 0.065
v -1.643301 1.895293 0.070963
v -1.635355 1.85 0.054645
v -1.635355 1.897973 0.06096
v -1.625 1.85 0.046699
v -1.625 1.90003 0.053285
v -1.612941 1.85 0.041704
v -1.612941 1.901323 0.04846
v -1.6 1.85 0.04
v -1.6 1.901764 0.046815
v -1.587059 1.85 0.041704
v -1.587059 1.901323 0.04846
v -1.575 1.85 0.046699
v -1.575 1.90003 0.053285
v -1.564645 1.85 0.054645
v -1.564645 1.897973 0.06096
v -1.556699 1.85 0.065
v -1.556699 1.895293 0.070963
v -1.551704 1.85 0.077059
v -1.551704 1.892172 0.082611
v -1.55 1.85 0.09
v -1.55 1.888823 0.095111
v -1.551704 1.85 0.102941
v -1.551704 1.885473 0.107611
v -1.556699 1.85 0.115
v -1.556699 1.882352 0.119259
v -1.564645 1.85 0.125355
v -1.564645 1.879672 0.129262
v -1.575 1.85 0.133301
v -1.575 1.877616 0.136937
v -1.587059 1.85 0.138296
v -1.587059 1.876323 0.141762
v -1.6 1.9 0.153397
v -1.612941 1.900852 0.151922
v -1.625 1.903349 0.147596
v -1.635355 1.907322 0.140715
v -1.643301 1.9125 0.131747
v -1.648296 1.91853 0.121303
v -1.65 1.925 0.110096
v -1.648296 1.931471 0.098889
v -1.643301 1.9375 0.088446
v -1.635355 1.942678 0.079478
v -1.625 1.946651 0.072596
v -1.612941 1.949148 0.06827
v -1.6 1.95 0.066795
v -1.587059 1.949148 0.06827
v -1.575 1.946651 0.072596
v -1.564645 1.942678 0.079478
v -1.556699 1.9375 0.088446
v -1.551704 1.931471 0.098889
v -1.55 1.925 0.110096
v -1.551704 1.91853 0.121303
v -1.556699 1.9125 0.131747
v -1.564645 1.907322 0.140715
v -1.575 1.903349 0.147596
v -1.587059 1.900852 0.151922
v -1.6 1.920711 0.169289
v -1.612941 1.921915 0.168085
v -1.625 1.925447 0.164553
v -1.635355 1.931066 0.158934
v -1.643301 1.938388 0.151612
v -1.648296 1.946915 0.143085
v -1.65 1.956066 0.133934
v -1.648296 1.965217 0.124783
v -1.643301 1.973744 0.116256
v -1.635355 1.981066 0.108934
v -1.625 1.986685 0.103315
v -1.612941 1.990216 0.099783
v -1.6 1.991421 0.098579
v -1.587059 1.990216 0.099783
v -1.575 1.986685 0.103315
v -1.564645 1.981066 0.108934
v -1.556699 1.973744 0.116256
v -1.551704 1.965217 0.124783
v -1.55 1.956066 0.133934
v -1.551704 1.946915 0.143085
v -1.556699 1.938388 0.151612
v -1.564645 1.931066 0.158934
v -1.575 1.925447 0.164553
v -1.587059 1.921915 0.168085
v 1.551704 1.85 0.802941
v 1.625 1.85 0.833301
v 1.612941 1.85 0.838296
v 1.55 1.85 0.79
v 1.551704 1.85 0.777059
v 1.556699 1.85 0.765
v 1.612941 1.85 0.741704
v 1.6 1.85 0.74
v 1.587059 1.85 0.741704
v 1.575 1.85 0.746699
v 1.564645 1.85 0.754645
v 1.643301 1.85 0.765
v 1.635355 1.85 0.754645
v 1.625 1.85 0.746699
v 1.648296 1.85 0.777059
v 1.65 1.85 0.79
v 1.648296 1.85 0.802941
v 1.643301 1.85 0.815
v 1.635355 1.85 0.825355
v 1.575 1.85 0.833301
v 1.587059 1.85 0.838296
v 1.6 1.85 0.84
v 1.564645 1.85 0.825355
v 1.556699 1.85 0.815
v 1.625 1.7 0.133301
v 1.612941 1.7 0.138296
v 1.6 1.7 0.09
v 1.6 1.7 0.14
v 1.587059 1.7 0.138296
v 1.648296 1.7 0.102941
v 1.643301 1.7 0.115
v 1.635355 1.7 0.125355
v 1.643301 1.7 0.065
v 1.648296 1.7 0.077059
v 1.65 1.7 0.09
v 1.612941 1.7 0.041704
v 1.625 1.7 0.046699
v 1.635355 1.7 0.054645
v 1.575 1.7 0.046699
v 1.587059 1.7 0.041704
v 1.6 1.7 0.04
v 1.551704 1.7 0.077059
v 1.556699 1.7 0.065
v 1.564645 1.7 0.054645
v 1.556699 1.7 0.115
v 1.551704 1.7 0.102941
v 1.55 1.7 0.09
v 1.575 1.7 0.133301
v 1.564645 1.7 0.125355
v 1.6 1.95 0.64
v 1.6 1.946593 0.665882
v 1.587059 1.951704 0.64
v 1.587059 1.948238 0.666323
v 1.575 1.956699 0.64
v 1.575 1.953063 0.667616
v 1.564645 1.964645 0.64
v 1.564645 1.960738 0.669672
v 1.556699 1.975 0.64
v 1.556699 1.970741 0.672352
v 1.551704 1.987059 0.64
v 1.551704 1.982389 0.675473
v 1.55 2.0 0.64
v 1.55 1.994889 0.678823
v 1.551704 2.012941 0.64
v 1.551704 2.007389 0.682172
v 1.556699 2.025 0.64
v 1.556699 2.019037 0.685293
v 1.564645 2.035355 0.64
v 1.564645 2.029039 0.687973
v 1.575 2.043301 0.64
v 1.575 2.036715 0.69003
v 1.587059 2.048296 0.64
v 1.587059 2.041539 0.691323
v 1.6 2.05 0.64
v 1.6 2.043185 0.691764
v 1.612941 2.048296 0.64
v 1.612941 2.041539 0.691323
v 1.625 2.043301 0.64
v 1.625 2.036715 0.69003
v 1.635355 2.035355 0.64
v 1.635355 2.029039 0.687973
v 1.643301 2.025 0.64
v 1.643301 2.019037 0.685293
v 1.648296 2.012941 0.64
v 1.648296 2.007389 0.682172
v 1.65 2.0 0.64
v 1.65 1.994889 0.678823
v 1.648296 1.987059 0.64
v 1.648296 1.982389 0.675473
v 1.643301 1.975 0.64
v 1.643301 1.970741 0.672352
v 1.635355 1.964645 0.64
v 1.635355 1.960738 0.669672
v 1.625 1.956699 0.64
v 1.625 1.953063 0.667616
v 1.612941 1.951704 0.64
v 1.612941 1.948238 0.666323
v 1.6 1.936602 0.69
v 1.587059 1.938078 0.690852
v 1.575 1.942404 0.693349
v 1.564645 1.949285 0.697322
v 1.556699 1.958253 0.7025
v 1.551704 1.968697 0.70853
v 1.55 1.979904 0.715
v 1.551704 1.991111 0.72147
v 1.556699 2.001554 0.7275
v 1.564645 2.010522 0.732678
v 1.575 2.017404 0.736651
v 1.587059 2.02173 0.739148
v 1.6 2.023205 0.74
v 1.612941 2.02173 0.739148
v 1.625 2.017404 0.736651
v 1.635355 2.010522 0.732678
v 1.643301 2.001554 0.7275
v 1.648296 1.991111 0.72147
v 1.65 1.979904 0.715
v 1.648296 1.968697 0.70853
v 1.643301 1.958253 0.7025
v 1.635355 1.949285 0.697322
v 1.625 1.942404 0.693349
v 1.612941 1.938078 0.690852
v 1.6 1.920711 0.710711
v 1.587059 1.921915 0.711915
v 1.575 1.925447 0.715447
v 1.564645 1.931066 0.721066
v 1.556699 1.938388 0.728388
v 1.551704 1.946915 0.736915
v 1.55 1.956066 0.746066
v 1.551704 1.965217 0.755217
v 1.556699 1.973744 0.763744
v 1.564645 1.981066 0.771066
v 1.575 1.986685 0.776685
v 1.587059 1.990216 0.780217
v 1.6 1.991421 0.781421
v 1.612941 1.990216 0.780217
v 1.625 1.986685 0.776685
v 1.635355 1.981066 0.771066
v 1.643301 1.973744 0.763744
v 1.648296 1.965217 0.755217
v 1.65 1.956066 0.746066
v 1.648296 1.946915 0.736915
v 1.643301 1.938388 0.728388
v 1.635355 1.931066 0.721066
v 1.625 1.925447 0.715447
v 1.612941 1.921915 0.711915
v 1.6 1.9 0.726603
v 1.587059 1.900852 0.728078
v 1.575 1.903349 0.732404
v 1.564645 1.907322 0.739285
v 1.556699 1.9125 0.748253
v 1.551704 1.91853 0.758697
v 1.55 1.925 0.769904
v 1.551704 1.931471 0.781111
v 1.556699 1.9375 0.791554
v 1.564645 1.942678 0.800522
v 1.575 1.946651 0.807404
v 1.587059 1.949148 0.81173
v 1.6 1.95 0.813205
v 1.612941 1.949148 0.81173
v 1.625 1.946651 0.807404
v 1.635355 1.942678 0.800522
v 1.643301 1.9375 0.791554
v 1.648296 1.931471 0.781111
v 1.65 1.925 0.769904
v 1.648296 1.91853 0.758697
v 1.643301 1.9125 0.748253
v 1.635355 1.907322 0.739285
v 1.625 1.903349 0.732404
v 1.612941 1.900852 0.728078
v 1.6 1.875882 0.736593
v 1.587059 1.876323 0.738238
v 1.575 1.877616 0.743063
v 1.564645 1.879672 0.750738
v 1.556699 1.882352 0.760741
v 1.551704 1.885473 0.772389
v 1.55 1.888823 0.784889
v 1.551704 1.892172 0.797389
v 1.556699 1.895293 0.809037
v 1.564645 1.897973 0.81904
v 1.575 1.90003 0.826715
v 1.587059 1.901323 0.83154
v 1.6 1.901764 0.833185
v 1.612941 1.901323 0.83154
v 1.625 1.90003 0.826715
v 1.635355 1.897973 0.81904
v 1.643301 1.895293 0.809037
v 1.648296 1.892172 0.797389
v 1.65 1.888823 0.784889
v 1.648296 1.885473 0.772389
v 1.643301 1.882352 0.760741
v 1.635355 1.879672 0.750738
v 1.625 1.877616 0.743063
v 1.612941 1.876323 0.738238
v 1.551704 2.012941 0.24
v 1.556699 2.025 0.24
v 1.564645 2.035355 0.24
v 1.575 2.043301 0.24
v 1.587059 2.048296 0.24
v 1.6 2.05 0.24
v 1.612941 2.048296 0.24
v 1.625 2.043301 0.24
v 1.635355 2.035355 0.24
v 1.643301 2.025 0.24
v 1.648296 2.012941 0.24
v 1.65 2.0 0.24
v 1.55 1.979904 0.165
v 1.551704 1.968697 0.17147
v 1.556699 1.958253 0.1775
v 1.564645 1.949285 0.182678
v 1.575 1.942404 0.186651
v 1.587059 1.938078 0.189148
v 1.6 1.936602 0.19
v 1.612941 1.938078 0.189148
v 1.625 1.942404 0.186651
v 1.635355 1.949285 0.182678
v 1.643301 1.958253 0.1775
v 1.648296 1.968697 0.17147
v 1.65 1.979904 0.165
v 1.648296 1.991111 0.15853
v 1.64974 2.0 0.200571
v 1.551704 1.991111 0.15853
v 1.551704 2.007389 0.197828
v 1.556699 2.001554 0.1525
v 1.556699 2.019037 0.194707
v 1.564645 2.010522 0.147322
v 1.564645 2.029039 0.192027
v 1.575 2.017404 0.143349
v 1.575 2.036715 0.18997
v 1.587059 2.02173 0.140852
v 1.587059 2.041539 0.188677
v 1.6 2.023205 0.14
v 1.6 2.043185 0.188236
v 1.612941 2.02173 0.140852
v 1.612941 2.041539 0.188677
v 1.625 2.017404 0.143349
v 1.625 2.036715 0.18997
v 1.635355 2.010522 0.147322
v 1.635355 2.029039 0.192027
v 1.643301 2.001554 0.1525
v 1.643301 2.019037 0.194707
v 1.648296 2.007389 0.197828
v 1.6 1.85 0.14
v 1.6 1.875882 0.143407
v 1.587059 1.85 0.138296
v 1.587059 1.876323 0.141762
v 1.575 1.85 0.133301
v 1.575 1.877616 0.136937
v 1.564645 1.85 0.125355
v 1.564645 1.879672 0.129262
v 1.556699 1.85 0.115
v 1.556699 1.882352 0.119259
v 1.551704 1.85 0.102941
v 1.551704 1.885473 0.107611
v 1.55 1.85 0.09
v 1.55 1.888823 0.095111
v 1.551704 1.85 0.077059
v 1.551704 1.892172 0.082611
v 1.556699 1.85 0.065
v 1.556699 1.895293 0.070963
v 1.564645 1.85 0.054645
v 1.564645 1.897973 0.06096
v 1.575 1.85 0.046699
v 1.575 1.90003 0.053285
v 1.587059 1.85 0.041704
v 1.587059 1.901323 0.04846
v 1.6 1.85 0.04
v 1.6 1.901764 0.046815
v 1.612941 1.85 0.041704
v 1.612941 1.901323 0.04846
v 1.625 1.85 0.046699
v 1.625 1.90003 0.053285
v 1.635355 1.85 0.054645
v 1.635355 1.897973 0.06096
v 1.643301 1.85 0.065
v 1.643301 1.895293 0.070963
v 1.648296 1.85 0.077059
v 1.648296 1.892172 0.082611
v 1.65 1.85 0.09
v 1.65 1.888823 0.095111
v 1.648296 1.85 0.102941
v 1.648296 1.885473 0.107611
v 1.643301 1.85 0.115
v 1.643301 1.882352 0.119259
v 1.635355 1.85 0.125355
v 1.635355 1.879672 0.129262
v 1.625 1.85 0.133301
v 1.625 1.877616 0.136937
v 1.612941 1.85 0.138296
v 1.612941 1.876323 0.141762
v 1.6 1.9 0.153397
v 1.587059 1.900852 0.151922
v 1.575 1.903349 0.147596
v 1.564645 1.907322 0.140715
v 1.556699 1.9125 0.131747
v 1.551704 1.91853 0.121303
v 1.55 1.925 0.110096
v 1.551704 1.931471 0.098889
v 1.556699 1.9375 0.088446
v 1.564645 1.942678 0.079478
v 1.575 1.946651 0.072596
v 1.587059 1.949148 0.06827
v 1.6 1.95 0.066795
v 1.612941 1.949148 0.06827
v 1.625 1.946651 0.072596
v 1.635355 1.942678 0.079478
v 1.643301 1.9375 0.088446
v 1.648296 1.931471 0.098889
v 1.65 1.925 0.110096
v 1.648296 1.91853 0.121303
v 1.643301 1.9125 0.131747
v 1.635355 1.907322 0.140715
v 1.625 1.903349 0.147596
v 1.612941 1.900852 0.151922
v 1.6 1.920711 0.169289
v 1.587059 1.921915 0.168085
v 1.575 1.925447 0.164553
v 1.564645 1.931066 0.158934
v 1.556699 1.938388 0.151612
v 1.551704 1.946915 0.143085
v 1.55 1.956066 0.133934
v 1.551704 1.965217 0.124783
v 1.556699 1.973744 0.116256
v 1.564645 1.981066 0.108934
v 1.575 1.986685 0.103315
v 1.587059 1.990216 0.099783
v 1.6 1.991421 0.098579
v 1.612941 1.990216 0.099783
v 1.625 1.986685 0.103315
v 1.635355 1.981066 0.108934
v 1.643301 1.973744 0.116256
v 1.648296 1.965217 0.124783
v 1.65 1.956066 0.133934
v 1.648296 1.946915 0.143085
v 1.643301 1.938388 0.151612
v 1.635355 1.931066 0.158934
v 1.625 1.925447 0.164553
v 1.612941 1.921915 0.168085
v 1.85 -1.65 1.75
v 1.85 1.65 1.75
v -1.85 1.65 1.75
v -1.85 -1.65 1.75
v -1.131305 1.47512 1.79
v -1.148595 1.497278 1.79
v -1.151689 1.499791 1.79
newmtl 6
Ka 0.7529411764705882 0.7529411764705882 0.7529411764705882
Kd 0.7529411764705882 0.7529411764705882 0.7529411764705882
Ks 0.3764705882352941 0.3764705882352941 0.3764705882352941
d 0.0
endmtl
v -1.536739 1.280186 1.79
v -1.536391 1.27736 1.79
v -1.089523 1.394246 1.79
v -1.525913 1.250425 1.79
v -1.5209 1.237538 1.79
v -1.176397 1.519853 1.79
v -1.54334 1.333764 1.79
v -1.54232 1.325485 1.79
v -1.540662 1.312028 1.79
v -1.515652 1.224045 1.79
v -1.505472 1.209735 1.79
v -1.487032 1.183811 1.79
v -1.48236 1.177244 1.79
v -1.478122 1.173657 1.79
v -1.453562 1.15287 1.79
v -1.438538 1.140155 1.79
v -1.427474 1.13475 1.79
v -1.415188 1.128748 1.79
v -1.398012 1.547511 1.79
v -1.406066 1.54508 1.79
v -1.41058 1.542362 1.79
v -1.438191 1.52573 1.79
v -1.454798 1.515727 1.79
v -1.464072 1.507183 1.79
v -1.474028 1.49801 1.79
v -1.386873 1.114916 1.79
v -1.355173 1.108325 1.79
v -1.341181 1.105415 1.79
v -1.106765 1.43684 1.79
v -1.113617 1.452451 1.79
v -1.122622 1.463992 1.79
v -1.093854 1.407426 1.79
v -1.09047 1.399718 1.79
v -1.185864 1.52754 1.79
v -1.216045 1.542234 1.79
v -1.237203 1.552535 1.79
v -1.245506 1.554267 1.79
v -1.258932 1.557067 1.79
v -1.290297 1.56361 1.79
v -1.336305 1.562374 1.79
v -1.350931 1.56172 1.79
v -1.367571 1.556698 1.79
v -1.482066 1.490604 1.79
v -1.494301 1.473478 1.79
v -1.512896 1.447451 1.79
v -1.530674 1.404927 1.79
v -1.536282 1.390599 1.79
v -1.540422 1.357263 1.79
v -1.331011 1.103301 1.79
v -1.309383 1.104165 1.79
v -1.277629 1.105434 1.79
v -1.274624 1.105554 1.79
v -1.264363 1.108582 1.79
v -1.233436 1.117707 1.79
v -1.115507 1.21422 1.79
v -1.108563 1.223959 1.79
v -1.101439 1.24233 1.79
v -1.096401 1.255323 1.79
v -1.082859 1.317474 1.79
v -1.081192 1.330874 1.79
v -1.293534 1.564285 1.79
v -1.322034 1.563011 1.79
v -1.515409 1.443933 1.79
v -1.519014 1.434721 1.79
v -1.166148 1.154952 1.79
v -1.170696 1.150769 1.79
v -1.192911 1.137647 1.79
v -1.141797 1.177349 1.79
v -1.134164 1.188054 1.79
v -1.086802 1.285783 1.79
v -1.087846 1.277384 1.79
v -1.219921 1.121694 1.79
v -1.204556 1.130769 1.79
v -1.080833 1.333764 1.79
v -1.081158 1.345929 1.79
v -1.084049 1.362627 1.79
v -1.106692 1.208746 1.795469
v -1.091491 1.238094 1.795469
v -1.086142 1.25156 1.795469
v -1.126024 1.181497 1.795469
v -1.135768 1.170313 1.795469
v -1.160022 1.147503 1.795469
v -1.18724 1.128257 1.795469
v -1.22992 1.107808 1.795469
v -1.199476 1.121319 1.795469
v -1.262139 1.098552 1.795469
v -1.276238 1.095983 1.795469
v -1.342559 1.095263 1.795469
v -1.309215 1.093326 1.795469
v -1.357246 1.097597 1.795469
v -1.389355 1.10604 1.795469
v -1.420111 1.11893 1.795469
v -1.432623 1.125704 1.795469
v -1.460264 1.144395 1.795469
v -1.485144 1.166784 1.795469
v -1.494731 1.177322 1.795469
v -1.514458 1.20389 1.795469
v -1.530504 1.2332 1.795469
v -1.546024 1.278013 1.795469
v -1.536135 1.246433 1.795469
v -1.551468 1.31096 1.795469
v -1.552385 1.325047 1.795469
v -1.551287 1.358411 1.795469
v -1.545589 1.391313 1.795469
v -1.540725 1.408297 1.795469
v -1.528228 1.439126 1.795469
v -1.521309 1.452273 1.795469
v -1.480903 1.505025 1.795469
v -1.502964 1.480036 1.795469
v -1.470583 1.5146 1.795469
v -1.444051 1.534763 1.795469
v -1.414823 1.551183 1.795469
v -1.401706 1.556919 1.795469
v -1.370228 1.567087 1.795469
v -1.337333 1.572875 1.795469
v -1.28935 1.573157 1.795469
v -1.322518 1.573983 1.795469
v -1.256445 1.567689 1.795469
v -1.242658 1.563961 1.795469
v -1.211452 1.552127 1.795469
v -1.182106 1.536068 1.795469
v -1.170369 1.528026 1.795469
v -1.145051 1.506701 1.795469
v -1.122686 1.481864 1.795469
v -1.113992 1.470035 1.795469
v -1.097152 1.441571 1.795469
v -1.080063 1.396755 1.795469
v -1.084308 1.410728 1.795469
v -1.071651 1.330712 1.795469
v -1.073564 1.364029 1.795469
v -1.072251 1.316633 1.795469
v -1.076923 1.283757 1.795469
v -1.06699 1.281642 1.798854
v -1.062122 1.315901 1.798854
v -1.061497 1.330581 1.798854
v -1.063491 1.365316 1.798854
v -1.070262 1.399413 1.798854
v -1.074685 1.413971 1.798854
v -1.088073 1.446121 1.798854
v -1.105631 1.475798 1.798854
v -1.114689 1.488123 1.798854
v -1.13799 1.514 1.798854
v -1.164379 1.536227 1.798854
v -1.17662 1.544614 1.798854
v -1.207207 1.561352 1.798854
v -1.239719 1.573681 1.798854
v -1.254085 1.577566 1.798854
v -1.288393 1.583267 1.798854
v -1.322965 1.584129 1.798854
v -1.3384 1.582974 1.798854
v -1.372673 1.576944 1.798854
v -1.405493 1.566342 1.798854
v -1.419169 1.560362 1.798854
v -1.449626 1.543251 1.798854
v -1.477269 1.522243 1.798854
v -1.488025 1.512263 1.798854
v -1.511029 1.486206 1.798854
v -1.530146 1.457275 1.798854
v -1.537355 1.443578 1.798854
v -1.550377 1.411453 1.798854
v -1.555449 1.393743 1.798854
v -1.561389 1.359443 1.798854
v -1.562534 1.324683 1.798854
v -1.561578 1.310005 1.798854
v -1.555903 1.27566 1.798854
v -1.545593 1.242736 1.798854
v -1.539726 1.228948 1.798854
v -1.523008 1.198411 1.798854
v -1.502445 1.170718 1.798854
v -1.492448 1.159728 1.798854
v -1.466517 1.136393 1.798854
v -1.437719 1.11692 1.798854
v -1.424681 1.109861 1.798854
v -1.392612 1.096422 1.798854
v -1.359146 1.087621 1.798854
v -1.343844 1.085189 1.798854
v -1.309103 1.083171 1.798854
v -1.274718 1.085942 1.798854
v -1.26002 1.088621 1.798854
v -1.226448 1.098265 1.798854
v -1.194727 1.112342 1.798854
v -1.181973 1.119575 1.798854
v -1.153593 1.139643 1.798854
v -1.128319 1.163411 1.798854
v -1.118167 1.175062 1.798854
v -1.098022 1.203459 1.798854
v -1.082171 1.234062 1.798854
v -1.076596 1.248097 1.798854
v -1.052933 1.366665 1.8
v -1.05999 1.402199 1.8
v -1.078558 1.45089 1.8
v -1.096867 1.481838 1.8
v -1.130591 1.521649 1.8
v -1.158103 1.544822 1.8
v -1.202758 1.571021 1.8
v -1.236639 1.583869 1.8
v -1.287391 1.593862 1.8
v -1.323433 1.594761 1.8
v -1.375237 1.587273 1.8
v -1.409462 1.576217 1.8
v -1.455469 1.552147 1.8
v -1.484277 1.530254 1.8
v -1.519482 1.492673 1.8
v -1.539408 1.462518 1.8
v -1.560493 1.414761 1.8
v -1.571977 1.360525 1.8
v -1.57317 1.324301 1.8
v -1.566257 1.273194 1.8
v -1.555506 1.238862 1.8
v -1.53197 1.19267 1.8
v -1.51053 1.163796 1.8
v -1.473071 1.128007 1.8
v -1.44306 1.107715 1.8
v -1.396025 1.086341 1.8
v -1.361138 1.077166 1.8
v -1.308985 1.072529 1.8
v -1.273126 1.075419 1.8
v -1.222809 1.088263 1.8
v -1.189751 1.102934 1.8
v -1.146854 1.131405 1.8
v -1.120512 1.156177 1.8
v -1.109933 1.168319 1.8
v -1.088935 1.197918 1.8
v -1.072403 1.229836 1.8
v -1.056581 1.279425 1.8
v -1.051507 1.315134 1.8
v 1.848296 -1.662941 1.75
v 1.843301 -1.675 1.75
v 1.835355 -1.685355 1.75
v 1.825 -1.693301 1.75
v 1.812941 -1.698296 1.75
v 1.8 -1.698539 1.761099
v 1.8 -1.698296 1.762941
v 1.347949 -1.695048 1.771694
v 1.349481 -1.698746 1.761126
v 1.8 -1.694726 1.771561
v 1.8 -1.693301 1.775
v 1.345482 -1.689092 1.781174
v 1.8 -1.688759 1.780919
v 1.8 -1.685355 1.785355
v 1.342202 -1.681175 1.789092
v 1.8 -1.680919 1.788759
v 1.8 -1.675 1.793301
v 1.338275 -1.671694 1.795048
v 1.8 -1.671561 1.794726
v 1.8 -1.662941 1.798296
v 1.333898 -1.661126 1.798746
v 1.8 -1.661099 1.798539
v 1.848296 -1.65 1.762941
v 1.846651 -1.6625 1.762941
v 1.843301 -1.65 1.775
v 1.841826 -1.661207 1.775
v 1.824148 -1.65647 1.793301
v 1.8125 -1.653349 1.798296
v 1.811207 -1.65647 1.798296
v 1.812941 -1.65 1.798296
v 1.803349 -1.6625 1.798296
v 1.80647 -1.661207 1.798296
v 1.825 -1.65 1.793301
v 1.835355 -1.65 1.785355
v 1.821651 -1.6625 1.793301
v 1.809151 -1.659151 1.798296
v 1.817678 -1.667678 1.793301
v 1.8125 -1.671651 1.793301
v 1.80647 -1.674148 1.793301
v 1.834151 -1.659151 1.785355
v 1.830619 -1.667678 1.785355
v 1.825 -1.675 1.785355
v 1.817678 -1.680619 1.785355
v 1.809151 -1.684151 1.785355
v 1.8375 -1.671651 1.775
v 1.830619 -1.680619 1.775
v 1.821651 -1.6875 1.775
v 1.811207 -1.691826 1.775
v 1.841826 -1.674148 1.762941
v 1.834151 -1.684151 1.762941
v 1.824148 -1.691826 1.762941
v 1.8125 -1.696651 1.762941
v 1.037137 -1.957848 1.798539
v 1.03844 -1.959151 1.798296
v 1.044535 -1.965246 1.794726
v 1.046967 -1.967678 1.793301
v 1.051153 -1.971863 1.788759
v 1.054289 -1.975 1.785355
v 1.056696 -1.977407 1.780919
v 1.059908 -1.980619 1.775
v 1.060915 -1.981626 1.771561
v 1.06344 -1.984151 1.762941
v 1.063612 -1.984322 1.761099
v 1.039044 -1.999039 1.75
v 1.048423 -1.996194 1.75
v 1.057068 -1.991573 1.75
v 1.812941 1.698296 1.75
v 1.825 1.693301 1.75
v 1.835355 1.685355 1.75
v 1.843301 1.675 1.75
v 1.848296 1.662941 1.75
v 1.848296 1.65 1.762941
v 1.843301 1.65 1.775
v 1.835355 1.65 1.785355
v 1.825 1.65 1.793301
v 1.812941 1.65 1.798296
v 1.036479 -1.96076 1.798296
v 1.043179 -1.970787 1.793301
v 1.048932 -1.979397 1.785355
v 1.053346 -1.986004 1.775
v 1.056121 -1.990157 1.762941
v 1.047772 -1.99462 1.762941
v 1.04586 -1.990005 1.775
v 1.042819 -1.982664 1.785355
v 1.038857 -1.973097 1.793301
v 1.034242 -1.961956 1.798296
v 1.031814 -1.962692 1.798296
v 1.034167 -1.97452 1.793301
v 1.036187 -1.984676 1.785355
v 1.037737 -1.992469 1.775
v 1.038712 -1.997368 1.762941
v 1.029289 -1.998296 1.762941
v 1.029289 -1.993301 1.775
v 1.029289 -1.985355 1.785355
v 1.029289 -1.975 1.793301
v 1.029289 -1.962941 1.798296
v 1.8 1.694726 1.771561
v 1.8 1.693301 1.775
v 1.811207 1.691826 1.775
v 1.8 1.688759 1.780919
v 1.8 1.685355 1.785355
v 1.809151 1.684151 1.785355
v 1.80647 1.674148 1.793301
v 1.803349 1.6625 1.798296
v 1.80647 1.661207 1.798296
v 1.8125 1.653349 1.798296
v 1.8 1.661099 1.798539
v 1.8 1.680919 1.788759
v 1.8 1.675 1.793301
v 1.8 1.671561 1.794726
v 1.8 1.662941 1.798296
v 1.817678 1.667678 1.793301
v 1.811207 1.65647 1.798296
v 1.821651 1.6625 1.793301
v 1.824148 1.65647 1.793301
v 1.8125 1.671651 1.793301
v 1.809151 1.659151 1.798296
v 1.817678 1.680619 1.785355
v 1.825 1.675 1.785355
v 1.830619 1.667678 1.785355
v 1.834151 1.659151 1.785355
v 1.821651 1.6875 1.775
v 1.830619 1.680619 1.775
v 1.8375 1.671651 1.775
v 1.841826 1.661207 1.775
v 1.8 1.698539 1.761099
v 1.8 1.698296 1.762941
v 1.8125 1.696651 1.762941
v 1.824148 1.691826 1.762941
v 1.834151 1.684151 1.762941
v 1.841826 1.674148 1.762941
v 1.846651 1.6625 1.762941
v -1.029289 -1.962941 1.798296
v -1.029289 -1.975 1.793301
v -1.029289 -1.985355 1.785355
v -1.029289 -1.993301 1.775
v -1.029289 -1.998296 1.762941
v -1.054289 -1.993301 1.75
v -1.04223 -1.998296 1.75
v 1.338275 1.671694 1.795048
v 1.333898 1.661126 1.798746
v 1.342202 1.681175 1.789092
v 1.345482 1.689092 1.781174
v 1.347949 1.695048 1.771694
v 1.349481 1.698746 1.761126
v -1.03576 -1.961207 1.798296
v -1.037137 -1.957848 1.798539
v -1.03844 -1.959151 1.798296
v -1.044535 -1.965246 1.794726
v -1.041789 -1.971651 1.793301
v -1.046967 -1.967678 1.793301
v -1.051153 -1.971863 1.788759
v -1.046967 -1.980619 1.785355
v -1.054289 -1.975 1.785355
v -1.05094 -1.9875 1.775
v -1.056696 -1.977407 1.780919
v -1.032639 -1.9625 1.798296
v -1.03576 -1.974148 1.793301
v -1.03844 -1.984151 1.785355
v -1.040496 -1.991826 1.775
v -1.041789 -1.996651 1.762941
v -1.053437 -1.991826 1.762941
v -1.059908 -1.980619 1.775
v -1.060915 -1.981626 1.771561
v -1.06344 -1.984151 1.762941
v -1.063612 -1.984322 1.761099
v 1.054289 1.993301 1.75
v 1.04223 1.998296 1.75
v 1.063612 1.984322 1.761099
v 1.06344 1.984151 1.762941
v 1.060915 1.981626 1.771561
v 1.059908 1.980619 1.775
v 1.056696 1.977407 1.780919
v 1.054289 1.975 1.785355
v 1.051153 1.971863 1.788759
v 1.046967 1.967678 1.793301
v 1.044535 1.965246 1.794726
v 1.03844 1.959151 1.798296
v 1.037137 1.957848 1.798539
v -1.347949 -1.695048 1.771694
v -1.349481 -1.698746 1.761126
v -1.345482 -1.689092 1.781174
v -1.342202 -1.681175 1.789092
v -1.338275 -1.671694 1.795048
v -1.333898 -1.661126 1.798746
v 1.03576 1.961207 1.798296
v 1.041789 1.971651 1.793301
v 1.046967 1.980619 1.785355
v 1.05094 1.9875 1.775
v 1.029289 1.962941 1.798296
v 1.032639 1.9625 1.798296
v 1.029289 1.975 1.793301
v 1.03576 1.974148 1.793301
v 1.029289 1.985355 1.785355
v 1.03844 1.984151 1.785355
v 1.029289 1.993301 1.775
v 1.040496 1.991826 1.775
v 1.029289 1.998296 1.762941
v 1.041789 1.996651 1.762941
v 1.053437 1.991826 1.762941
v -1.8 -1.661099 1.798539
v -1.8 -1.662941 1.798296
v -1.8 -1.671561 1.794726
v -1.8 -1.675 1.793301
v -1.8 -1.680919 1.788759
v -1.8 -1.685355 1.785355
v -1.8 -1.688759 1.780919
v -1.8 -1.693301 1.775
v -1.8 -1.694726 1.771561
v -1.8 -1.698296 1.762941
v -1.8 -1.698539 1.761099
v -1.812941 -1.698296 1.75
v -1.825 -1.693301 1.75
v -1.835355 -1.685355 1.75
v -1.843301 -1.675 1.75
v -1.848296 -1.662941 1.75
v -1.039044 1.999039 1.75
v -1.042168 1.998092 1.75
v -1.048423 1.996194 1.75
v -1.054188 1.993112 1.75
v -1.057068 1.991573 1.75
v -1.029289 1.962941 1.798296
v -1.029289 1.975 1.793301
v -1.029289 1.985355 1.785355
v -1.029289 1.993301 1.775
v -1.029289 1.998296 1.762941
v -1.811207 -1.691826 1.775
v -1.809151 -1.684151 1.785355
v -1.80647 -1.674148 1.793301
v -1.803349 -1.6625 1.798296
v -1.80647 -1.661207 1.798296
v -1.812941 -1.65 1.798296
v -1.8125 -1.653349 1.798296
v -1.817678 -1.667678 1.793301
v -1.811207 -1.65647 1.798296
v -1.821651 -1.6625 1.793301
v -1.824148 -1.65647 1.793301
v -1.825 -1.65 1.793301
v -1.8125 -1.671651 1.793301
v -1.809151 -1.659151 1.798296
v -1.817678 -1.680619 1.785355
v -1.825 -1.675 1.785355
v -1.830619 -1.667678 1.785355
v -1.834151 -1.659151 1.785355
v -1.835355 -1.65 1.785355
v -1.821651 -1.6875 1.775
v -1.830619 -1.680619 1.775
v -1.8375 -1.671651 1.775
v -1.841826 -1.661207 1.775
v -1.843301 -1.65 1.775
v -1.8125 -1.696651 1.762941
v -1.824148 -1.691826 1.762941
v -1.834151 -1.684151 1.762941
v -1.841826 -1.674148 1.762941
v -1.846651 -1.6625 1.762941
v -1.848296 -1.65 1.762941
v -1.047772 1.99462 1.762941
v -1.056121 1.990157 1.762941
v -1.044535 1.965246 1.794726
v -1.03844 1.959151 1.798296
v -1.036479 1.96076 1.798296
v -1.037137 1.957848 1.798539
v -1.046967 1.967678 1.793301
v -1.043179 1.970787 1.793301
v -1.051153 1.971863 1.788759
v -1.048932 1.979397 1.785355
v -1.054289 1.975 1.785355
v -1.056696 1.977407 1.780919
v -1.053346 1.986004 1.775
v -1.059908 1.980619 1.775
v -1.060915 1.981626 1.771561
v -1.06344 1.984151 1.762941
v -1.063612 1.984322 1.761099
v -1.04586 1.990005 1.775
v -1.042819 1.982664 1.785355
v -1.038857 1.973097 1.793301
v -1.034242 1.961956 1.798296
v -1.038712 1.997368 1.762941
v -1.037737 1.992469 1.775
v -1.036187 1.984676 1.785355
v -1.034167 1.97452 1.793301
v -1.031814 1.962692 1.798296
v -1.848296 1.65 1.762941
v -1.843301 1.65 1.775
v -1.835355 1.65 1.785355
v -1.825 1.65 1.793301
v -1.812941 1.65 1.798296
v -1.848296 1.662941 1.75
v -1.843301 1.675 1.75
v -1.835355 1.685355 1.75
v -1.825 1.693301 1.75
v -1.812941 1.698296 1.75
v -1.338275 1.671694 1.795048
v -1.333898 1.661126 1.798746
v -1.342202 1.681175 1.789092
v -1.345482 1.689092 1.781174
v -1.347949 1.695048 1.771694
v -1.349481 1.698746 1.761126
v -1.846651 1.6625 1.762941
v -1.841826 1.661207 1.775
v -1.824148 1.65647 1.793301
v -1.8125 1.653349 1.798296
v -1.811207 1.65647 1.798296
v -1.803349 1.6625 1.798296
v -1.8 1.661099 1.798539
v -1.80647 1.661207 1.798296
v -1.821651 1.6625 1.793301
v -1.809151 1.659151 1.798296
v -1.817678 1.667678 1.793301
v -1.8125 1.671651 1.793301
v -1.80647 1.674148 1.793301
v -1.8 1.662941 1.798296
v -1.8 1.671561 1.794726
v -1.8 1.675 1.793301
v -1.8 1.680919 1.788759
v -1.834151 1.659151 1.785355
v -1.830619 1.667678 1.785355
v -1.825 1.675 1.785355
v -1.817678 1.680619 1.785355
v -1.809151 1.684151 1.785355
v -1.8 1.685355 1.785355
v -1.8375 1.671651 1.775
v -1.830619 1.680619 1.775
v -1.821651 1.6875 1.775
v -1.811207 1.691826 1.775
v -1.8 1.688759 1.780919
v -1.841826 1.674148 1.762941
v -1.834151 1.684151 1.762941
v -1.824148 1.691826 1.762941
v -1.8125 1.696651 1.762941
v -1.8 1.693301 1.775
v -1.8 1.694726 1.771561
v -1.8 1.698296 1.762941
v -1.8 1.698539 1.761099
v 1.070227 -1.204926 1.81
v 1.070227 -1.220384 1.81
v 1.016229 -1.204926 1.81
v 1.016229 -1.0848 1.81
v 0.998726 -1.0848 1.81
v 0.998726 -1.220384 1.81
v 1.139752 -1.222671 1.81
v 1.160417 -1.220696 1.81
v 1.174974 -1.215922 1.81
v 1.177287 -1.214769 1.81
v 1.177287 -1.197994 1.81
v 1.163994 -1.20397 1.81
v 1.148668 -1.206835 1.81
v 1.142282 -1.207075 1.81
v 1.128602 -1.20542 1.81
v 1.118946 -1.201681 1.81
v 1.110094 -1.195412 1.81
v 1.10745 -1.192796 1.81
v 1.100841 -1.183617 1.81
v 1.096459 -1.172684 1.81
v 1.094288 -1.159115 1.81
v 1.094141 -1.154117 1.81
v 1.096433 -1.13527 1.81
v 1.101008 -1.123611 1.81
v 1.108386 -1.113358 1.81
v 1.117626 -1.105732 1.81
v 1.128289 -1.100797 1.81
v 1.140086 -1.098526 1.81
v 1.145332 -1.098316 1.81
v 1.162025 -1.100309 1.81
v 1.175778 -1.105542 1.81
v 1.177287 -1.106357 1.81
v 1.177287 -1.088057 1.81
v 1.145159 -1.082512 1.81
v 1.145407 -1.082512 1.81
v 1.163118 -1.083943 1.81
v 1.125411 -1.084932 1.81
v 1.111265 -1.09046 1.81
v 1.098589 -1.099381 1.81
v 1.095354 -1.102475 1.81
v 1.079083 -1.130386 1.81
v 1.085521 -1.115324 1.81
v 1.07601 -1.148089 1.81
v 1.075772 -1.155156 1.81
v 1.084064 -1.191557 1.81
v 1.078507 -1.177458 1.81
v 1.093171 -1.204164 1.81
v 1.131579 -1.222286 1.81
v 1.104085 -1.213231 1.81
v 1.116883 -1.219263 1.81
v 1.277347 -1.204926 1.81
v 1.277347 -1.220384 1.81
v 1.221928 -1.204926 1.81
v 1.221928 -1.159315 1.81
v 1.270415 -1.159315 1.81
v 1.270415 -1.143788 1.81
v 1.221928 -1.143788 1.81
v 1.221928 -1.100396 1.81
v 1.274262 -1.100396 1.81
v 1.274262 -1.0848 1.81
v 1.204425 -1.0848 1.81
v 1.204425 -1.220384 1.81
v 1.387207 -1.182407 1.81
v 1.380456 -1.190786 1.81
v 1.392898 -1.201391 1.81
v 1.377961 -1.19305 1.81
v 1.378898 -1.211458 1.81
v 1.368982 -1.198931 1.81
v 1.36348 -1.217528 1.81
v 1.357388 -1.203068 1.81
v 1.340252 -1.220384 1.81
v 1.340148 -1.204926 1.81
v 1.30296 -1.220384 1.81
v 1.320462 -1.204926 1.81
v 1.30296 -1.0848 1.81
v 1.320462 -1.100396 1.81
v 1.341638 -1.0848 1.81
v 1.340945 -1.100396 1.81
v 1.362332 -1.087084 1.81
v 1.358394 -1.102321 1.81
v 1.378697 -1.093059 1.81
v 1.370157 -1.106561 1.81
v 1.392898 -1.102753 1.81
v 1.380075 -1.11315 1.81
v 1.397582 -1.107324 1.81
v 1.384525 -1.117654 1.81
v 1.406001 -1.119115 1.81
v 1.389616 -1.125457 1.81
v 1.411046 -1.132017 1.81
v 1.393268 -1.13572 1.81
v 1.413347 -1.150859 1.81
v 1.394943 -1.151344 1.81
v 1.412944 -1.159457 1.81
v 1.394497 -1.159909 1.81
v 1.409666 -1.175337 1.81
v 1.39187 -1.172336 1.81
v 1.402996 -1.189364 1.81
v 1.340945 -1.100396 1.8
v 1.320462 -1.100396 1.8
v 1.320462 -1.204926 1.8
v 1.340148 -1.204926 1.8
v 1.380456 -1.190786 1.8
v 1.377961 -1.19305 1.8
v 1.368982 -1.198931 1.8
v 1.357388 -1.203068 1.8
v 1.394943 -1.151344 1.8
v 1.394497 -1.159909 1.8
v 1.39187 -1.172336 1.8
v 1.387207 -1.182407 1.8
v 1.380075 -1.11315 1.8
v 1.384525 -1.117654 1.8
v 1.389616 -1.125457 1.8
v 1.393268 -1.13572 1.8
v 1.358394 -1.102321 1.8
v 1.370157 -1.106561 1.8
v 1.458785 -1.16798 1.81
v 1.453239 -1.183299 1.81
v 1.504291 -1.16798 1.81
v 1.509698 -1.183299 1.81
v 1.47906 -1.111625 1.81
v 1.472509 -1.0848 1.81
v 1.420868 -1.220384 1.81
v 1.440208 -1.220384 1.81
v 1.480234 -1.107579 1.81
v 1.481278 -1.102129 1.81
v 1.491225 -1.0848 1.81
v 1.481694 -1.102129 1.81
v 1.48279 -1.107865 1.81
v 1.483808 -1.111625 1.81
v 1.542866 -1.220384 1.81
v 1.523527 -1.220384 1.81
v 1.458785 -1.16798 1.8
v 1.504291 -1.16798 1.8
v 1.483808 -1.111625 1.8
v 1.481694 -1.102129 1.8
v 1.48279 -1.107865 1.8
v 1.481278 -1.102129 1.8
v 1.47906 -1.111625 1.8
v 1.480234 -1.107579 1.8
v 1.071648 -1.420017 1.81
v 1.071648 -1.435475 1.81
v 1.016229 -1.420017 1.81
v 1.016229 -1.374407 1.81
v 1.064716 -1.374407 1.81
v 1.064716 -1.35888 1.81
v 1.016229 -1.35888 1.81
v 1.016229 -1.315487 1.81
v 1.068563 -1.315487 1.81
v 1.068563 -1.299891 1.81
v 0.998726 -1.299891 1.81
v 0.998726 -1.435475 1.81
v 1.126062 -1.389934 1.81
v 1.148729 -1.386884 1.81
v 1.165711 -1.373159 1.81
v 1.148729 -1.435475 1.81
v 1.165711 -1.435475 1.81
v 1.148729 -1.420503 1.81
v 1.148729 -1.373922 1.81
v 1.111848 -1.394195 1.81
v 1.115872 -1.392286 1.81
v 1.148278 -1.420503 1.81
v 1.139765 -1.417614 1.81
v 1.145524 -1.424675 1.81
v 1.135059 -1.420967 1.81
v 1.148729 -1.396172 1.81
v 1.147774 -1.404288 1.81
v 1.145411 -1.410423 1.81
v 1.141451 -1.415928 1.81
v 1.117276 -1.423184 1.81
v 1.11861 -1.437763 1.81
v 1.123012 -1.42383 1.81
v 1.126994 -1.436879 1.81
v 1.129996 -1.422962 1.81
v 1.133944 -1.434458 1.81
v 1.140143 -1.430412 1.81
v 1.148158 -1.366532 1.81
v 1.164346 -1.360069 1.81
v 1.146413 -1.360436 1.81
v 1.161666 -1.352411 1.81
v 1.144426 -1.356922 1.81
v 1.158175 -1.346962 1.81
v 1.141869 -1.354178 1.81
v 1.153625 -1.342659 1.81
v 1.138867 -1.352224 1.81
v 1.147959 -1.339459 1.81
v 1.13495 -1.350837 1.81
v 1.140756 -1.337309 1.81
v 1.129112 -1.350215 1.81
v 1.130706 -1.336421 1.81
v 1.119773 -1.351108 1.81
v 1.113382 -1.338539 1.81
v 1.109133 -1.354541 1.81
v 1.100772 -1.343454 1.81
v 1.097365 -1.36193 1.81
v 1.097365 -1.345432 1.81
v 1.108606 -1.418011 1.81
v 1.096221 -1.430138 1.81
v 1.11005 -1.419463 1.81
v 1.101778 -1.434043 1.81
v 1.113434 -1.421774 1.81
v 1.108255 -1.436532 1.81
v 1.11798 -1.437759 1.81
v 1.105272 -1.405469 1.81
v 1.087948 -1.407548 1.81
v 1.105128 -1.408164 1.81
v 1.087903 -1.409551 1.81
v 1.10556 -1.412063 1.81
v 1.088783 -1.417433 1.81
v 1.106676 -1.415148 1.81
v 1.090867 -1.42314 1.81
v 1.094418 -1.428321 1.81
v 1.120031 -1.377942 1.81
v 1.107147 -1.381122 1.81
v 1.109634 -1.395895 1.81
v 1.099927 -1.38483 1.81
v 1.107601 -1.398412 1.81
v 1.094732 -1.389345 1.81
v 1.106111 -1.401579 1.81
v 1.091345 -1.394213 1.81
v 1.089023 -1.400207 1.81
v 1.109634 -1.395895 1.8
v 1.111848 -1.394195 1.8
v 1.115872 -1.392286 1.8
v 1.126062 -1.389934 1.8
v 1.105128 -1.408164 1.8
v 1.105272 -1.405469 1.8
v 1.106111 -1.401579 1.8
v 1.107601 -1.398412 1.8
v 1.11005 -1.419463 1.8
v 1.108606 -1.418011 1.8
v 1.106676 -1.415148 1.8
v 1.10556 -1.412063 1.8
v 1.123012 -1.42383 1.8
v 1.117276 -1.423184 1.8
v 1.113434 -1.421774 1.8
v 1.141451 -1.415928 1.8
v 1.139765 -1.417614 1.8
v 1.135059 -1.420967 1.8
v 1.129996 -1.422962 1.8
v 1.148729 -1.396172 1.8
v 1.147774 -1.404288 1.8
v 1.145411 -1.410423 1.8
v 1.148729 -1.386884 1.8
v 1.188725 -1.414541 1.81
v 1.194831 -1.418366 1.81
v 1.21666 -1.423899 1.81
v 1.205453 -1.422517 1.81
v 1.188725 -1.432079 1.81
v 1.200618 -1.436262 1.81
v 1.214996 -1.437763 1.81
v 1.230453 -1.435909 1.81
v 1.239356 -1.432446 1.81
v 1.243208 -1.430068 1.81
v 1.24848 -1.425347 1.81
v 1.251504 -1.420822 1.81
v 1.25345 -1.415405 1.81
v 1.254125 -1.409135 1.81
v 1.253259 -1.402152 1.81
v 1.251324 -1.397249 1.81
v 1.248442 -1.393122 1.81
v 1.244392 -1.389509 1.81
v 1.233113 -1.383237 1.81
v 1.226537 -1.380576 1.81
v 1.216027 -1.376001 1.81
v 1.21004 -1.372258 1.81
v 1.208383 -1.370435 1.81
v 1.20716 -1.368144 1.81
v 1.206486 -1.365506 1.81
v 1.206331 -1.363247 1.81
v 1.206639 -1.360538 1.81
v 1.207477 -1.358245 1.81
v 1.208933 -1.356084 1.81
v 1.211496 -1.353819 1.81
v 1.215304 -1.351795 1.81
v 1.219846 -1.350592 1.81
v 1.224874 -1.350215 1.81
v 1.236747 -1.35166 1.81
v 1.246354 -1.355385 1.81
v 1.249481 -1.357216 1.81
v 1.249481 -1.340719 1.81
v 1.238451 -1.337478 1.81
v 1.226537 -1.336421 1.81
v 1.212913 -1.338061 1.81
v 1.203827 -1.341582 1.81
v 1.199712 -1.344115 1.81
v 1.194316 -1.349064 1.81
v 1.191293 -1.353679 1.81
v 1.189396 -1.35916 1.81
v 1.188829 -1.364772 1.81
v 1.189702 -1.371943 1.81
v 1.191681 -1.377032 1.81
v 1.193646 -1.380091 1.81
v 1.214545 -1.392914 1.81
v 1.204423 -1.388274 1.81
v 1.196425 -1.382996 1.81
v 1.225697 -1.397585 1.81
v 1.232325 -1.401579 1.81
v 1.234441 -1.403783 1.81
v 1.235754 -1.406034 1.81
v 1.236526 -1.408686 1.81
v 1.236692 -1.410798 1.81
v 1.236341 -1.414038 1.81
v 1.235477 -1.416453 1.81
v 1.233995 -1.418646 1.81
v 1.232046 -1.420375 1.81
v 1.230498 -1.421315 1.81
v 1.226115 -1.422919 1.81
v 1.21741 -1.423895 1.81
v 1.338311 -1.338639 1.81
v 1.355918 -1.338639 1.81
v 1.311867 -1.411561 1.81
v 1.310567 -1.416075 1.81
v 1.309787 -1.419394 1.81
v 1.309337 -1.419394 1.81
v 1.307257 -1.411422 1.81
v 1.281956 -1.338639 1.81
v 1.262964 -1.338639 1.81
v 1.300949 -1.435267 1.81
v 1.293498 -1.452874 1.81
v 1.28972 -1.459587 1.81
v 1.286267 -1.463133 1.81
v 1.283086 -1.465077 1.81
v 1.279349 -1.466245 1.81
v 1.276099 -1.466529 1.81
v 1.269938 -1.465727 1.81
v 1.266464 -1.464588 1.81
v 1.266464 -1.479699 1.81
v 1.273667 -1.480951 1.81
v 1.277416 -1.481086 1.81
v 1.284603 -1.480217 1.81
v 1.291272 -1.477585 1.81
v 1.297185 -1.473355 1.81
v 1.297252 -1.473295 1.81
v 1.303502 -1.466196 1.81
v 1.31163 -1.45095 1.81
v 1.311971 -1.450101 1.81
v 1.447139 -1.420017 1.81
v 1.447139 -1.435475 1.81
v 1.39172 -1.420017 1.81
v 1.39172 -1.374407 1.81
v 1.440208 -1.374407 1.81
v 1.440208 -1.35888 1.81
v 1.39172 -1.35888 1.81
v 1.39172 -1.315487 1.81
v 1.444055 -1.315487 1.81
v 1.444055 -1.299891 1.81
v 1.374218 -1.299891 1.81
v 1.374218 -1.435475 1.81
v 1.556999 -1.397499 1.81
v 1.550249 -1.405877 1.81
v 1.562691 -1.416482 1.81
v 1.547754 -1.408141 1.81
v 1.548691 -1.426549 1.81
v 1.538774 -1.414022 1.81
v 1.533273 -1.432619 1.81
v 1.527181 -1.41816 1.81
v 1.510045 -1.435475 1.81
v 1.509941 -1.420017 1.81
v 1.472752 -1.435475 1.81
v 1.490255 -1.420017 1.81
v 1.472752 -1.299891 1.81
v 1.490255 -1.315487 1.81
v 1.511431 -1.299891 1.81
v 1.510738 -1.315487 1.81
v 1.532125 -1.302175 1.81
v 1.528187 -1.317412 1.81
v 1.548489 -1.308151 1.81
v 1.539949 -1.321653 1.81
v 1.562691 -1.317844 1.81
v 1.549867 -1.328242 1.81
v 1.567375 -1.322415 1.81
v 1.554318 -1.332745 1.81
v 1.575793 -1.334206 1.81
v 1.559408 -1.340548 1.81
v 1.580839 -1.347108 1.81
v 1.56306 -1.350811 1.81
v 1.58314 -1.36595 1.81
v 1.564736 -1.366435 1.81
v 1.582736 -1.374548 1.81
v 1.56429 -1.375 1.81
v 1.579458 -1.390428 1.81
v 1.561663 -1.387427 1.81
v 1.572789 -1.404456 1.81
v 1.510738 -1.315487 1.8
v 1.490255 -1.315487 1.8
v 1.490255 -1.420017 1.8
v 1.509941 -1.420017 1.8
v 1.550249 -1.405877 1.8
v 1.547754 -1.408141 1.8
v 1.538774 -1.414022 1.8
v 1.527181 -1.41816 1.8
v 1.564736 -1.366435 1.8
v 1.56429 -1.375 1.8
v 1.561663 -1.387427 1.8
v 1.556999 -1.397499 1.8
v 1.549867 -1.328242 1.8
v 1.554318 -1.332745 1.8
v 1.559408 -1.340548 1.8
v 1.56306 -1.350811 1.8
v 1.528187 -1.317412 1.8
v 1.539949 -1.321653 1.8
v 1.628577 -1.383071 1.81
v 1.623032 -1.398391 1.81
v 1.674084 -1.383071 1.81
v 1.67949 -1.398391 1.81
v 1.648852 -1.326717 1.81
v 1.642302 -1.299891 1.81
v 1.590661 -1.435475 1.81
v 1.61 -1.435475 1.81
v 1.650026 -1.32267 1.81
v 1.65107 -1.31722 1.81
v 1.661017 -1.299891 1.81
v 1.651486 -1.31722 1.81
v 1.652582 -1.322956 1.81
v 1.6536 -1.326717 1.81
v 1.712659 -1.435475 1.81
v 1.693319 -1.435475 1.81
v 1.628577 -1.383071 1.8
v 1.674084 -1.383071 1.8
v 1.6536 -1.326717 1.8
v 1.651486 -1.31722 1.8
v 1.652582 -1.322956 1.8
v 1.65107 -1.31722 1.8
v 1.648852 -1.326717 1.8
v 1.650026 -1.32267 1.8
v 0.399903 -1.454653 1.81
v 0.414229 -1.472353 1.81
v 0.39123 -1.36943 1.81
v 0.713203 -1.322194 1.81
v 0.683319 -1.271103 1.81
v 0.554144 -1.338582 1.81
v 0.480881 -1.366538 1.81
v 0.488654 -1.367355 1.81
v 0.578244 -1.39353 1.81
v 0.49763 -1.370499 1.81
v 0.505424 -1.375686 1.81
v 0.518182 -1.399385 1.81
v 0.578244 -1.40317 1.81
v 0.518197 -1.408695 1.81
v 0.455968 -1.43226 1.81
v 0.463685 -1.437541 1.81
v 0.433077 -1.486577 1.81
v 0.472613 -1.440803 1.81
v 0.493622 -1.306508 1.81
v 0.481845 -1.305807 1.81
v 0.464439 -1.370347 1.81
v 0.370264 -1.356524 1.81
v 0.372997 -1.428538 1.81
v 0.390266 -1.434017 1.81
v 0.511679 -1.382574 1.81
v 0.51592 -1.390461 1.81
v 0.516887 -1.312297 1.81
v 0.458888 -1.308628 1.81
v 0.437591 -1.316759 1.81
v 0.456717 -1.375364 1.81
v 0.417871 -1.33044 1.81
v 0.450343 -1.382209 1.81
v 0.401922 -1.34865 1.81
v 0.445807 -1.390549 1.81
v 0.44353 -1.399798 1.81
v 0.745015 -1.226759 1.81
v 0.752726 -1.226759 1.81
v 0.79225 -1.174704 1.81
v 0.771019 -1.229011 1.81
v 0.798542 -1.176862 1.81
v 0.787847 -1.235481 1.81
v 0.827083 -1.191466 1.81
v 0.852924 -1.213864 1.81
v 0.473789 -1.194937 1.81
v 0.480881 -1.198804 1.81
v 0.450997 -1.128432 1.81
v 0.49426 -1.17044 1.81
v 0.470759 -1.105417 1.81
v 0.515371 -1.144243 1.81
v 0.493413 -1.086017 1.81
v 0.542006 -1.124203 1.81
v 0.516811 -1.07151 1.81
v 0.703079 -1.435334 1.81
v 0.707419 -1.435945 1.81
v 0.715131 -1.377142 1.81
v 0.561252 -1.054333 1.81
v 0.573405 -1.111145 1.81
v 0.609092 -1.048421 1.81
v 0.740195 -1.098548 1.81
v 0.707367 -1.147653 1.81
v 0.771711 -1.134889 1.81
v 0.727836 -1.174744 1.81
v 0.741116 -1.206546 1.81
v 0.352972 -1.338778 1.81
v 0.313146 -1.387746 1.81
v 0.338797 -1.410386 1.81
v 0.336252 -1.257457 1.81
v 0.273118 -1.270674 1.81
v 0.33339 -1.280743 1.81
v 0.272659 -1.282671 1.81
v 0.334516 -1.295428 1.81
v 0.276231 -1.315763 1.81
v 0.341389 -1.31904 1.81
v 0.288874 -1.351909 1.81
v 0.309095 -1.383063 1.81
v 0.4498 -1.425287 1.81
v 0.445665 -1.417346 1.81
v 0.44353 -1.40847 1.81
v 0.472961 -1.367387 1.81
v 0.537335 -1.323269 1.81
v 0.802803 -1.245913 1.81
v 0.814033 -1.258468 1.81
v 0.872268 -1.241519 1.81
v 0.822969 -1.27512 1.81
v 0.883677 -1.271055 1.81
v 0.827462 -1.293645 1.81
v 0.887685 -1.300987 1.81
v 0.827918 -1.301951 1.81
v 0.75851 -1.377142 1.81
v 0.764294 -1.435945 1.81
v 0.775705 -1.373861 1.81
v 0.794558 -1.429774 1.81
v 0.792728 -1.366006 1.81
v 0.824133 -1.41583 1.81
v 0.806999 -1.354387 1.81
v 0.849415 -1.395311 1.81
v 0.808376 -1.35291 1.81
v 0.852018 -1.392566 1.81
v 0.818975 -1.33787 1.81
v 0.870177 -1.367664 1.81
v 0.825612 -1.320687 1.81
v 0.882725 -1.33738 1.81
v 0.8876 -1.305817 1.81
v 0.452166 -1.187089 1.81
v 0.439911 -1.127107 1.81
v 0.429789 -1.184344 1.81
v 0.428825 -1.126504 1.81
v 0.419925 -1.184848 1.81
v 0.395555 -1.13009 1.81
v 0.396117 -1.190446 1.81
v 0.359532 -1.142785 1.81
v 0.374608 -1.201817 1.81
v 0.327116 -1.164301 1.81
v 0.35785 -1.216747 1.81
v 0.317966 -1.172776 1.81
v 0.344499 -1.235954 1.81
v 0.297198 -1.198598 1.81
v 0.280843 -1.232702 1.81
v 0.67959 -1.403314 1.81
v 0.679463 -1.406062 1.81
v 0.710285 -1.376246 1.81
v 0.60553 -1.106332 1.81
v 0.610056 -1.10626 1.81
v 0.648825 -1.052595 1.81
v 0.640616 -1.109764 1.81
v 0.697201 -1.069642 1.81
v 0.671006 -1.120842 1.81
v 0.698344 -1.139157 1.81
v 0.455312 -1.495935 1.81
v 0.478069 -1.499497 1.81
v 0.480881 -1.44173 1.81
v 0.481845 -1.499569 1.81
v 0.488875 -1.440883 1.81
v 0.505131 -1.496707 1.81
v 0.497376 -1.437932 1.81
v 0.526634 -1.48846 1.81
v 0.504907 -1.433038 1.81
v 0.545841 -1.475109 1.81
v 0.511293 -1.426193 1.81
v 0.56077 -1.458351 1.81
v 0.515836 -1.41793 1.81
v 0.572141 -1.436842 1.81
v 0.577739 -1.413034 1.81
v 0.686865 -1.425544 1.81
v 0.690227 -1.428882 1.81
v 0.680292 -1.412899 1.81
v 0.682747 -1.419454 1.81
v 0.713177 -1.376886 1.81
v 0.696655 -1.433092 1.81
v 0.709347 -1.376178 1.81
v 0.70238 -1.37701 1.81
v 0.695728 -1.379503 1.81
v 0.68974 -1.38359 1.81
v 0.684752 -1.389179 1.81
v 0.68126 -1.395913 1.81
v 0.480881 -1.366538 1.8
v 0.488654 -1.367355 1.8
v 0.49763 -1.370499 1.8
v 0.505424 -1.375686 1.8
v 0.511679 -1.382574 1.8
v 0.51592 -1.390461 1.8
v 0.518182 -1.399385 1.8
v 0.518197 -1.408695 1.8
v 0.515836 -1.41793 1.8
v 0.511293 -1.426193 1.8
v 0.504907 -1.433038 1.8
v 0.497376 -1.437932 1.8
v 0.488875 -1.440883 1.8
v 0.480881 -1.44173 1.8
v 0.472613 -1.440803 1.8
v 0.463685 -1.437541 1.8
v 0.455968 -1.43226 1.8
v 0.4498 -1.425287 1.8
v 0.445665 -1.417346 1.8
v 0.44353 -1.40847 1.8
v 0.44353 -1.399798 1.8
v 0.445807 -1.390549 1.8
v 0.450343 -1.382209 1.8
v 0.456717 -1.375364 1.8
v 0.464439 -1.370347 1.8
v 0.472961 -1.367387 1.8
usemtl 1
f 1// 2// 3//
f 3// 2// 4//
f 5// 6// 7//
f 7// 6// 8//
f 9// 10// 11//
f 11// 10// 12//
f 13// 12// 14//
f 14// 12// 10//
f 15// 13// 16//
f 16// 13// 14//
f 17// 15// 18//
f 18// 15// 16//
f 19// 17// 20//
f 20// 17// 18//
f 2// 19// 4//
f 4// 19// 20//
f 13// 15// 12//
f 12// 15// 17//
f 17// 19// 12//
f 12// 19// 2//
f 12// 2// 11//
f 11// 2// 1//
f 21// 22// 11//
f 22// 23// 11//
f 11// 23// 24//
f 11// 24// 25//
f 26// 27// 1//
f 1// 27// 28//
f 1// 28// 29//
f 29// 30// 1//
f 1// 30// 7//
f 1// 7// 11//
f 11// 7// 8//
f 11// 8// 21//
f 16// 14// 18//
f 18// 14// 10//
f 20// 18// 4//
f 4// 18// 10//
f 4// 10// 3//
f 3// 10// 9//
f 31// 32// 9//
f 9// 32// 33//
f 9// 33// 34//
f 35// 36// 3//
f 36// 37// 3//
f 3// 37// 38//
f 3// 38// 39//
f 34// 40// 9//
f 9// 40// 6//
f 9// 6// 3//
f 3// 6// 5//
f 3// 5// 35//
f 1// 3// 39//
f 1// 39// 26//
f 26// 39// 38//
f 26// 38// 27//
f 27// 38// 37//
f 27// 37// 28//
f 28// 37// 36//
f 28// 36// 29//
f 29// 36// 35//
f 29// 35// 30//
f 30// 35// 5//
f 30// 5// 7//
f 8// 6// 40//
f 8// 40// 21//
f 21// 40// 34//
f 21// 34// 22//
f 22// 34// 33//
f 22// 33// 23//
f 23// 33// 32//
f 23// 32// 24//
f 24// 32// 31//
f 24// 31// 25//
f 25// 31// 9//
f 25// 9// 11//
f 41// 42// 43//
f 43// 42// 44//
f 45// 46// 47//
f 47// 46// 48//
f 46// 49// 48//
f 48// 49// 50//
f 49// 51// 50//
f 50// 51// 52//
f 43// 44// 51//
f 51// 44// 53//
f 51// 53// 54//
f 54// 55// 51//
f 51// 55// 56//
f 51// 56// 57//
f 57// 56// 58//
f 49// 46// 51//
f 51// 46// 45//
f 51// 45// 43//
f 43// 45// 59//
f 43// 59// 60//
f 60// 61// 43//
f 43// 61// 62//
f 43// 62// 63//
f 63// 62// 64//
f 48// 50// 47//
f 47// 50// 52//
f 47// 52// 42//
f 42// 52// 65//
f 42// 65// 66//
f 66// 67// 42//
f 42// 67// 68//
f 42// 68// 69//
f 69// 68// 70//
f 42// 41// 47//
f 47// 41// 71//
f 47// 71// 72//
f 72// 73// 47//
f 47// 73// 74//
f 47// 74// 75//
f 75// 74// 76//
f 52// 51// 57//
f 52// 57// 65//
f 65// 57// 58//
f 65// 58// 66//
f 66// 58// 56//
f 66// 56// 67//
f 67// 56// 55//
f 67// 55// 68//
f 68// 55// 54//
f 68// 54// 70//
f 70// 54// 53//
f 70// 53// 69//
f 69// 53// 44//
f 69// 44// 42//
f 41// 43// 63//
f 41// 63// 71//
f 71// 63// 64//
f 71// 64// 72//
f 72// 64// 62//
f 72// 62// 73//
f 73// 62// 61//
f 73// 61// 74//
f 74// 61// 60//
f 74// 60// 76//
f 76// 60// 59//
f 76// 59// 75//
f 75// 59// 45//
f 75// 45// 47//
f 77// 78// 79//
f 79// 78// 80//
f 15// 81// 16//
f 16// 81// 82//
f 17// 15// 18//
f 18// 15// 16//
f 83// 17// 84//
f 84// 17// 18//
f 85// 86// 79//
f 15// 17// 81//
f 81// 17// 83//
f 81// 83// 79//
f 79// 83// 87//
f 79// 87// 85//
f 88// 89// 86//
f 86// 89// 90//
f 86// 90// 79//
f 79// 80// 81//
f 81// 80// 91//
f 81// 91// 92//
f 92// 93// 81//
f 81// 93// 94//
f 81// 94// 95//
f 95// 94// 96//
f 97// 84// 77//
f 77// 84// 78//
f 98// 99// 100//
f 100// 99// 101//
f 101// 99// 77//
f 77// 99// 102//
f 77// 102// 97//
f 18// 16// 84//
f 84// 16// 82//
f 84// 82// 78//
f 78// 82// 103//
f 78// 103// 104//
f 104// 105// 78//
f 78// 105// 106//
f 78// 106// 107//
f 107// 106// 108//
f 77// 79// 90//
f 77// 90// 101//
f 101// 90// 89//
f 101// 89// 100//
f 100// 89// 88//
f 100// 88// 98//
f 98// 88// 86//
f 98// 86// 99//
f 99// 86// 85//
f 99// 85// 102//
f 102// 85// 87//
f 102// 87// 97//
f 97// 87// 83//
f 97// 83// 84//
f 82// 81// 95//
f 82// 95// 103//
f 103// 95// 96//
f 103// 96// 104//
f 104// 96// 94//
f 104// 94// 105//
f 105// 94// 93//
f 105// 93// 106//
f 106// 93// 92//
f 106// 92// 108//
f 108// 92// 91//
f 108// 91// 107//
f 107// 91// 80//
f 107// 80// 78//
usemtl 2
f 109// 110// 111//
f 112// 113// 114//
f 115// 116// 117//
f 118// 119// 120//
f 121// 122// 123//
f 124// 125// 126//
f 127// 128// 129//
f 130// 131// 132//
f 133// 134// 135//
f 135// 134// 136//
f 137// 138// 135//
f 135// 138// 139//
f 135// 139// 140//
f 140// 141// 135//
f 135// 141// 142//
f 135// 142// 133//
f 143// 144// 145//
f 145// 144// 146//
f 146// 144// 147//
f 146// 147// 148//
f 149// 150// 151//
f 143// 145// 152//
f 152// 145// 151//
f 152// 151// 153//
f 150// 154// 151//
f 151// 154// 155//
f 151// 155// 153//
f 153// 155// 156//
f 153// 156// 157//
f 157// 156// 158//
f 157// 158// 159//
f 132// 131// 160//
f 131// 161// 160//
f 160// 161// 162//
f 160// 162// 151//
f 151// 162// 163//
f 151// 163// 149//
f 164// 165// 166//
f 165// 167// 166//
f 166// 167// 168//
f 166// 168// 169//
f 169// 170// 166//
f 166// 170// 171//
f 166// 171// 132//
f 132// 171// 172//
f 132// 172// 130//
f 129// 128// 166//
f 166// 128// 173//
f 166// 173// 174//
f 174// 175// 166//
f 166// 175// 176//
f 166// 176// 164//
f 177// 178// 179//
f 179// 178// 180//
f 179// 180// 181//
f 181// 180// 182//
f 181// 182// 127//
f 183// 184// 185//
f 185// 184// 186//
f 186// 187// 185//
f 185// 187// 188//
f 185// 188// 177//
f 189// 190// 191//
f 191// 190// 192//
f 193// 194// 190//
f 190// 194// 195//
f 190// 195// 196//
f 197// 198// 183//
f 183// 198// 199//
f 183// 199// 200//
f 201// 202// 203//
f 203// 202// 204//
f 205// 206// 207//
f 207// 206// 208//
f 207// 208// 209//
f 210// 211// 212//
f 212// 211// 213//
f 212// 213// 214//
f 215// 196// 216//
f 216// 196// 217//
f 216// 217// 212//
f 212// 217// 218//
f 212// 218// 210//
f 219// 220// 221//
f 221// 220// 222//
f 221// 222// 207//
f 207// 222// 223//
f 207// 223// 205//
f 209// 224// 207//
f 207// 224// 225//
f 207// 225// 183//
f 183// 225// 226//
f 183// 226// 197//
f 227// 228// 229//
f 229// 228// 230//
f 229// 230// 203//
f 203// 230// 231//
f 203// 231// 201//
f 215// 232// 196//
f 196// 232// 233//
f 196// 233// 190//
f 190// 233// 234//
f 190// 234// 192//
f 200// 235// 183//
f 183// 235// 236//
f 183// 236// 237//
f 237// 236// 227//
f 237// 227// 238//
f 238// 227// 229//
f 204// 239// 203//
f 203// 239// 240//
f 203// 240// 241//
f 242// 243// 203//
f 203// 243// 244//
f 203// 244// 190//
f 190// 244// 245//
f 190// 245// 193//
f 241// 246// 203//
f 203// 246// 247//
f 203// 247// 248//
f 248// 249// 203//
f 203// 249// 250//
f 203// 250// 242//
f 251// 252// 253//
f 253// 196// 251//
f 251// 196// 195//
f 251// 195// 254//
f 254// 195// 255//
f 255// 256// 254//
f 254// 256// 257//
f 254// 257// 258//
f 259// 260// 261//
f 262// 263// 260//
f 263// 264// 260//
f 260// 264// 265//
f 260// 265// 266//
f 261// 267// 259//
f 259// 267// 268//
f 259// 268// 269//
f 252// 251// 259//
f 259// 251// 270//
f 259// 270// 260//
f 260// 270// 271//
f 260// 271// 262//
f 266// 272// 260//
f 260// 272// 273//
f 260// 273// 274//
f 274// 273// 275//
f 274// 275// 276//
f 276// 275// 277//
f 278// 279// 269//
f 269// 279// 280//
f 269// 280// 259//
f 134// 281// 136//
f 136// 281// 282//
f 136// 282// 221//
f 221// 282// 283//
f 221// 283// 219//
f 124// 111// 284//
f 284// 111// 110//
f 284// 110// 285//
f 285// 110// 286//
f 285// 286// 287//
f 288// 289// 290//
f 124// 126// 111//
f 111// 126// 291//
f 111// 291// 288//
f 290// 289// 292//
f 292// 289// 293//
f 292// 293// 287//
f 287// 293// 294//
f 287// 294// 285//
f 295// 296// 297//
f 297// 296// 298//
f 299// 300// 301//
f 301// 300// 302//
f 301// 303// 299//
f 299// 303// 304//
f 299// 304// 305//
f 305// 304// 306//
f 305// 306// 307//
f 295// 297// 308//
f 308// 297// 304//
f 308// 304// 309//
f 309// 304// 303//
f 309// 303// 310//
f 303// 311// 310//
f 310// 311// 312//
f 310// 312// 313//
f 302// 300// 314//
f 314// 300// 315//
f 314// 315// 316//
f 317// 315// 318//
f 318// 315// 319//
f 306// 320// 307//
f 307// 320// 316//
f 307// 316// 123//
f 123// 316// 315//
f 123// 315// 321//
f 321// 315// 317//
f 121// 123// 322//
f 323// 324// 321//
f 321// 324// 325//
f 321// 325// 123//
f 123// 325// 326//
f 123// 326// 322//
f 327// 328// 329//
f 330// 331// 321//
f 321// 331// 332//
f 321// 332// 333//
f 333// 334// 321//
f 321// 334// 335//
f 321// 335// 323//
f 336// 337// 338//
f 338// 337// 339//
f 329// 340// 327//
f 327// 340// 341//
f 327// 341// 342//
f 342// 341// 339//
f 342// 339// 343//
f 343// 339// 337//
f 328// 327// 321//
f 321// 327// 344//
f 321// 344// 330//
f 120// 119// 345//
f 345// 119// 346//
f 345// 346// 347//
f 347// 346// 348//
f 347// 348// 319//
f 349// 350// 120//
f 120// 350// 351//
f 120// 351// 352//
f 352// 353// 120//
f 120// 353// 354//
f 120// 354// 118//
f 355// 356// 357//
f 357// 356// 358//
f 358// 359// 360//
f 361// 362// 363//
f 363// 362// 364//
f 364// 365// 363//
f 363// 365// 366//
f 363// 366// 367//
f 368// 369// 361//
f 361// 369// 370//
f 361// 370// 362//
f 360// 371// 146//
f 146// 371// 372//
f 146// 372// 373//
f 374// 375// 376//
f 376// 375// 377//
f 376// 377// 347//
f 347// 377// 378//
f 347// 378// 345//
f 379// 380// 374//
f 374// 380// 381//
f 374// 381// 375//
f 374// 382// 379//
f 379// 382// 383//
f 379// 383// 384//
f 384// 383// 385//
f 384// 385// 386//
f 386// 385// 387//
f 386// 387// 388//
f 389// 390// 391//
f 391// 390// 392//
f 391// 392// 393//
f 393// 392// 394//
f 393// 394// 395//
f 179// 396// 397//
f 177// 179// 185//
f 185// 179// 397//
f 185// 397// 398//
f 398// 397// 399//
f 398// 399// 400//
f 400// 399// 401//
f 400// 401// 402//
f 402// 401// 403//
f 402// 403// 404//
f 404// 403// 405//
f 404// 405// 114//
f 114// 405// 406//
f 114// 406// 389//
f 389// 406// 407//
f 389// 407// 390//
f 127// 129// 181//
f 181// 129// 408//
f 181// 408// 409//
f 410// 411// 412//
f 413// 414// 415//
f 416// 417// 145//
f 418// 419// 412//
f 412// 419// 420//
f 412// 420// 410//
f 417// 421// 145//
f 145// 421// 422//
f 145// 422// 423//
f 424// 425// 426//
f 426// 425// 427//
f 428// 429// 430//
f 431// 432// 412//
f 412// 432// 433//
f 412// 433// 418//
f 145// 434// 435//
f 436// 437// 438//
f 423// 439// 145//
f 145// 439// 440//
f 145// 440// 441//
f 441// 442// 145//
f 145// 442// 443//
f 145// 443// 434//
f 415// 444// 445//
f 427// 446// 426//
f 426// 446// 447//
f 426// 447// 430//
f 430// 447// 448//
f 430// 448// 428//
f 429// 449// 430//
f 430// 449// 450//
f 430// 450// 412//
f 412// 450// 451//
f 412// 451// 431//
f 414// 452// 415//
f 415// 452// 453//
f 415// 453// 454//
f 445// 455// 415//
f 415// 455// 456//
f 415// 456// 438//
f 438// 456// 457//
f 438// 457// 436//
f 458// 459// 438//
f 438// 459// 460//
f 438// 460// 461//
f 461// 462// 438//
f 438// 462// 463//
f 438// 463// 426//
f 426// 463// 464//
f 426// 464// 424//
f 454// 465// 415//
f 415// 465// 466//
f 415// 466// 467//
f 467// 468// 415//
f 415// 468// 469//
f 415// 469// 444//
f 437// 470// 438//
f 438// 470// 471//
f 438// 471// 458//
f 472// 473// 290//
f 474// 475// 292//
f 292// 475// 476//
f 477// 478// 479//
f 479// 478// 290//
f 479// 290// 480//
f 480// 290// 473//
f 476// 481// 292//
f 292// 481// 482//
f 292// 482// 483//
f 483// 484// 292//
f 292// 484// 485//
f 292// 485// 290//
f 290// 485// 486//
f 290// 486// 472//
f 299// 487// 474//
f 474// 487// 488//
f 474// 488// 475//
f 477// 489// 478//
f 478// 489// 490//
f 478// 490// 305//
f 305// 490// 491//
f 305// 491// 299//
f 299// 491// 492//
f 299// 492// 487//
f 493// 494// 495//
f 496// 497// 498//
f 498// 497// 499//
f 493// 495// 500//
f 501// 502// 503//
f 503// 504// 505//
f 506// 361// 507//
f 507// 361// 508//
f 509// 510// 511//
f 496// 512// 497//
f 497// 512// 513//
f 497// 513// 514//
f 514// 513// 511//
f 514// 511// 515//
f 515// 511// 510//
f 502// 516// 503//
f 503// 516// 517//
f 503// 517// 504//
f 518// 519// 495//
f 495// 519// 520//
f 495// 520// 500//
f 521// 522// 523//
f 523// 522// 524//
f 523// 524// 525//
f 505// 526// 503//
f 503// 526// 527//
f 503// 527// 361//
f 361// 527// 499//
f 361// 499// 508//
f 508// 499// 497//
f 528// 529// 511//
f 511// 529// 530//
f 511// 530// 531//
f 532// 533// 534//
f 534// 533// 535//
f 534// 535// 536//
f 506// 537// 361//
f 361// 537// 538//
f 361// 538// 539//
f 531// 540// 511//
f 511// 540// 541//
f 511// 541// 509//
f 368// 361// 542//
f 542// 361// 539//
f 542// 539// 534//
f 534// 539// 543//
f 534// 543// 532//
f 544// 545// 546//
f 546// 545// 547//
f 546// 547// 535//
f 535// 547// 548//
f 535// 548// 536//
f 494// 549// 402//
f 400// 550// 551//
f 402// 549// 400//
f 400// 549// 552//
f 400// 552// 550//
f 521// 544// 522//
f 522// 544// 546//
f 522// 546// 553//
f 553// 546// 554//
f 553// 554// 555//
f 555// 554// 556//
f 555// 556// 557//
f 557// 556// 558//
f 559// 558// 402//
f 402// 558// 556//
f 402// 556// 494//
f 494// 556// 554//
f 494// 554// 495//
f 560// 561// 117//
f 562// 563// 561//
f 564// 565// 117//
f 542// 566// 368//
f 368// 566// 567//
f 368// 567// 568//
f 568// 569// 368//
f 368// 569// 570//
f 368// 570// 571//
f 571// 570// 572//
f 571// 572// 560//
f 565// 573// 117//
f 117// 573// 574//
f 117// 574// 115//
f 563// 575// 561//
f 561// 575// 576//
f 561// 576// 117//
f 117// 576// 577//
f 117// 577// 564//
f 578// 579// 580//
f 580// 579// 581//
f 580// 581// 582//
f 580// 583// 578//
f 578// 583// 584//
f 578// 584// 585//
f 585// 586// 578//
f 578// 586// 587//
f 578// 587// 588//
f 588// 587// 589//
f 588// 589// 590//
f 590// 589// 591//
f 590// 591// 561//
f 561// 591// 592//
f 561// 592// 562//
f 593// 594// 582//
f 582// 594// 595//
f 582// 595// 580//
f 596// 597// 525//
f 525// 597// 598//
f 525// 598// 523//
f 596// 599// 597//
f 597// 599// 600//
f 597// 600// 601//
f 601// 600// 602//
f 601// 603// 604//
f 602// 605// 601//
f 601// 605// 606//
f 601// 606// 607//
f 607// 608// 601//
f 601// 608// 609//
f 601// 609// 603//
f 604// 610// 601//
f 601// 610// 611//
f 601// 611// 612//
f 613// 614// 615//
f 616// 617// 618//
f 615// 619// 613//
f 613// 619// 620//
f 613// 620// 621//
f 621// 620// 616//
f 621// 616// 622//
f 622// 616// 618//
f 623// 624// 117//
f 117// 624// 625//
f 560// 117// 571//
f 571// 117// 625//
f 571// 625// 619//
f 619// 625// 626//
f 619// 626// 620//
f 627// 624// 628//
f 628// 624// 623//
f 628// 623// 629//
f 404// 630// 631//
f 559// 402// 116//
f 116// 402// 404//
f 116// 404// 117//
f 117// 404// 631//
f 117// 631// 623//
f 623// 631// 632//
f 623// 632// 633//
f 633// 634// 623//
f 623// 634// 635//
f 623// 635// 636//
f 113// 637// 114//
f 114// 637// 638//
f 114// 638// 404//
f 404// 638// 639//
f 404// 639// 630//
f 636// 640// 623//
f 623// 640// 641//
f 623// 641// 629//
f 642// 643// 389//
f 642// 389// 644//
f 643// 645// 389//
f 389// 645// 646//
f 389// 646// 114//
f 114// 646// 647//
f 114// 647// 112//
f 648// 649// 650//
f 650// 649// 651//
f 652// 653// 654//
f 654// 653// 655//
f 654// 655// 656//
f 656// 655// 657//
f 656// 657// 658//
f 648// 650// 659//
f 659// 650// 655//
f 659// 655// 660//
f 660// 655// 653//
f 660// 653// 661//
f 653// 662// 661//
f 661// 662// 663//
f 661// 663// 664//
f 657// 665// 658//
f 658// 665// 666//
f 658// 666// 667//
f 667// 666// 668//
f 652// 654// 669//
f 669// 654// 670//
f 669// 670// 668//
f 668// 670// 615//
f 668// 615// 667//
f 667// 615// 614//
f 667// 614// 644//
f 373// 671// 146//
f 146// 671// 412//
f 146// 412// 145//
f 145// 412// 411//
f 145// 411// 416//
f 319// 315// 347//
f 347// 315// 300//
f 347// 300// 376//
f 376// 300// 299//
f 376// 299// 374//
f 374// 299// 474//
f 374// 474// 382//
f 382// 474// 292//
f 382// 292// 383//
f 383// 292// 287//
f 383// 287// 385//
f 385// 287// 286//
f 385// 286// 387//
f 378// 372// 345//
f 345// 372// 371//
f 345// 371// 120//
f 120// 371// 360//
f 120// 360// 349//
f 349// 360// 359//
f 358// 360// 357//
f 357// 360// 672//
f 357// 672// 673//
f 136// 674// 135//
f 135// 674// 675//
f 135// 675// 676//
f 677// 672// 676//
f 676// 672// 360//
f 676// 360// 135//
f 135// 360// 146//
f 135// 146// 137//
f 137// 146// 148//
f 654// 290// 670//
f 670// 290// 478//
f 670// 478// 615//
f 615// 478// 305//
f 615// 305// 619//
f 619// 305// 307//
f 619// 307// 571//
f 571// 307// 123//
f 571// 123// 368//
f 368// 123// 122//
f 368// 122// 369//
f 673// 674// 357//
f 357// 674// 136//
f 357// 136// 678//
f 678// 136// 221//
f 679// 680// 656//
f 681// 682// 683//
f 683// 682// 679//
f 683// 679// 684//
f 684// 679// 656//
f 109// 685// 684//
f 684// 685// 686//
f 684// 686// 683//
f 687// 680// 688//
f 688// 680// 689//
f 688// 689// 690//
f 690// 689// 691//
f 687// 692// 680//
f 680// 692// 693//
f 680// 693// 694//
f 695// 654// 696//
f 696// 654// 656//
f 696// 656// 697//
f 697// 656// 680//
f 697// 680// 698//
f 698// 680// 694//
f 288// 290// 111//
f 111// 290// 654//
f 111// 654// 109//
f 109// 654// 689//
f 109// 689// 685//
f 699// 700// 689//
f 689// 700// 701//
f 689// 701// 691//
f 695// 702// 654//
f 654// 702// 703//
f 654// 703// 689//
f 689// 703// 704//
f 689// 704// 699//
f 367// 355// 363//
f 363// 355// 357//
f 363// 357// 361//
f 361// 357// 678//
f 361// 678// 503//
f 503// 678// 705//
f 207// 705// 706//
f 706// 705// 707//
f 707// 705// 708//
f 708// 705// 678//
f 708// 678// 709//
f 207// 706// 221//
f 221// 706// 710//
f 221// 710// 678//
f 678// 710// 711//
f 678// 711// 709//
f 712// 713// 714//
f 714// 713// 708//
f 714// 708// 715//
f 715// 708// 709//
f 715// 709// 716//
f 716// 709// 717//
f 644// 389// 667//
f 667// 389// 391//
f 667// 391// 658//
f 658// 391// 393//
f 658// 393// 656//
f 656// 393// 395//
f 656// 395// 684//
f 183// 185// 207//
f 207// 185// 398//
f 207// 398// 705//
f 705// 398// 400//
f 705// 400// 503//
f 503// 400// 551//
f 503// 551// 501//
f 435// 413// 145//
f 145// 413// 415//
f 145// 415// 151//
f 151// 415// 718//
f 151// 718// 160//
f 160// 718// 719//
f 160// 719// 132//
f 132// 719// 720//
f 132// 720// 166//
f 166// 720// 721//
f 166// 721// 129//
f 129// 721// 722//
f 129// 722// 408//
f 408// 722// 723//
usemtl 3
f 724// 725// 726//
f 727// 728// 729//
f 730// 731// 732//
f 733// 734// 735//
f 736// 737// 738//
f 739// 740// 741//
f 742// 743// 744//
f 745// 746// 747//
f 748// 749// 750//
f 751// 752// 753//
f 754// 755// 756//
f 757// 758// 759//
f 760// 761// 762//
f 763// 764// 765//
f 766// 767// 768//
f 769// 770// 771//
f 772// 773// 774//
f 775// 776// 777//
f 778// 779// 780//
f 781// 782// 783//
f 784// 785// 786//
f 787// 788// 789//
f 790// 791// 792//
f 793// 794// 795//
f 796// 797// 798//
f 799// 800// 801//
f 802// 803// 804//
f 805// 806// 807//
f 808// 809// 810//
f 811// 812// 813//
f 814// 815// 816//
f 817// 818// 819//
f 820// 821// 822//
f 823// 824// 825//
f 826// 827// 828//
f 829// 830// 831//
f 832// 833// 834//
f 835// 836// 837//
f 838// 839// 840//
f 841// 842// 843//
f 844// 845// 846//
f 847// 848// 849//
f 850// 851// 852//
f 853// 854// 855//
f 856// 857// 858//
f 859// 860// 861//
f 862// 863// 864//
f 865// 866// 867//
f 868// 869// 870//
f 871// 872// 873//
f 874// 875// 876//
f 877// 878// 879//
f 880// 881// 882//
f 883// 884// 885//
f 886// 887// 888//
f 889// 890// 891//
f 892// 893// 894//
f 895// 896// 897//
f 898// 899// 900//
f 901// 902// 903//
f 904// 905// 906//
f 907// 908// 909//
f 910// 911// 912//
f 913// 914// 915//
f 916// 917// 918//
f 919// 920// 921//
f 922// 923// 924//
f 925// 926// 927//
f 928// 929// 930//
f 931// 932// 933//
f 934// 935// 936//
f 937// 938// 939//
f 940// 941// 942//
f 943// 944// 945//
f 946// 947// 948//
f 949// 950// 951//
f 952// 953// 954//
f 955// 956// 957//
f 958// 959// 960//
f 961// 962// 963//
f 964// 965// 966//
f 967// 968// 969//
f 970// 971// 972//
f 973// 974// 975//
f 976// 977// 978//
f 979// 980// 981//
f 982// 983// 984//
f 985// 986// 987//
f 988// 989// 990//
f 991// 992// 993//
f 994// 995// 996//
f 997// 998// 999//
f 1000// 1001// 1002//
f 1003// 1004// 1005//
f 1006// 1007// 1008//
f 1009// 1010// 1011//
f 1012// 1013// 1014//
f 1015// 1016// 1017//
f 1018// 1019// 1020//
f 1021// 1022// 1023//
f 1024// 1025// 1026//
f 1027// 1028// 1029//
f 1030// 1031// 1032//
f 1033// 1034// 1035//
f 1036// 1037// 1038//
f 1039// 1040// 1041//
f 1042// 1043// 1044//
f 1045// 1046// 1047//
f 1048// 1049// 1050//
f 1051// 1052// 1053//
f 1054// 1055// 1056//
f 1057// 1058// 1059//
f 1060// 1061// 1062//
f 1063// 1064// 1065//
f 1066// 1067// 1068//
f 1069// 1070// 1071//
f 1072// 1073// 1074//
f 1075// 1076// 1077//
f 1078// 1079// 1080//
f 1081// 1082// 1083//
f 1084// 1085// 1086//
f 1087// 1088// 1089//
f 918// 1090// 1091//
f 1091// 1092// 918//
f 918// 1092// 1093//
f 918// 1093// 1094//
f 1094// 1095// 918//
f 918// 1095// 1096//
f 918// 1096// 1097//
f 1097// 1096// 1098//
f 1098// 1099// 1097//
f 1097// 1099// 1100//
f 1097// 1100// 1101//
f 1101// 1102// 1097//
f 1097// 1102// 1103//
f 1097// 1103// 1104//
f 1105// 1106// 1107//
f 1107// 1106// 1104//
f 1107// 1104// 1108//
f 1108// 1104// 1103//
f 1109// 1110// 1111//
f 1111// 1110// 1112//
f 1111// 1112// 1113//
f 1113// 1114// 917//
f 917// 1114// 1115//
f 917// 1115// 918//
f 918// 1115// 1116//
f 918// 1116// 1090//
f 1105// 1117// 1106//
f 1106// 1117// 1118//
f 1106// 1118// 1119//
f 1119// 1118// 1120//
f 1119// 1120// 731//
f 731// 1120// 1121//
f 731// 1121// 1122//
f 1122// 1123// 731//
f 731// 1123// 1124//
f 731// 1124// 1125//
f 1125// 1126// 731//
f 731// 1126// 1127//
f 731// 1127// 732//
f 732// 1127// 1128//
f 1128// 1129// 732//
f 732// 1129// 1130//
f 732// 1130// 1131//
f 1131// 1132// 732//
f 732// 1132// 1133//
f 732// 1133// 1134//
f 1134// 1135// 732//
f 732// 1135// 1136//
f 732// 1136// 1137//
f 1138// 1139// 803//
f 1140// 1141// 803//
f 803// 1141// 1142//
f 803// 1142// 1138//
f 1139// 1143// 803//
f 803// 1143// 1144//
f 803// 1144// 804//
f 1144// 1145// 804//
f 804// 1145// 1146//
f 804// 1146// 1147//
f 1147// 1148// 804//
f 804// 1148// 1149//
f 804// 1149// 1150//
f 1150// 1151// 804//
f 804// 1151// 1152//
f 804// 1152// 1153//
f 1154// 1155// 1156//
f 1157// 1158// 1159//
f 1159// 1158// 1154//
f 1159// 1154// 1160//
f 1160// 1154// 1156//
f 1157// 1161// 1158//
f 1158// 1161// 1162//
f 1158// 1162// 1140//
f 1140// 1162// 1163//
f 1140// 1163// 1141//
f 1164// 1165// 921//
f 1164// 921// 1166//
f 1165// 1167// 921//
f 921// 1167// 1168//
f 921// 1168// 1169//
f 1169// 1170// 921//
f 921// 1170// 1171//
f 921// 1171// 1172//
f 1171// 1173// 1172//
f 1172// 1173// 1174//
f 1172// 1174// 1175//
f 1175// 1174// 1176//
f 1176// 1177// 1175//
f 1175// 1177// 1178//
f 1175// 1178// 1155//
f 1155// 1178// 1179//
f 1155// 1179// 1156//
f 1180// 1181// 1182//
f 1182// 1183// 1180//
f 1180// 1183// 1184//
f 1180// 1184// 1185//
f 1184// 1186// 1185//
f 1185// 1186// 1187//
f 1185// 1187// 1188//
f 1188// 1187// 1189//
f 1188// 1189// 1166//
f 1190// 1191// 1192//
f 1192// 1191// 1111//
f 1192// 1111// 1193//
f 1113// 917// 1111//
f 1111// 917// 1194//
f 1111// 1194// 1193//
f 1195// 1196// 916//
f 916// 1196// 1197//
f 916// 1197// 917//
f 917// 1197// 1198//
f 917// 1198// 1194//
f 1039// 1041// 1199//
f 1200// 1201// 1202//
f 1202// 1201// 1180//
f 1202// 1180// 1203//
f 1203// 1180// 1204//
f 1204// 1180// 1185//
f 1204// 1185// 1205//
f 919// 1206// 920//
f 920// 1206// 1207//
f 920// 1207// 1208//
f 1209// 1210// 919//
f 919// 1210// 1211//
f 919// 1211// 1206//
f 1018// 1020// 1212//
f 1213// 1214// 1215//
f 1215// 1214// 1216//
f 1215// 1216// 1217//
f 1218// 1219// 1220//
f 1220// 1219// 1221//
f 928// 930// 1222//
f 925// 927// 1223//
f 1224// 1225// 1226//
f 1226// 1225// 1227//
f 1226// 1227// 1228//
f 1166// 921// 1188//
f 1188// 921// 920//
f 1188// 920// 1185//
f 1185// 920// 1208//
f 1185// 1208// 1205//
f 911// 913// 912//
f 912// 913// 915//
f 912// 915// 924//
f 924// 915// 1226//
f 924// 1226// 922//
f 922// 1226// 1228//
f 908// 910// 909//
f 909// 910// 912//
f 909// 912// 927//
f 927// 912// 924//
f 927// 924// 1223//
f 1223// 924// 923//
f 905// 907// 906//
f 906// 907// 909//
f 906// 909// 930//
f 930// 909// 927//
f 930// 927// 1222//
f 1222// 927// 926//
f 902// 904// 903//
f 903// 904// 906//
f 903// 906// 933//
f 933// 906// 930//
f 933// 930// 931//
f 931// 930// 929//
f 899// 901// 900//
f 900// 901// 903//
f 900// 903// 936//
f 936// 903// 933//
f 936// 933// 934//
f 934// 933// 932//
f 896// 898// 897//
f 897// 898// 900//
f 897// 900// 939//
f 939// 900// 936//
f 939// 936// 937//
f 937// 936// 935//
f 893// 895// 894//
f 894// 895// 897//
f 894// 897// 942//
f 942// 897// 939//
f 942// 939// 940//
f 940// 939// 938//
f 890// 892// 891//
f 891// 892// 894//
f 891// 894// 945//
f 945// 894// 942//
f 945// 942// 943//
f 943// 942// 941//
f 887// 889// 888//
f 888// 889// 891//
f 888// 891// 948//
f 948// 891// 945//
f 948// 945// 946//
f 946// 945// 944//
f 884// 886// 885//
f 885// 886// 888//
f 885// 888// 951//
f 951// 888// 948//
f 951// 948// 949//
f 949// 948// 947//
f 881// 883// 882//
f 882// 883// 885//
f 882// 885// 954//
f 954// 885// 951//
f 954// 951// 952//
f 952// 951// 950//
f 878// 880// 879//
f 879// 880// 882//
f 879// 882// 957//
f 957// 882// 954//
f 957// 954// 955//
f 955// 954// 953//
f 875// 877// 876//
f 876// 877// 879//
f 876// 879// 960//
f 960// 879// 957//
f 960// 957// 958//
f 958// 957// 956//
f 872// 874// 873//
f 873// 874// 876//
f 873// 876// 963//
f 963// 876// 960//
f 963// 960// 961//
f 961// 960// 959//
f 869// 871// 870//
f 870// 871// 873//
f 870// 873// 966//
f 966// 873// 963//
f 966// 963// 964//
f 964// 963// 962//
f 866// 868// 867//
f 867// 868// 870//
f 867// 870// 969//
f 969// 870// 966//
f 969// 966// 967//
f 967// 966// 965//
f 863// 865// 864//
f 864// 865// 867//
f 864// 867// 972//
f 972// 867// 969//
f 972// 969// 970//
f 970// 969// 968//
f 860// 862// 861//
f 861// 862// 864//
f 861// 864// 975//
f 975// 864// 972//
f 975// 972// 973//
f 973// 972// 971//
f 857// 859// 858//
f 858// 859// 861//
f 858// 861// 978//
f 978// 861// 975//
f 978// 975// 976//
f 976// 975// 974//
f 854// 856// 855//
f 855// 856// 858//
f 855// 858// 981//
f 981// 858// 978//
f 981// 978// 979//
f 979// 978// 977//
f 851// 853// 852//
f 852// 853// 855//
f 852// 855// 984//
f 984// 855// 981//
f 984// 981// 982//
f 982// 981// 980//
f 848// 850// 849//
f 849// 850// 852//
f 849// 852// 987//
f 987// 852// 984//
f 987// 984// 985//
f 985// 984// 983//
f 845// 847// 846//
f 846// 847// 849//
f 846// 849// 1220//
f 1220// 849// 987//
f 1220// 987// 1218//
f 1218// 987// 986//
f 842// 844// 843//
f 843// 844// 846//
f 843// 846// 990//
f 990// 846// 1220//
f 990// 1220// 988//
f 988// 1220// 1221//
f 839// 841// 840//
f 840// 841// 843//
f 840// 843// 993//
f 993// 843// 990//
f 993// 990// 991//
f 991// 990// 989//
f 836// 838// 837//
f 837// 838// 840//
f 837// 840// 996//
f 996// 840// 993//
f 996// 993// 994//
f 994// 993// 992//
f 833// 835// 834//
f 834// 835// 837//
f 834// 837// 999//
f 999// 837// 996//
f 999// 996// 997//
f 997// 996// 995//
f 830// 832// 831//
f 831// 832// 834//
f 831// 834// 1002//
f 1002// 834// 999//
f 1002// 999// 1000//
f 1000// 999// 998//
f 827// 829// 828//
f 828// 829// 831//
f 828// 831// 1005//
f 1005// 831// 1002//
f 1005// 1002// 1003//
f 1003// 1002// 1001//
f 824// 826// 825//
f 825// 826// 828//
f 825// 828// 1008//
f 1008// 828// 1005//
f 1008// 1005// 1006//
f 1006// 1005// 1004//
f 821// 823// 822//
f 822// 823// 825//
f 822// 825// 1011//
f 1011// 825// 1008//
f 1011// 1008// 1009//
f 1009// 1008// 1007//
f 818// 820// 819//
f 819// 820// 822//
f 819// 822// 1014//
f 1014// 822// 1011//
f 1014// 1011// 1012//
f 1012// 1011// 1010//
f 815// 817// 816//
f 816// 817// 819//
f 816// 819// 1229//
f 1229// 819// 1014//
f 1229// 1014// 1230//
f 1230// 1014// 1013//
f 812// 814// 813//
f 813// 814// 816//
f 813// 816// 1215//
f 1215// 816// 1229//
f 1215// 1229// 1213//
f 1213// 1229// 1230//
f 809// 811// 810//
f 810// 811// 813//
f 810// 813// 1017//
f 1017// 813// 1215//
f 1017// 1215// 1015//
f 1015// 1215// 1217//
f 806// 808// 807//
f 807// 808// 810//
f 807// 810// 1020//
f 1020// 810// 1017//
f 1020// 1017// 1212//
f 1212// 1017// 1016//
f 1172// 805// 921//
f 921// 805// 807//
f 921// 807// 919//
f 919// 807// 1020//
f 919// 1020// 1209//
f 1209// 1020// 1019//
f 800// 802// 801//
f 801// 802// 804//
f 801// 804// 1201//
f 1201// 804// 1153//
f 1201// 1153// 1180//
f 1180// 1153// 1231//
f 1180// 1231// 1181//
f 797// 799// 798//
f 798// 799// 801//
f 798// 801// 1023//
f 1023// 801// 1201//
f 1023// 1201// 1021//
f 1021// 1201// 1200//
f 794// 796// 795//
f 795// 796// 798//
f 795// 798// 1026//
f 1026// 798// 1023//
f 1026// 1023// 1024//
f 1024// 1023// 1022//
f 791// 793// 792//
f 792// 793// 795//
f 792// 795// 1029//
f 1029// 795// 1026//
f 1029// 1026// 1027//
f 1027// 1026// 1025//
f 788// 790// 789//
f 789// 790// 792//
f 789// 792// 1032//
f 1032// 792// 1029//
f 1032// 1029// 1030//
f 1030// 1029// 1028//
f 785// 787// 786//
f 786// 787// 789//
f 786// 789// 1035//
f 1035// 789// 1032//
f 1035// 1032// 1033//
f 1033// 1032// 1031//
f 782// 784// 783//
f 783// 784// 786//
f 783// 786// 1038//
f 1038// 786// 1035//
f 1038// 1035// 1036//
f 1036// 1035// 1034//
f 779// 781// 780//
f 780// 781// 783//
f 780// 783// 1041//
f 1041// 783// 1038//
f 1041// 1038// 1199//
f 1199// 1038// 1037//
f 776// 778// 777//
f 777// 778// 780//
f 777// 780// 1044//
f 1044// 780// 1041//
f 1044// 1041// 1042//
f 1042// 1041// 1040//
f 773// 775// 774//
f 774// 775// 777//
f 774// 777// 1047//
f 1047// 777// 1044//
f 1047// 1044// 1045//
f 1045// 1044// 1043//
f 770// 772// 771//
f 771// 772// 774//
f 771// 774// 1050//
f 1050// 774// 1047//
f 1050// 1047// 1048//
f 1048// 1047// 1046//
f 767// 769// 768//
f 768// 769// 771//
f 768// 771// 1053//
f 1053// 771// 1050//
f 1053// 1050// 1051//
f 1051// 1050// 1049//
f 764// 766// 765//
f 765// 766// 768//
f 765// 768// 1056//
f 1056// 768// 1053//
f 1056// 1053// 1054//
f 1054// 1053// 1052//
f 761// 763// 762//
f 762// 763// 765//
f 762// 765// 1059//
f 1059// 765// 1056//
f 1059// 1056// 1057//
f 1057// 1056// 1055//
f 758// 760// 759//
f 759// 760// 762//
f 759// 762// 1062//
f 1062// 762// 1059//
f 1062// 1059// 1060//
f 1060// 1059// 1058//
f 755// 757// 756//
f 756// 757// 759//
f 756// 759// 1065//
f 1065// 759// 1062//
f 1065// 1062// 1063//
f 1063// 1062// 1061//
f 752// 754// 753//
f 753// 754// 756//
f 753// 756// 1068//
f 1068// 756// 1065//
f 1068// 1065// 1066//
f 1066// 1065// 1064//
f 749// 751// 750//
f 750// 751// 753//
f 750// 753// 1071//
f 1071// 753// 1068//
f 1071// 1068// 1069//
f 1069// 1068// 1067//
f 746// 748// 747//
f 747// 748// 750//
f 747// 750// 1074//
f 1074// 750// 1071//
f 1074// 1071// 1072//
f 1072// 1071// 1070//
f 743// 745// 744//
f 744// 745// 747//
f 744// 747// 1077//
f 1077// 747// 1074//
f 1077// 1074// 1075//
f 1075// 1074// 1073//
f 740// 742// 741//
f 741// 742// 744//
f 741// 744// 1080//
f 1080// 744// 1077//
f 1080// 1077// 1078//
f 1078// 1077// 1076//
f 737// 739// 738//
f 738// 739// 741//
f 738// 741// 1083//
f 1083// 741// 1080//
f 1083// 1080// 1081//
f 1081// 1080// 1079//
f 734// 736// 735//
f 735// 736// 738//
f 735// 738// 1086//
f 1086// 738// 1083//
f 1086// 1083// 1084//
f 1084// 1083// 1082//
f 1097// 733// 918//
f 918// 733// 735//
f 918// 735// 916//
f 916// 735// 1086//
f 916// 1086// 1195//
f 1195// 1086// 1085//
f 728// 730// 729//
f 729// 730// 732//
f 729// 732// 1191//
f 1191// 732// 1137//
f 1191// 1137// 1111//
f 1111// 1137// 1232//
f 1111// 1232// 1109//
f 725// 727// 726//
f 726// 727// 729//
f 726// 729// 1089//
f 1089// 729// 1191//
f 1089// 1191// 1087//
f 1087// 1191// 1190//
f 914// 724// 915//
f 915// 724// 726//
f 915// 726// 1226//
f 1226// 726// 1089//
f 1226// 1089// 1224//
f 1224// 1089// 1088//
usemtl 2
f 1233// 1234// 1235//
f 1234// 1236// 1235//
f 1235// 1236// 1237//
f 1235// 1237// 1238//
f 1239// 1240// 1241//
f 1241// 1240// 1242//
f 1241// 1242// 1243//
f 1244// 1245// 1235//
f 1235// 1245// 1246//
f 1235// 1246// 1233//
f 1244// 1247// 1245//
f 1245// 1247// 1248//
f 1245// 1248// 1249//
f 1250// 1251// 1252//
f 1252// 1251// 1253//
f 1252// 1253// 1254//
f 1255// 1256// 1257//
f 1257// 1256// 1258//
f 1257// 1258// 1259//
f 1254// 1260// 1252//
f 1252// 1260// 1261//
f 1252// 1261// 1262//
f 1261// 1263// 1262//
f 1262// 1263// 1264//
f 1262// 1264// 1265//
f 1250// 1252// 1258//
f 1258// 1252// 1266//
f 1258// 1266// 1259//
f 1267// 1268// 1269//
f 1269// 1268// 1270//
f 1269// 1270// 1255//
f 1255// 1270// 1271//
f 1255// 1271// 1256//
f 1267// 1272// 1268//
f 1268// 1272// 1273//
f 1268// 1273// 1274//
f 1243// 1275// 1241//
f 1241// 1275// 1268//
f 1241// 1268// 1276//
f 1276// 1268// 1274//
f 1277// 1278// 1279//
f 1249// 1280// 1245//
f 1245// 1280// 1281//
f 1245// 1281// 1282//
f 1282// 1281// 1277//
f 1282// 1277// 1283//
f 1283// 1277// 1279//
f 1265// 1284// 1262//
f 1262// 1284// 1285//
f 1262// 1285// 1286//
f 1286// 1285// 1279//
f 1286// 1279// 1287//
f 1287// 1279// 1278//
f 1288// 1289// 41//
f 41// 1289// 42//
f 1290// 1291// 48//
f 1290// 48// 1292//
f 1293// 1294// 48//
f 48// 1294// 16//
f 1295// 1296// 16//
f 16// 1296// 1297//
f 16// 1297// 48//
f 48// 1297// 1298//
f 48// 1298// 1292//
f 1299// 1300// 18//
f 18// 1300// 84//
f 52// 1299// 50//
f 50// 1299// 18//
f 50// 18// 1301//
f 1301// 18// 1302//
f 1302// 1294// 1301//
f 1301// 1294// 1293//
f 78// 77// 1303//
f 1303// 77// 1304//
f 1305// 1306// 1307//
f 1307// 1308// 1288//
f 1288// 1308// 1309//
f 1310// 1311// 1312//
f 1307// 1288// 1305//
f 1305// 1288// 1313//
f 1305// 1313// 1314//
f 1314// 1315// 1305//
f 1305// 1315// 1316//
f 1305// 1316// 1317//
f 1317// 1316// 1318//
f 1319// 1288// 1320//
f 1320// 1288// 1309//
f 1320// 1309// 1321//
f 1312// 1322// 1310//
f 1310// 1322// 1323//
f 1310// 1323// 1324//
f 1303// 1325// 1326//
f 1309// 1327// 1321//
f 1321// 1327// 1328//
f 1321// 1328// 1329//
f 1330// 1331// 1298//
f 1332// 1333// 1289//
f 1319// 1334// 1288//
f 1288// 1334// 1335//
f 1288// 1335// 1336//
f 1336// 1337// 1288//
f 1288// 1337// 1338//
f 1288// 1338// 1339//
f 1310// 1340// 1311//
f 1311// 1340// 1341//
f 1311// 1341// 1342//
f 1343// 1344// 1311//
f 1311// 1344// 1345//
f 1311// 1345// 1346//
f 1304// 1347// 1303//
f 1303// 1347// 1348//
f 1303// 1348// 1310//
f 1342// 1349// 1311//
f 1311// 1349// 1350//
f 1311// 1350// 1343//
f 1324// 1351// 1310//
f 1310// 1351// 1352//
f 1310// 1352// 1303//
f 1303// 1352// 1353//
f 1303// 1353// 1325//
f 1326// 1354// 1303//
f 1303// 1354// 1355//
f 1303// 1355// 1356//
f 1356// 1357// 1303//
f 1303// 1357// 1358//
f 1303// 1358// 1359//
f 1359// 1358// 1360//
f 1345// 1361// 1346//
f 1346// 1361// 1362//
f 1346// 1362// 1363//
f 1363// 1362// 1364//
f 1363// 1364// 1298//
f 1298// 1364// 1365//
f 1298// 1365// 1330//
f 1331// 1366// 1298//
f 1298// 1366// 1367//
f 1298// 1367// 1292//
f 1292// 1367// 1368//
f 1292// 1368// 1369//
f 1339// 1370// 1288//
f 1288// 1370// 1371//
f 1288// 1371// 1289//
f 1289// 1371// 1372//
f 1289// 1372// 1373//
f 1374// 1375// 1376//
f 1376// 1375// 1377//
f 1378// 1379// 1299//
f 1299// 1379// 1380//
f 1299// 1380// 1381//
f 1329// 1382// 1321//
f 1321// 1382// 1383//
f 1321// 1383// 1384//
f 1384// 1383// 1385//
f 1384// 1385// 1386//
f 1386// 1385// 1387//
f 1386// 1387// 1388//
f 1388// 1387// 1389//
f 1388// 1389// 1390//
f 1390// 1389// 1292//
f 1390// 1292// 1391//
f 1391// 1292// 1369//
f 1373// 1392// 1289//
f 1289// 1392// 1393//
f 1289// 1393// 1332//
f 1333// 1394// 1289//
f 1289// 1394// 1395//
f 1289// 1395// 1396//
f 1396// 1395// 1375//
f 1396// 1375// 1397//
f 1397// 1375// 1374//
f 1378// 1299// 1375//
f 1375// 1299// 1398//
f 1375// 1398// 1377//
f 1381// 1399// 1299//
f 1299// 1399// 1400//
f 1299// 1400// 1401//
f 1401// 1402// 1299//
f 1299// 1402// 1403//
f 1299// 1403// 1300//
f 1403// 1404// 1300//
f 1300// 1404// 1405//
f 1300// 1405// 1406//
f 1406// 1407// 1300//
f 1300// 1407// 1408//
f 1300// 1408// 1409//
f 1410// 1304// 1411//
f 1411// 1304// 1412//
f 1410// 1413// 1304//
f 1304// 1413// 1414//
f 1304// 1414// 1415//
f 1415// 1416// 1304//
f 1304// 1416// 1417//
f 1304// 1417// 1347//
f 1418// 1419// 1420//
f 1420// 1419// 1421//
f 1409// 1422// 1300//
f 1300// 1422// 1423//
f 1300// 1423// 1424//
f 1424// 1423// 1419//
f 1424// 1419// 1425//
f 1425// 1419// 1418//
f 1412// 1304// 1419//
f 1419// 1304// 1426//
f 1419// 1426// 1421//
usemtl 1
f 18// 16// 1302//
f 1302// 16// 1294//
f 82// 1427// 1428//
f 1429// 18// 1430//
f 1430// 18// 84//
f 1430// 84// 1431//
f 1432// 1433// 16//
f 16// 1433// 1434//
f 108// 106// 1435//
f 1435// 106// 105//
f 1435// 105// 1436//
f 1436// 105// 104//
f 1436// 104// 1428//
f 1428// 104// 103//
f 1428// 103// 82//
f 78// 1437// 77//
f 77// 1437// 1438//
f 77// 1438// 1439//
f 1434// 1440// 16//
f 16// 1440// 1441//
f 16// 1441// 1295//
f 1442// 1443// 78//
f 78// 1443// 1444//
f 78// 1444// 1437//
f 1439// 1445// 77//
f 77// 1445// 1446//
f 77// 1446// 84//
f 84// 1446// 1447//
f 84// 1447// 1431//
f 1448// 1449// 16//
f 16// 1449// 1450//
f 16// 1450// 1432//
f 108// 1435// 107//
f 107// 1435// 1451//
f 107// 1451// 78//
f 78// 1451// 1452//
f 78// 1452// 1442//
f 1453// 1454// 16//
f 16// 1454// 1455//
f 16// 1455// 1448//
f 84// 97// 77//
f 77// 97// 102//
f 77// 102// 99//
f 99// 98// 77//
f 77// 98// 100//
f 77// 100// 101//
f 1429// 1456// 18//
f 18// 1456// 1457//
f 18// 1457// 16//
f 16// 1457// 1458//
f 16// 1458// 1453//
usemtl 4
f 50// 1301// 48//
f 48// 1301// 1293//
f 48// 1291// 1459//
f 1460// 1461// 41//
f 41// 1461// 71//
f 1462// 50// 1463//
f 1463// 50// 1464//
f 52// 1465// 1466//
f 1459// 1467// 48//
f 48// 1467// 1468//
f 48// 1468// 1469//
f 1462// 1470// 50//
f 50// 1470// 1471//
f 50// 1471// 52//
f 52// 1471// 1472//
f 52// 1472// 1465//
f 69// 70// 68//
f 52// 42// 65//
f 65// 42// 66//
f 1473// 1474// 41//
f 69// 68// 42//
f 42// 68// 67//
f 42// 67// 66//
f 1466// 1475// 52//
f 52// 1475// 1476//
f 52// 1476// 42//
f 42// 1476// 1477//
f 42// 1477// 41//
f 41// 1477// 1478//
f 41// 1478// 1479//
f 1474// 1480// 41//
f 41// 1480// 1481//
f 41// 1481// 1460//
f 1482// 73// 1461//
f 1461// 73// 72//
f 1461// 72// 71//
f 1469// 1483// 48//
f 48// 1483// 1484//
f 48// 1484// 50//
f 50// 1484// 1485//
f 50// 1485// 1464//
f 1486// 47// 1487//
f 1487// 47// 75//
f 1487// 75// 1488//
f 1488// 75// 76//
f 1488// 76// 1482//
f 1482// 76// 74//
f 1482// 74// 73//
f 1479// 1489// 41//
f 41// 1489// 1490//
f 41// 1490// 1473//
usemtl 2
f 1491// 1492// 1493//
f 1493// 1492// 1494//
f 1493// 1494// 1495//
f 1495// 1494// 1496//
f 1497// 1269// 1498//
f 1498// 1269// 1255//
f 1498// 1255// 1499//
f 1499// 1255// 1257//
f 1252// 1262// 1500//
f 1500// 1262// 1501//
f 1502// 1278// 1503//
f 1503// 1278// 1277//
f 1503// 1277// 1504//
f 1504// 1277// 1281//
f 1505// 1506// 1507//
f 1507// 1506// 1508//
f 1507// 1508// 1509//
f 1509// 1508// 1510//
f 1511// 1512// 1513//
f 1513// 1512// 1514//
f 1515// 1516// 1517//
f 1516// 1518// 1517//
f 1517// 1518// 1519//
f 1517// 1519// 1520//
f 1521// 1522// 1523//
f 1523// 1522// 1524//
f 1508// 1506// 1525//
f 1513// 1526// 1527//
f 1528// 1529// 1522//
f 1522// 1529// 1530//
f 1522// 1530// 1524//
f 1525// 1506// 1521//
f 1531// 1532// 1517//
f 1517// 1532// 1533//
f 1517// 1533// 1515//
f 1531// 1534// 1532//
f 1532// 1534// 1535//
f 1532// 1535// 1536//
f 1536// 1537// 1532//
f 1532// 1537// 1496//
f 1532// 1496// 1538//
f 1538// 1496// 1494//
f 1538// 1494// 1539//
f 1540// 1541// 1514//
f 1514// 1541// 1542//
f 1527// 1543// 1513//
f 1513// 1543// 1544//
f 1513// 1544// 1545//
f 1545// 1544// 1546//
f 1506// 1547// 1521//
f 1521// 1547// 1548//
f 1521// 1548// 1549//
f 1542// 1550// 1514//
f 1514// 1550// 1551//
f 1514// 1551// 1513//
f 1513// 1551// 1552//
f 1513// 1552// 1526//
f 1539// 1494// 1553//
f 1553// 1494// 1492//
f 1553// 1492// 1544//
f 1544// 1492// 1554//
f 1544// 1554// 1546//
f 1549// 1555// 1521//
f 1521// 1555// 1556//
f 1521// 1556// 1522//
f 1557// 1558// 1514//
f 1514// 1558// 1559//
f 1514// 1559// 1540//
f 1525// 1560// 1508//
f 1508// 1560// 1561//
f 1508// 1561// 1510//
f 1510// 1561// 1558//
f 1510// 1558// 1562//
f 1562// 1558// 1557//
usemtl 3
f 809// 808// 1563//
f 806// 805// 1564//
f 1172// 1175// 1565//
f 1155// 1154// 1566//
f 1158// 1140// 1567//
f 803// 802// 1568//
f 800// 799// 1569//
f 797// 796// 1570//
f 794// 793// 1571//
f 791// 790// 1572//
f 779// 778// 1573//
f 776// 775// 1574//
f 773// 772// 1575//
f 770// 769// 1576//
f 767// 766// 1577//
f 764// 763// 1578//
f 761// 760// 1579//
f 758// 757// 1580//
f 755// 754// 1581//
f 743// 742// 1582//
f 740// 739// 1583//
f 737// 736// 1584//
f 734// 733// 1585//
f 1097// 1104// 1586//
f 1106// 1119// 1587//
f 731// 730// 1588//
f 728// 727// 1589//
f 908// 907// 1590//
f 905// 904// 1591//
f 902// 901// 1592//
f 899// 898// 1593//
f 896// 895// 1594//
f 893// 892// 1595//
f 890// 889// 1596//
f 887// 886// 1597//
f 884// 883// 1598//
f 872// 871// 1599//
f 869// 868// 1600//
f 866// 865// 1601//
f 863// 862// 1602//
f 860// 859// 1603//
f 857// 856// 1604//
f 854// 853// 1605//
f 851// 850// 1606//
f 839// 838// 1607//
f 836// 835// 1608//
f 833// 832// 1609//
f 830// 829// 1610//
f 827// 826// 1611//
f 824// 823// 1612//
f 821// 820// 1613//
f 1614// 1615// 1616//
f 1617// 1618// 1619//
f 1620// 1621// 1622//
f 1310// 1348// 1623//
f 1340// 1310// 1624//
f 1341// 1340// 1625//
f 1342// 1341// 1626//
f 1349// 1342// 1627//
f 1350// 1349// 1628//
f 1336// 1335// 1629//
f 1404// 1403// 1630//
f 1407// 1621// 1408//
f 1408// 1621// 1620//
f 1408// 1620// 1409//
f 1339// 1618// 1370//
f 1370// 1618// 1617//
f 1370// 1617// 1371//
f 1345// 1615// 1361//
f 1361// 1615// 1614//
f 1361// 1614// 1362//
f 1631// 1622// 1632//
f 1632// 1622// 1621//
f 1632// 1621// 1633//
f 1633// 1621// 1407//
f 1633// 1407// 1406//
f 1634// 1619// 1635//
f 1635// 1619// 1618//
f 1635// 1618// 1636//
f 1636// 1618// 1339//
f 1636// 1339// 1338//
f 1637// 1616// 1638//
f 1638// 1616// 1615//
f 1638// 1615// 1639//
f 1639// 1615// 1345//
f 1639// 1345// 1344//
f 1640// 1631// 1641//
f 1641// 1631// 1632//
f 1641// 1632// 1642//
f 1642// 1632// 1633//
f 1642// 1633// 1643//
f 1643// 1633// 1406//
f 1643// 1406// 1405//
f 1644// 1634// 1645//
f 1645// 1634// 1635//
f 1645// 1635// 1646//
f 1646// 1635// 1636//
f 1646// 1636// 1647//
f 1647// 1636// 1338//
f 1647// 1338// 1337//
f 1648// 1637// 1649//
f 1649// 1637// 1638//
f 1649// 1638// 1650//
f 1650// 1638// 1639//
f 1650// 1639// 1651//
f 1651// 1639// 1344//
f 1651// 1344// 1343//
f 1603// 1640// 1652//
f 1652// 1640// 1641//
f 1652// 1641// 1653//
f 1653// 1641// 1642//
f 1653// 1642// 1654//
f 1654// 1642// 1643//
f 1654// 1643// 1655//
f 1655// 1643// 1405//
f 1655// 1405// 1404//
f 1586// 1644// 1656//
f 1656// 1644// 1645//
f 1656// 1645// 1657//
f 1657// 1645// 1646//
f 1657// 1646// 1658//
f 1658// 1646// 1647//
f 1658// 1647// 1659//
f 1659// 1647// 1337//
f 1659// 1337// 1336//
f 1569// 1648// 1660//
f 1660// 1648// 1649//
f 1660// 1649// 1661//
f 1661// 1649// 1650//
f 1661// 1650// 1662//
f 1662// 1650// 1651//
f 1662// 1651// 1663//
f 1663// 1651// 1343//
f 1663// 1343// 1350//
f 1664// 1665// 1666//
f 1413// 1410// 1667//
f 1667// 1410// 1668//
f 1667// 1668// 1669//
f 1669// 1668// 1670//
f 1669// 1670// 1671//
f 1671// 1670// 1672//
f 1671// 1672// 1673//
f 1673// 1672// 1674//
f 1673// 1674// 1675//
f 1675// 1674// 1676//
f 1411// 1412// 1677//
f 1677// 1412// 1678//
f 1677// 1678// 1679//
f 1679// 1678// 1680//
f 1679// 1680// 1681//
f 1681// 1680// 1682//
f 1681// 1682// 1683//
f 1683// 1682// 1684//
f 1683// 1684// 1685//
f 1685// 1684// 1686//
f 1685// 1686// 847//
f 847// 1686// 848//
f 1687// 1688// 1689//
f 1394// 1333// 1690//
f 1690// 1333// 1691//
f 1690// 1691// 1692//
f 1692// 1691// 1693//
f 1692// 1693// 1694//
f 1694// 1693// 1695//
f 1694// 1695// 1696//
f 1696// 1695// 1697//
f 1696// 1697// 1698//
f 1698// 1697// 1699//
f 1332// 1393// 1700//
f 1700// 1393// 1701//
f 1700// 1701// 1702//
f 1702// 1701// 1703//
f 1702// 1703// 1704//
f 1704// 1703// 1705//
f 1704// 1705// 1706//
f 1706// 1705// 1707//
f 1706// 1707// 1708//
f 1708// 1707// 1709//
f 1708// 1709// 724//
f 724// 1709// 725//
f 1710// 1711// 1712//
f 1368// 1367// 1713//
f 1713// 1367// 1714//
f 1713// 1714// 1715//
f 1715// 1714// 1716//
f 1715// 1716// 1717//
f 1717// 1716// 1718//
f 1717// 1718// 1719//
f 1719// 1718// 1720//
f 1719// 1720// 1721//
f 1721// 1720// 1722//
f 1366// 1331// 1723//
f 1723// 1331// 1724//
f 1723// 1724// 1725//
f 1725// 1724// 1726//
f 1725// 1726// 1727//
f 1727// 1726// 1728//
f 1727// 1728// 1729//
f 1729// 1728// 1730//
f 1729// 1730// 1731//
f 1731// 1730// 1732//
f 1731// 1732// 787//
f 787// 1732// 788//
f 1733// 1666// 1734//
f 1734// 1666// 1665//
f 1734// 1665// 1735//
f 1735// 1665// 812//
f 1735// 812// 811//
f 818// 817// 1664//
f 1664// 817// 815//
f 1664// 815// 1665//
f 1665// 815// 814//
f 1665// 814// 812//
f 820// 818// 1613//
f 1613// 818// 1664//
f 1613// 1664// 1736//
f 1736// 1664// 1666//
f 1736// 1666// 1737//
f 1737// 1666// 1733//
f 1737// 1733// 1738//
f 823// 821// 1612//
f 1612// 821// 1613//
f 1612// 1613// 1739//
f 1739// 1613// 1736//
f 1739// 1736// 1740//
f 1740// 1736// 1737//
f 1740// 1737// 1741//
f 1741// 1737// 1738//
f 1741// 1738// 1742//
f 826// 824// 1611//
f 1611// 824// 1612//
f 1611// 1612// 1743//
f 1743// 1612// 1739//
f 1743// 1739// 1744//
f 1744// 1739// 1740//
f 1744// 1740// 1745//
f 1745// 1740// 1741//
f 1745// 1741// 1746//
f 1746// 1741// 1742//
f 1746// 1742// 1347//
f 1347// 1742// 1348//
f 829// 827// 1610//
f 1610// 827// 1611//
f 1610// 1611// 1747//
f 1747// 1611// 1743//
f 1747// 1743// 1748//
f 1748// 1743// 1744//
f 1748// 1744// 1749//
f 1749// 1744// 1745//
f 1749// 1745// 1750//
f 1750// 1745// 1746//
f 1750// 1746// 1417//
f 1417// 1746// 1347//
f 832// 830// 1609//
f 1609// 830// 1610//
f 1609// 1610// 1751//
f 1751// 1610// 1747//
f 1751// 1747// 1752//
f 1752// 1747// 1748//
f 1752// 1748// 1753//
f 1753// 1748// 1749//
f 1753// 1749// 1754//
f 1754// 1749// 1750//
f 1754// 1750// 1416//
f 1416// 1750// 1417//
f 835// 833// 1608//
f 1608// 833// 1609//
f 1608// 1609// 1755//
f 1755// 1609// 1751//
f 1755// 1751// 1756//
f 1756// 1751// 1752//
f 1756// 1752// 1757//
f 1757// 1752// 1753//
f 1757// 1753// 1758//
f 1758// 1753// 1754//
f 1758// 1754// 1415//
f 1415// 1754// 1416//
f 838// 836// 1607//
f 1607// 836// 1608//
f 1607// 1608// 1759//
f 1759// 1608// 1755//
f 1759// 1755// 1760//
f 1760// 1755// 1756//
f 1760// 1756// 1761//
f 1761// 1756// 1757//
f 1761// 1757// 1762//
f 1762// 1757// 1758//
f 1762// 1758// 1414//
f 1414// 1758// 1415//
f 1414// 1413// 1762//
f 1762// 1413// 1667//
f 1762// 1667// 1761//
f 1761// 1667// 1669//
f 1761// 1669// 1760//
f 1760// 1669// 1671//
f 1760// 1671// 1759//
f 1759// 1671// 1673//
f 1759// 1673// 1607//
f 1607// 1673// 1675//
f 1607// 1675// 839//
f 845// 844// 1676//
f 1676// 844// 842//
f 1676// 842// 1675//
f 1675// 842// 841//
f 1675// 841// 839//
f 1410// 1411// 1668//
f 1668// 1411// 1677//
f 1668// 1677// 1670//
f 1670// 1677// 1679//
f 1670// 1679// 1672//
f 1672// 1679// 1681//
f 1672// 1681// 1674//
f 1674// 1681// 1683//
f 1674// 1683// 1676//
f 1676// 1683// 1685//
f 1676// 1685// 845//
f 845// 1685// 847//
f 850// 848// 1606//
f 1606// 848// 1686//
f 1606// 1686// 1763//
f 1763// 1686// 1684//
f 1763// 1684// 1764//
f 1764// 1684// 1682//
f 1764// 1682// 1765//
f 1765// 1682// 1680//
f 1765// 1680// 1766//
f 1766// 1680// 1678//
f 1766// 1678// 1419//
f 1419// 1678// 1412//
f 853// 851// 1605//
f 1605// 851// 1606//
f 1605// 1606// 1767//
f 1767// 1606// 1763//
f 1767// 1763// 1768//
f 1768// 1763// 1764//
f 1768// 1764// 1769//
f 1769// 1764// 1765//
f 1769// 1765// 1770//
f 1770// 1765// 1766//
f 1770// 1766// 1423//
f 1423// 1766// 1419//
f 856// 854// 1604//
f 1604// 854// 1605//
f 1604// 1605// 1771//
f 1771// 1605// 1767//
f 1771// 1767// 1772//
f 1772// 1767// 1768//
f 1772// 1768// 1773//
f 1773// 1768// 1769//
f 1773// 1769// 1774//
f 1774// 1769// 1770//
f 1774// 1770// 1422//
f 1422// 1770// 1423//
f 859// 857// 1603//
f 1603// 857// 1604//
f 1603// 1604// 1640//
f 1640// 1604// 1771//
f 1640// 1771// 1631//
f 1631// 1771// 1772//
f 1631// 1772// 1622//
f 1622// 1772// 1773//
f 1622// 1773// 1620//
f 1620// 1773// 1774//
f 1620// 1774// 1409//
f 1409// 1774// 1422//
f 1404// 1630// 1655//
f 1655// 1630// 1775//
f 1655// 1775// 1654//
f 1654// 1775// 1776//
f 1654// 1776// 1653//
f 1653// 1776// 1777//
f 1653// 1777// 1652//
f 1652// 1777// 1602//
f 1652// 1602// 1603//
f 1603// 1602// 862//
f 1603// 862// 860//
f 1403// 1778// 1630//
f 1630// 1778// 1779//
f 1630// 1779// 1775//
f 1775// 1779// 1780//
f 1775// 1780// 1776//
f 1776// 1780// 1781//
f 1776// 1781// 1777//
f 1777// 1781// 1601//
f 1777// 1601// 1602//
f 1602// 1601// 865//
f 1602// 865// 863//
f 1778// 1782// 1779//
f 1779// 1782// 1783//
f 1779// 1783// 1780//
f 1780// 1783// 1784//
f 1780// 1784// 1781//
f 1781// 1784// 1600//
f 1781// 1600// 1601//
f 1601// 1600// 868//
f 1601// 868// 866//
f 1782// 1785// 1783//
f 1783// 1785// 1786//
f 1783// 1786// 1784//
f 1784// 1786// 1599//
f 1784// 1599// 1600//
f 1600// 1599// 871//
f 1600// 871// 869//
f 1785// 1689// 1786//
f 1786// 1689// 1688//
f 1786// 1688// 1599//
f 1599// 1688// 874//
f 1599// 874// 872//
f 881// 880// 1787//
f 1787// 880// 1687//
f 1787// 1687// 1788//
f 1788// 1687// 1689//
f 1788// 1689// 1789//
f 1789// 1689// 1785//
f 1789// 1785// 1790//
f 1790// 1785// 1782//
f 1790// 1782// 1791//
f 1791// 1782// 1778//
f 1791// 1778// 1402//
f 1402// 1778// 1403//
f 880// 878// 1687//
f 1687// 878// 877//
f 1687// 877// 1688//
f 1688// 877// 875//
f 1688// 875// 874//
f 883// 881// 1598//
f 1598// 881// 1787//
f 1598// 1787// 1792//
f 1792// 1787// 1788//
f 1792// 1788// 1793//
f 1793// 1788// 1789//
f 1793// 1789// 1794//
f 1794// 1789// 1790//
f 1794// 1790// 1795//
f 1795// 1790// 1791//
f 1795// 1791// 1401//
f 1401// 1791// 1402//
f 886// 884// 1597//
f 1597// 884// 1598//
f 1597// 1598// 1796//
f 1796// 1598// 1792//
f 1796// 1792// 1797//
f 1797// 1792// 1793//
f 1797// 1793// 1798//
f 1798// 1793// 1794//
f 1798// 1794// 1799//
f 1799// 1794// 1795//
f 1799// 1795// 1400//
f 1400// 1795// 1401//
f 889// 887// 1596//
f 1596// 887// 1597//
f 1596// 1597// 1800//
f 1800// 1597// 1796//
f 1800// 1796// 1801//
f 1801// 1796// 1797//
f 1801// 1797// 1802//
f 1802// 1797// 1798//
f 1802// 1798// 1803//
f 1803// 1798// 1799//
f 1803// 1799// 1399//
f 1399// 1799// 1400//
f 892// 890// 1595//
f 1595// 890// 1596//
f 1595// 1596// 1804//
f 1804// 1596// 1800//
f 1804// 1800// 1805//
f 1805// 1800// 1801//
f 1805// 1801// 1806//
f 1806// 1801// 1802//
f 1806// 1802// 1807//
f 1807// 1802// 1803//
f 1807// 1803// 1381//
f 1381// 1803// 1399//
f 895// 893// 1594//
f 1594// 893// 1595//
f 1594// 1595// 1808//
f 1808// 1595// 1804//
f 1808// 1804// 1809//
f 1809// 1804// 1805//
f 1809// 1805// 1810//
f 1810// 1805// 1806//
f 1810// 1806// 1811//
f 1811// 1806// 1807//
f 1811// 1807// 1380//
f 1380// 1807// 1381//
f 898// 896// 1593//
f 1593// 896// 1594//
f 1593// 1594// 1812//
f 1812// 1594// 1808//
f 1812// 1808// 1813//
f 1813// 1808// 1809//
f 1813// 1809// 1814//
f 1814// 1809// 1810//
f 1814// 1810// 1815//
f 1815// 1810// 1811//
f 1815// 1811// 1379//
f 1379// 1811// 1380//
f 901// 899// 1592//
f 1592// 899// 1593//
f 1592// 1593// 1816//
f 1816// 1593// 1812//
f 1816// 1812// 1817//
f 1817// 1812// 1813//
f 1817// 1813// 1818//
f 1818// 1813// 1814//
f 1818// 1814// 1819//
f 1819// 1814// 1815//
f 1819// 1815// 1378//
f 1378// 1815// 1379//
f 904// 902// 1591//
f 1591// 902// 1592//
f 1591// 1592// 1820//
f 1820// 1592// 1816//
f 1820// 1816// 1821//
f 1821// 1816// 1817//
f 1821// 1817// 1822//
f 1822// 1817// 1818//
f 1822// 1818// 1823//
f 1823// 1818// 1819//
f 1823// 1819// 1375//
f 1375// 1819// 1378//
f 907// 905// 1590//
f 1590// 905// 1591//
f 1590// 1591// 1824//
f 1824// 1591// 1820//
f 1824// 1820// 1825//
f 1825// 1820// 1821//
f 1825// 1821// 1826//
f 1826// 1821// 1822//
f 1826// 1822// 1827//
f 1827// 1822// 1823//
f 1827// 1823// 1395//
f 1395// 1823// 1375//
f 1395// 1394// 1827//
f 1827// 1394// 1690//
f 1827// 1690// 1826//
f 1826// 1690// 1692//
f 1826// 1692// 1825//
f 1825// 1692// 1694//
f 1825// 1694// 1824//
f 1824// 1694// 1696//
f 1824// 1696// 1590//
f 1590// 1696// 1698//
f 1590// 1698// 908//
f 914// 913// 1699//
f 1699// 913// 911//
f 1699// 911// 1698//
f 1698// 911// 910//
f 1698// 910// 908//
f 1333// 1332// 1691//
f 1691// 1332// 1700//
f 1691// 1700// 1693//
f 1693// 1700// 1702//
f 1693// 1702// 1695//
f 1695// 1702// 1704//
f 1695// 1704// 1697//
f 1697// 1704// 1706//
f 1697// 1706// 1699//
f 1699// 1706// 1708//
f 1699// 1708// 914//
f 914// 1708// 724//
f 727// 725// 1589//
f 1589// 725// 1709//
f 1589// 1709// 1828//
f 1828// 1709// 1707//
f 1828// 1707// 1829//
f 1829// 1707// 1705//
f 1829// 1705// 1830//
f 1830// 1705// 1703//
f 1830// 1703// 1831//
f 1831// 1703// 1701//
f 1831// 1701// 1392//
f 1392// 1701// 1393//
f 730// 728// 1588//
f 1588// 728// 1589//
f 1588// 1589// 1832//
f 1832// 1589// 1828//
f 1832// 1828// 1833//
f 1833// 1828// 1829//
f 1833// 1829// 1834//
f 1834// 1829// 1830//
f 1834// 1830// 1835//
f 1835// 1830// 1831//
f 1835// 1831// 1373//
f 1373// 1831// 1392//
f 1119// 731// 1587//
f 1587// 731// 1588//
f 1587// 1588// 1836//
f 1836// 1588// 1832//
f 1836// 1832// 1837//
f 1837// 1832// 1833//
f 1837// 1833// 1838//
f 1838// 1833// 1834//
f 1838// 1834// 1839//
f 1839// 1834// 1835//
f 1839// 1835// 1372//
f 1372// 1835// 1373//
f 1104// 1106// 1586//
f 1586// 1106// 1587//
f 1586// 1587// 1644//
f 1644// 1587// 1836//
f 1644// 1836// 1634//
f 1634// 1836// 1837//
f 1634// 1837// 1619//
f 1619// 1837// 1838//
f 1619// 1838// 1617//
f 1617// 1838// 1839//
f 1617// 1839// 1371//
f 1371// 1839// 1372//
f 1336// 1629// 1659//
f 1659// 1629// 1840//
f 1659// 1840// 1658//
f 1658// 1840// 1841//
f 1658// 1841// 1657//
f 1657// 1841// 1842//
f 1657// 1842// 1656//
f 1656// 1842// 1585//
f 1656// 1585// 1586//
f 1586// 1585// 733//
f 1586// 733// 1097//
f 1335// 1843// 1629//
f 1629// 1843// 1844//
f 1629// 1844// 1840//
f 1840// 1844// 1845//
f 1840// 1845// 1841//
f 1841// 1845// 1846//
f 1841// 1846// 1842//
f 1842// 1846// 1584//
f 1842// 1584// 1585//
f 1585// 1584// 736//
f 1585// 736// 734//
f 1843// 1847// 1844//
f 1844// 1847// 1848//
f 1844// 1848// 1845//
f 1845// 1848// 1849//
f 1845// 1849// 1846//
f 1846// 1849// 1583//
f 1846// 1583// 1584//
f 1584// 1583// 739//
f 1584// 739// 737//
f 1847// 1850// 1848//
f 1848// 1850// 1851//
f 1848// 1851// 1849//
f 1849// 1851// 1582//
f 1849// 1582// 1583//
f 1583// 1582// 742//
f 1583// 742// 740//
f 1850// 1712// 1851//
f 1851// 1712// 1711//
f 1851// 1711// 1582//
f 1582// 1711// 745//
f 1582// 745// 743//
f 752// 751// 1852//
f 1852// 751// 1710//
f 1852// 1710// 1853//
f 1853// 1710// 1712//
f 1853// 1712// 1854//
f 1854// 1712// 1850//
f 1854// 1850// 1855//
f 1855// 1850// 1847//
f 1855// 1847// 1856//
f 1856// 1847// 1843//
f 1856// 1843// 1334//
f 1334// 1843// 1335//
f 751// 749// 1710//
f 1710// 749// 748//
f 1710// 748// 1711//
f 1711// 748// 746//
f 1711// 746// 745//
f 754// 752// 1581//
f 1581// 752// 1852//
f 1581// 1852// 1857//
f 1857// 1852// 1853//
f 1857// 1853// 1858//
f 1858// 1853// 1854//
f 1858// 1854// 1859//
f 1859// 1854// 1855//
f 1859// 1855// 1860//
f 1860// 1855// 1856//
f 1860// 1856// 1319//
f 1319// 1856// 1334//
f 757// 755// 1580//
f 1580// 755// 1581//
f 1580// 1581// 1861//
f 1861// 1581// 1857//
f 1861// 1857// 1862//
f 1862// 1857// 1858//
f 1862// 1858// 1863//
f 1863// 1858// 1859//
f 1863// 1859// 1864//
f 1864// 1859// 1860//
f 1864// 1860// 1320//
f 1320// 1860// 1319//
f 760// 758// 1579//
f 1579// 758// 1580//
f 1579// 1580// 1865//
f 1865// 1580// 1861//
f 1865// 1861// 1866//
f 1866// 1861// 1862//
f 1866// 1862// 1867//
f 1867// 1862// 1863//
f 1867// 1863// 1868//
f 1868// 1863// 1864//
f 1868// 1864// 1321//
f 1321// 1864// 1320//
f 763// 761// 1578//
f 1578// 761// 1579//
f 1578// 1579// 1869//
f 1869// 1579// 1865//
f 1869// 1865// 1870//
f 1870// 1865// 1866//
f 1870// 1866// 1871//
f 1871// 1866// 1867//
f 1871// 1867// 1872//
f 1872// 1867// 1868//
f 1872// 1868// 1384//
f 1384// 1868// 1321//
f 766// 764// 1577//
f 1577// 764// 1578//
f 1577// 1578// 1873//
f 1873// 1578// 1869//
f 1873// 1869// 1874//
f 1874// 1869// 1870//
f 1874// 1870// 1875//
f 1875// 1870// 1871//
f 1875// 1871// 1876//
f 1876// 1871// 1872//
f 1876// 1872// 1386//
f 1386// 1872// 1384//
f 769// 767// 1576//
f 1576// 767// 1577//
f 1576// 1577// 1877//
f 1877// 1577// 1873//
f 1877// 1873// 1878//
f 1878// 1873// 1874//
f 1878// 1874// 1879//
f 1879// 1874// 1875//
f 1879// 1875// 1880//
f 1880// 1875// 1876//
f 1880// 1876// 1388//
f 1388// 1876// 1386//
f 772// 770// 1575//
f 1575// 770// 1576//
f 1575// 1576// 1881//
f 1881// 1576// 1877//
f 1881// 1877// 1882//
f 1882// 1877// 1878//
f 1882// 1878// 1883//
f 1883// 1878// 1879//
f 1883// 1879// 1884//
f 1884// 1879// 1880//
f 1884// 1880// 1390//
f 1390// 1880// 1388//
f 775// 773// 1574//
f 1574// 773// 1575//
f 1574// 1575// 1885//
f 1885// 1575// 1881//
f 1885// 1881// 1886//
f 1886// 1881// 1882//
f 1886// 1882// 1887//
f 1887// 1882// 1883//
f 1887// 1883// 1888//
f 1888// 1883// 1884//
f 1888// 1884// 1391//
f 1391// 1884// 1390//
f 778// 776// 1573//
f 1573// 776// 1574//
f 1573// 1574// 1889//
f 1889// 1574// 1885//
f 1889// 1885// 1890//
f 1890// 1885// 1886//
f 1890// 1886// 1891//
f 1891// 1886// 1887//
f 1891// 1887// 1892//
f 1892// 1887// 1888//
f 1892// 1888// 1369//
f 1369// 1888// 1391//
f 1369// 1368// 1892//
f 1892// 1368// 1713//
f 1892// 1713// 1891//
f 1891// 1713// 1715//
f 1891// 1715// 1890//
f 1890// 1715// 1717//
f 1890// 1717// 1889//
f 1889// 1717// 1719//
f 1889// 1719// 1573//
f 1573// 1719// 1721//
f 1573// 1721// 779//
f 785// 784// 1722//
f 1722// 784// 782//
f 1722// 782// 1721//
f 1721// 782// 781//
f 1721// 781// 779//
f 1367// 1366// 1714//
f 1714// 1366// 1723//
f 1714// 1723// 1716//
f 1716// 1723// 1725//
f 1716// 1725// 1718//
f 1718// 1725// 1727//
f 1718// 1727// 1720//
f 1720// 1727// 1729//
f 1720// 1729// 1722//
f 1722// 1729// 1731//
f 1722// 1731// 785//
f 785// 1731// 787//
f 790// 788// 1572//
f 1572// 788// 1732//
f 1572// 1732// 1893//
f 1893// 1732// 1730//
f 1893// 1730// 1894//
f 1894// 1730// 1728//
f 1894// 1728// 1895//
f 1895// 1728// 1726//
f 1895// 1726// 1896//
f 1896// 1726// 1724//
f 1896// 1724// 1330//
f 1330// 1724// 1331//
f 793// 791// 1571//
f 1571// 791// 1572//
f 1571// 1572// 1897//
f 1897// 1572// 1893//
f 1897// 1893// 1898//
f 1898// 1893// 1894//
f 1898// 1894// 1899//
f 1899// 1894// 1895//
f 1899// 1895// 1900//
f 1900// 1895// 1896//
f 1900// 1896// 1365//
f 1365// 1896// 1330//
f 796// 794// 1570//
f 1570// 794// 1571//
f 1570// 1571// 1901//
f 1901// 1571// 1897//
f 1901// 1897// 1902//
f 1902// 1897// 1898//
f 1902// 1898// 1903//
f 1903// 1898// 1899//
f 1903// 1899// 1904//
f 1904// 1899// 1900//
f 1904// 1900// 1364//
f 1364// 1900// 1365//
f 799// 797// 1569//
f 1569// 797// 1570//
f 1569// 1570// 1648//
f 1648// 1570// 1901//
f 1648// 1901// 1637//
f 1637// 1901// 1902//
f 1637// 1902// 1616//
f 1616// 1902// 1903//
f 1616// 1903// 1614//
f 1614// 1903// 1904//
f 1614// 1904// 1362//
f 1362// 1904// 1364//
f 1350// 1628// 1663//
f 1663// 1628// 1905//
f 1663// 1905// 1662//
f 1662// 1905// 1906//
f 1662// 1906// 1661//
f 1661// 1906// 1907//
f 1661// 1907// 1660//
f 1660// 1907// 1568//
f 1660// 1568// 1569//
f 1569// 1568// 802//
f 1569// 802// 800//
f 1349// 1627// 1628//
f 1628// 1627// 1908//
f 1628// 1908// 1905//
f 1905// 1908// 1909//
f 1905// 1909// 1906//
f 1906// 1909// 1910//
f 1906// 1910// 1907//
f 1907// 1910// 1567//
f 1907// 1567// 1568//
f 1568// 1567// 1140//
f 1568// 1140// 803//
f 1342// 1626// 1627//
f 1627// 1626// 1911//
f 1627// 1911// 1908//
f 1908// 1911// 1912//
f 1908// 1912// 1909//
f 1909// 1912// 1913//
f 1909// 1913// 1910//
f 1910// 1913// 1566//
f 1910// 1566// 1567//
f 1567// 1566// 1154//
f 1567// 1154// 1158//
f 1341// 1625// 1626//
f 1626// 1625// 1914//
f 1626// 1914// 1911//
f 1911// 1914// 1915//
f 1911// 1915// 1912//
f 1912// 1915// 1916//
f 1912// 1916// 1913//
f 1913// 1916// 1565//
f 1913// 1565// 1566//
f 1566// 1565// 1175//
f 1566// 1175// 1155//
f 1340// 1624// 1625//
f 1625// 1624// 1917//
f 1625// 1917// 1914//
f 1914// 1917// 1918//
f 1914// 1918// 1915//
f 1915// 1918// 1919//
f 1915// 1919// 1916//
f 1916// 1919// 1564//
f 1916// 1564// 1565//
f 1565// 1564// 805//
f 1565// 805// 1172//
f 1310// 1623// 1624//
f 1624// 1623// 1920//
f 1624// 1920// 1917//
f 1917// 1920// 1921//
f 1917// 1921// 1918//
f 1918// 1921// 1922//
f 1918// 1922// 1919//
f 1919// 1922// 1563//
f 1919// 1563// 1564//
f 1564// 1563// 808//
f 1564// 808// 806//
f 1348// 1742// 1623//
f 1623// 1742// 1738//
f 1623// 1738// 1920//
f 1920// 1738// 1733//
f 1920// 1733// 1921//
f 1921// 1733// 1734//
f 1921// 1734// 1922//
f 1922// 1734// 1735//
f 1922// 1735// 1563//
f 1563// 1735// 811//
f 1563// 811// 809//
f 1211// 1210// 1923//
f 1019// 1018// 1924//
f 1216// 1214// 1925//
f 1926// 1927// 1928//
f 1928// 1927// 1929//
f 1930// 1931// 1932//
f 1925// 1930// 1933//
f 1933// 1930// 1932//
f 1933// 1932// 1934//
f 1216// 1935// 1217//
f 1217// 1935// 1936//
f 1217// 1936// 1015//
f 1216// 1925// 1935//
f 1935// 1925// 1933//
f 1935// 1933// 1936//
f 1936// 1933// 1934//
f 1936// 1934// 1937//
f 1937// 1212// 1936//
f 1936// 1212// 1016//
f 1936// 1016// 1015//
f 1018// 1212// 1924//
f 1924// 1212// 1937//
f 1924// 1937// 1938//
f 1938// 1937// 1934//
f 1938// 1934// 1939//
f 1939// 1934// 1932//
f 1939// 1932// 1940//
f 1940// 1932// 1931//
f 1940// 1931// 1941//
f 1209// 1019// 1942//
f 1942// 1019// 1924//
f 1942// 1924// 1943//
f 1943// 1924// 1938//
f 1943// 1938// 1944//
f 1944// 1938// 1939//
f 1944// 1939// 1945//
f 1945// 1939// 1940//
f 1945// 1940// 1926//
f 1926// 1940// 1941//
f 1926// 1941// 1927//
f 1946// 1947// 1948//
f 1948// 1947// 1949//
f 1948// 1949// 1950//
f 1951// 1946// 1952//
f 1952// 1946// 1948//
f 1952// 1948// 1953//
f 1953// 1948// 1950//
f 1953// 1950// 1954//
f 1955// 1951// 1956//
f 1956// 1951// 1952//
f 1956// 1952// 1957//
f 1957// 1952// 1953//
f 1957// 1953// 1958//
f 1958// 1953// 1954//
f 1958// 1954// 1959//
f 1960// 1955// 1961//
f 1961// 1955// 1956//
f 1961// 1956// 1962//
f 1962// 1956// 1957//
f 1962// 1957// 1963//
f 1963// 1957// 1958//
f 1963// 1958// 1964//
f 1964// 1958// 1959//
f 1964// 1959// 1923//
f 1210// 1209// 1923//
f 1923// 1209// 1942//
f 1923// 1942// 1964//
f 1964// 1942// 1943//
f 1964// 1943// 1963//
f 1963// 1943// 1944//
f 1963// 1944// 1962//
f 1962// 1944// 1945//
f 1962// 1945// 1961//
f 1961// 1945// 1926//
f 1961// 1926// 1960//
f 1960// 1926// 1928//
f 1206// 1211// 1965//
f 1965// 1211// 1923//
f 1965// 1923// 1966//
f 1966// 1923// 1959//
f 1966// 1959// 1967//
f 1967// 1959// 1954//
f 1967// 1954// 1968//
f 1968// 1954// 1950//
f 1968// 1950// 1969//
f 1969// 1950// 1949//
f 1969// 1949// 1970//
f 1970// 1949// 1947//
f 1971// 1972// 1973//
f 1214// 1213// 1974//
f 1974// 1213// 1230//
f 1974// 1230// 1975//
f 1230// 1013// 1975//
f 1975// 1013// 1012//
f 1975// 1012// 1976//
f 1012// 1010// 1976//
f 1976// 1010// 1009//
f 1976// 1009// 1977//
f 1009// 1007// 1977//
f 1977// 1007// 1006//
f 1977// 1006// 1978//
f 1006// 1004// 1978//
f 1978// 1004// 1003//
f 1978// 1003// 1979//
f 1979// 1003// 1001//
f 1001// 1000// 1979//
f 1979// 1000// 998//
f 1979// 998// 1980//
f 998// 997// 1980//
f 1980// 997// 995//
f 1980// 995// 1981//
f 995// 994// 1981//
f 1981// 994// 992//
f 1981// 992// 1982//
f 992// 991// 1982//
f 1982// 991// 989//
f 1982// 989// 1983//
f 1983// 989// 988//
f 1983// 988// 1984//
f 988// 1221// 1984//
f 1984// 1221// 1219//
f 1984// 1219// 1985//
f 1219// 1218// 1985//
f 1985// 1218// 986//
f 1985// 986// 1986//
f 986// 985// 1986//
f 1986// 985// 983//
f 1986// 983// 1987//
f 983// 982// 1987//
f 1987// 982// 980//
f 1987// 980// 1988//
f 980// 979// 1988//
f 1988// 979// 977//
f 1988// 977// 1989//
f 977// 976// 1989//
f 1989// 976// 974//
f 1989// 974// 1990//
f 974// 973// 1990//
f 1990// 973// 971//
f 1990// 971// 1991//
f 971// 970// 1991//
f 1991// 970// 968//
f 1991// 968// 1992//
f 968// 967// 1992//
f 1992// 967// 965//
f 1992// 965// 1993//
f 965// 964// 1993//
f 1993// 964// 962//
f 1993// 962// 1994//
f 962// 961// 1994//
f 1994// 961// 959//
f 1994// 959// 1995//
f 1995// 959// 958//
f 1995// 958// 1996//
f 958// 956// 1996//
f 1996// 956// 955//
f 1996// 955// 1997//
f 955// 953// 1997//
f 1997// 953// 952//
f 1997// 952// 1998//
f 952// 950// 1998//
f 1998// 950// 949//
f 1998// 949// 1999//
f 949// 947// 1999//
f 1999// 947// 946//
f 1999// 946// 2000//
f 946// 944// 2000//
f 2000// 944// 943//
f 2000// 943// 2001//
f 943// 941// 2001//
f 2001// 941// 940//
f 2001// 940// 2002//
f 2002// 940// 938//
f 938// 937// 2002//
f 2002// 937// 935//
f 2002// 935// 2003//
f 935// 934// 2003//
f 2003// 934// 932//
f 2003// 932// 2004//
f 928// 2005// 929//
f 929// 2005// 2004//
f 929// 2004// 931//
f 931// 2004// 932//
f 2005// 2006// 2004//
f 2004// 2006// 2007//
f 2004// 2007// 2003//
f 2003// 2007// 2008//
f 2003// 2008// 2002//
f 2002// 2008// 2009//
f 2002// 2009// 2001//
f 2001// 2009// 2010//
f 2001// 2010// 2000//
f 2000// 2010// 2011//
f 2000// 2011// 1999//
f 1999// 2011// 2012//
f 1999// 2012// 1998//
f 1998// 2012// 2013//
f 1998// 2013// 1997//
f 1997// 2013// 2014//
f 1997// 2014// 1996//
f 1996// 2014// 2015//
f 1996// 2015// 1995//
f 1995// 2015// 2016//
f 1995// 2016// 1994//
f 1994// 2016// 2017//
f 1994// 2017// 1993//
f 1993// 2017// 2018//
f 1993// 2018// 1992//
f 1992// 2018// 2019//
f 1992// 2019// 1991//
f 1991// 2019// 2020//
f 1991// 2020// 1990//
f 1990// 2020// 2021//
f 1990// 2021// 1989//
f 1989// 2021// 2022//
f 1989// 2022// 1988//
f 1988// 2022// 2023//
f 1988// 2023// 1987//
f 1987// 2023// 2024//
f 1987// 2024// 1986//
f 1986// 2024// 2025//
f 1986// 2025// 1985//
f 1985// 2025// 2026//
f 1985// 2026// 1984//
f 1984// 2026// 2027//
f 1984// 2027// 1983//
f 1983// 2027// 2028//
f 1983// 2028// 1982//
f 1982// 2028// 2029//
f 1982// 2029// 1981//
f 1981// 2029// 2030//
f 1981// 2030// 1980//
f 1980// 2030// 2031//
f 1980// 2031// 1979//
f 1979// 2031// 2032//
f 1979// 2032// 1978//
f 1978// 2032// 2033//
f 1978// 2033// 1977//
f 1977// 2033// 2034//
f 1977// 2034// 1976//
f 1976// 2034// 2035//
f 1976// 2035// 1975//
f 1975// 2035// 2036//
f 1975// 2036// 1974//
f 1974// 2036// 2037//
f 2006// 2038// 2007//
f 2007// 2038// 2039//
f 2007// 2039// 2008//
f 2008// 2039// 2040//
f 2008// 2040// 2009//
f 2009// 2040// 2041//
f 2009// 2041// 2010//
f 2010// 2041// 2042//
f 2010// 2042// 2011//
f 2011// 2042// 2043//
f 2011// 2043// 2012//
f 2012// 2043// 2044//
f 2012// 2044// 2013//
f 2013// 2044// 2045//
f 2013// 2045// 2014//
f 2014// 2045// 2046//
f 2014// 2046// 2015//
f 2015// 2046// 2047//
f 2015// 2047// 2016//
f 2016// 2047// 2048//
f 2016// 2048// 2017//
f 2017// 2048// 2049//
f 2017// 2049// 2018//
f 2018// 2049// 2050//
f 2018// 2050// 2019//
f 2019// 2050// 2051//
f 2019// 2051// 2020//
f 2020// 2051// 2052//
f 2020// 2052// 2021//
f 2021// 2052// 2053//
f 2021// 2053// 2022//
f 2022// 2053// 2054//
f 2022// 2054// 2023//
f 2023// 2054// 2055//
f 2023// 2055// 2024//
f 2024// 2055// 2056//
f 2024// 2056// 2025//
f 2025// 2056// 2057//
f 2025// 2057// 2026//
f 2026// 2057// 2058//
f 2026// 2058// 2027//
f 2027// 2058// 2059//
f 2027// 2059// 2028//
f 2028// 2059// 2060//
f 2028// 2060// 2029//
f 2029// 2060// 2061//
f 2029// 2061// 2030//
f 2030// 2061// 2062//
f 2030// 2062// 2031//
f 2031// 2062// 2063//
f 2031// 2063// 2032//
f 2032// 2063// 2064//
f 2032// 2064// 2033//
f 2033// 2064// 2065//
f 2033// 2065// 2034//
f 2034// 2065// 2066//
f 2034// 2066// 2035//
f 2035// 2066// 2067//
f 2035// 2067// 2036//
f 2036// 2067// 2068//
f 2036// 2068// 2037//
f 2037// 2068// 2069//
f 2038// 2070// 2039//
f 2039// 2070// 2071//
f 2039// 2071// 2040//
f 2040// 2071// 2072//
f 2040// 2072// 2041//
f 2041// 2072// 2073//
f 2041// 2073// 2042//
f 2042// 2073// 2074//
f 2042// 2074// 2043//
f 2043// 2074// 2075//
f 2043// 2075// 2044//
f 2044// 2075// 2076//
f 2044// 2076// 2045//
f 2045// 2076// 2077//
f 2045// 2077// 2046//
f 2046// 2077// 2078//
f 2046// 2078// 2047//
f 2047// 2078// 2079//
f 2047// 2079// 2048//
f 2048// 2079// 2080//
f 2048// 2080// 2049//
f 2049// 2080// 2081//
f 2049// 2081// 2050//
f 2050// 2081// 2082//
f 2050// 2082// 2051//
f 2051// 2082// 2083//
f 2051// 2083// 2052//
f 2052// 2083// 2084//
f 2052// 2084// 2053//
f 2053// 2084// 2085//
f 2053// 2085// 2054//
f 2054// 2085// 2086//
f 2054// 2086// 2055//
f 2055// 2086// 2087//
f 2055// 2087// 2056//
f 2056// 2087// 2088//
f 2056// 2088// 2057//
f 2057// 2088// 2089//
f 2057// 2089// 2058//
f 2058// 2089// 2090//
f 2058// 2090// 2059//
f 2059// 2090// 2091//
f 2059// 2091// 2060//
f 2060// 2091// 2092//
f 2060// 2092// 2061//
f 2061// 2092// 2093//
f 2061// 2093// 2062//
f 2062// 2093// 2094//
f 2062// 2094// 2063//
f 2063// 2094// 2095//
f 2063// 2095// 2064//
f 2064// 2095// 2096//
f 2064// 2096// 2065//
f 2065// 2096// 2097//
f 2065// 2097// 2066//
f 2066// 2097// 2098//
f 2066// 2098// 2067//
f 2067// 2098// 2099//
f 2067// 2099// 2068//
f 2068// 2099// 2100//
f 2068// 2100// 2069//
f 2069// 2100// 2101//
f 2070// 1972// 2071//
f 2071// 1972// 1971//
f 2071// 1971// 2072//
f 2072// 1971// 2102//
f 2072// 2102// 2073//
f 2073// 2102// 2103//
f 2073// 2103// 2074//
f 2074// 2103// 2104//
f 2074// 2104// 2075//
f 2075// 2104// 2105//
f 2075// 2105// 2076//
f 2076// 2105// 2106//
f 2076// 2106// 2077//
f 2077// 2106// 2107//
f 2077// 2107// 2078//
f 2078// 2107// 2108//
f 2078// 2108// 2079//
f 2079// 2108// 2109//
f 2079// 2109// 2080//
f 2080// 2109// 2110//
f 2080// 2110// 2081//
f 2081// 2110// 2111//
f 2081// 2111// 2082//
f 2082// 2111// 2112//
f 2082// 2112// 2083//
f 2083// 2112// 2113//
f 2083// 2113// 2084//
f 2084// 2113// 2114//
f 2084// 2114// 2085//
f 2085// 2114// 2115//
f 2085// 2115// 2086//
f 2086// 2115// 2116//
f 2086// 2116// 2087//
f 2087// 2116// 2117//
f 2087// 2117// 2088//
f 2088// 2117// 2118//
f 2088// 2118// 2089//
f 2089// 2118// 2119//
f 2089// 2119// 2090//
f 2090// 2119// 2120//
f 2090// 2120// 2091//
f 2091// 2120// 2121//
f 2091// 2121// 2092//
f 2092// 2121// 2122//
f 2092// 2122// 2093//
f 2093// 2122// 2123//
f 2093// 2123// 2094//
f 2094// 2123// 2124//
f 2094// 2124// 2095//
f 2095// 2124// 2125//
f 2095// 2125// 2096//
f 2096// 2125// 2126//
f 2096// 2126// 2097//
f 2097// 2126// 2127//
f 2097// 2127// 2098//
f 2098// 2127// 2128//
f 2098// 2128// 2099//
f 2099// 2128// 2129//
f 2099// 2129// 2100//
f 2100// 2129// 2130//
f 2100// 2130// 2101//
f 2101// 2130// 2131//
f 1214// 1974// 1925//
f 1925// 1974// 2037//
f 1925// 2037// 1930//
f 1930// 2037// 2069//
f 1930// 2069// 1931//
f 1931// 2069// 2101//
f 1931// 2101// 1941//
f 1941// 2101// 2131//
f 1941// 2131// 1927//
f 1927// 2131// 2132//
f 1927// 2132// 1929//
f 1973// 2133// 1971//
f 1971// 2133// 1520//
f 1971// 1520// 2102//
f 2102// 1520// 1519//
f 2102// 1519// 2103//
f 2103// 1519// 1518//
f 2103// 1518// 2104//
f 2104// 1518// 1516//
f 2104// 1516// 2105//
f 2105// 1516// 1515//
f 2105// 1515// 2106//
f 2106// 1515// 1533//
f 2106// 1533// 2107//
f 2107// 1533// 1532//
f 2107// 1532// 2108//
f 2108// 1532// 1538//
f 2108// 1538// 2109//
f 2109// 1538// 1539//
f 2109// 1539// 2110//
f 2110// 1539// 1553//
f 2110// 1553// 2111//
f 2111// 1553// 1544//
f 2111// 1544// 2112//
f 2112// 1544// 1543//
f 2112// 1543// 2113//
f 2113// 1543// 1527//
f 2113// 1527// 2114//
f 2114// 1527// 1526//
f 2114// 1526// 2115//
f 2115// 1526// 1552//
f 2115// 1552// 2116//
f 2116// 1552// 1551//
f 2116// 1551// 2117//
f 2117// 1551// 1550//
f 2117// 1550// 2118//
f 2118// 1550// 1542//
f 2118// 1542// 2119//
f 2119// 1542// 1541//
f 2119// 1541// 2120//
f 2120// 1541// 1540//
f 2120// 1540// 2121//
f 2121// 1540// 1559//
f 2121// 1559// 2122//
f 2122// 1559// 1558//
f 2122// 1558// 2123//
f 2123// 1558// 1561//
f 2123// 1561// 2124//
f 2124// 1561// 1560//
f 2124// 1560// 2125//
f 2125// 1560// 1525//
f 2125// 1525// 2126//
f 2126// 1525// 1521//
f 2126// 1521// 2127//
f 2127// 1521// 1523//
f 2127// 1523// 2128//
f 2128// 1523// 1524//
f 2128// 1524// 2129//
f 2129// 1524// 1530//
f 2129// 1530// 2130//
f 2130// 1530// 1529//
f 2130// 1529// 2131//
f 2131// 1529// 1528//
f 2131// 1528// 2132//
f 2134// 1969// 1970//
f 2135// 1224// 1088//
f 1088// 1087// 2136//
f 2136// 1087// 1190//
f 2136// 1190// 2137//
f 1190// 1192// 2137//
f 2137// 1192// 1193//
f 2137// 1193// 2138//
f 1193// 1194// 2138//
f 2138// 1194// 1198//
f 2138// 1198// 2139//
f 1198// 1197// 2139//
f 2139// 1197// 1196//
f 2139// 1196// 2140//
f 1196// 1195// 2140//
f 2140// 1195// 1085//
f 2140// 1085// 2141//
f 1085// 1084// 2141//
f 2141// 1084// 1082//
f 2141// 1082// 2142//
f 1082// 1081// 2142//
f 2142// 1081// 1079//
f 2142// 1079// 2143//
f 1079// 1078// 2143//
f 2143// 1078// 1076//
f 2143// 1076// 2144//
f 1076// 1075// 2144//
f 2144// 1075// 1073//
f 2144// 1073// 2145//
f 2145// 1073// 1072//
f 2145// 1072// 2146//
f 1072// 1070// 2146//
f 2146// 1070// 1069//
f 2146// 1069// 2147//
f 1069// 1067// 2147//
f 2147// 1067// 1066//
f 2147// 1066// 2148//
f 1066// 1064// 2148//
f 2148// 1064// 1063//
f 2148// 1063// 2149//
f 1063// 1061// 2149//
f 2149// 1061// 1060//
f 2149// 1060// 2150//
f 1060// 1058// 2150//
f 2150// 1058// 1057//
f 2150// 1057// 2151//
f 1057// 1055// 2151//
f 2151// 1055// 1054//
f 2151// 1054// 2152//
f 2152// 1054// 1052//
f 1052// 1051// 2152//
f 2152// 1051// 1049//
f 2152// 1049// 2153//
f 1049// 1048// 2153//
f 2153// 1048// 1046//
f 2153// 1046// 2154//
f 1046// 1045// 2154//
f 2154// 1045// 1043//
f 2154// 1043// 2155//
f 1043// 1042// 2155//
f 2155// 1042// 1040//
f 2155// 1040// 2156//
f 2156// 1040// 1039//
f 2156// 1039// 2157//
f 1039// 1199// 2157//
f 2157// 1199// 1037//
f 2157// 1037// 2158//
f 1037// 1036// 2158//
f 2158// 1036// 1034//
f 2158// 1034// 2159//
f 1034// 1033// 2159//
f 2159// 1033// 1031//
f 2159// 1031// 2160//
f 1031// 1030// 2160//
f 2160// 1030// 1028//
f 2160// 1028// 2161//
f 1028// 1027// 2161//
f 2161// 1027// 1025//
f 2161// 1025// 2162//
f 1025// 1024// 2162//
f 2162// 1024// 1022//
f 2162// 1022// 2163//
f 1022// 1021// 2163//
f 2163// 1021// 1200//
f 2163// 1200// 2164//
f 1200// 1202// 2164//
f 2164// 1202// 1203//
f 2164// 1203// 2165//
f 1203// 1204// 2165//
f 2165// 1204// 1205//
f 2165// 1205// 2166//
f 1206// 1965// 1207//
f 1207// 1965// 2166//
f 1207// 2166// 1208//
f 1208// 2166// 1205//
f 1965// 1966// 2166//
f 2166// 1966// 2167//
f 2166// 2167// 2165//
f 2165// 2167// 2168//
f 2165// 2168// 2164//
f 2164// 2168// 2169//
f 2164// 2169// 2163//
f 2163// 2169// 2170//
f 2163// 2170// 2162//
f 2162// 2170// 2171//
f 2162// 2171// 2161//
f 2161// 2171// 2172//
f 2161// 2172// 2160//
f 2160// 2172// 2173//
f 2160// 2173// 2159//
f 2159// 2173// 2174//
f 2159// 2174// 2158//
f 2158// 2174// 2175//
f 2158// 2175// 2157//
f 2157// 2175// 2176//
f 2157// 2176// 2156//
f 2156// 2176// 2177//
f 2156// 2177// 2155//
f 2155// 2177// 2178//
f 2155// 2178// 2154//
f 2154// 2178// 2179//
f 2154// 2179// 2153//
f 2153// 2179// 2180//
f 2153// 2180// 2152//
f 2152// 2180// 2181//
f 2152// 2181// 2151//
f 2151// 2181// 2182//
f 2151// 2182// 2150//
f 2150// 2182// 2183//
f 2150// 2183// 2149//
f 2149// 2183// 2184//
f 2149// 2184// 2148//
f 2148// 2184// 2185//
f 2148// 2185// 2147//
f 2147// 2185// 2186//
f 2147// 2186// 2146//
f 2146// 2186// 2187//
f 2146// 2187// 2145//
f 2145// 2187// 2188//
f 2145// 2188// 2144//
f 2144// 2188// 2189//
f 2144// 2189// 2143//
f 2143// 2189// 2190//
f 2143// 2190// 2142//
f 2142// 2190// 2191//
f 2142// 2191// 2141//
f 2141// 2191// 2192//
f 2141// 2192// 2140//
f 2140// 2192// 2193//
f 2140// 2193// 2139//
f 2139// 2193// 2194//
f 2139// 2194// 2138//
f 2138// 2194// 2195//
f 2138// 2195// 2137//
f 2137// 2195// 2196//
f 2137// 2196// 2136//
f 2136// 2196// 2197//
f 1966// 1967// 2167//
f 2167// 1967// 2198//
f 2167// 2198// 2168//
f 2168// 2198// 2199//
f 2168// 2199// 2169//
f 2169// 2199// 2200//
f 2169// 2200// 2170//
f 2170// 2200// 2201//
f 2170// 2201// 2171//
f 2171// 2201// 2202//
f 2171// 2202// 2172//
f 2172// 2202// 2203//
f 2172// 2203// 2173//
f 2173// 2203// 2204//
f 2173// 2204// 2174//
f 2174// 2204// 2205//
f 2174// 2205// 2175//
f 2175// 2205// 2206//
f 2175// 2206// 2176//
f 2176// 2206// 2207//
f 2176// 2207// 2177//
f 2177// 2207// 2208//
f 2177// 2208// 2178//
f 2178// 2208// 2209//
f 2178// 2209// 2179//
f 2179// 2209// 2210//
f 2179// 2210// 2180//
f 2180// 2210// 2211//
f 2180// 2211// 2181//
f 2181// 2211// 2212//
f 2181// 2212// 2182//
f 2182// 2212// 2213//
f 2182// 2213// 2183//
f 2183// 2213// 2214//
f 2183// 2214// 2184//
f 2184// 2214// 2215//
f 2184// 2215// 2185//
f 2185// 2215// 2216//
f 2185// 2216// 2186//
f 2186// 2216// 2217//
f 2186// 2217// 2187//
f 2187// 2217// 2218//
f 2187// 2218// 2188//
f 2188// 2218// 2219//
f 2188// 2219// 2189//
f 2189// 2219// 2220//
f 2189// 2220// 2190//
f 2190// 2220// 2221//
f 2190// 2221// 2191//
f 2191// 2221// 2222//
f 2191// 2222// 2192//
f 2192// 2222// 2223//
f 2192// 2223// 2193//
f 2193// 2223// 2224//
f 2193// 2224// 2194//
f 2194// 2224// 2225//
f 2194// 2225// 2195//
f 2195// 2225// 2226//
f 2195// 2226// 2196//
f 2196// 2226// 2227//
f 2196// 2227// 2197//
f 2197// 2227// 2228//
f 1967// 1968// 2198//
f 2198// 1968// 2229//
f 2198// 2229// 2199//
f 2199// 2229// 2230//
f 2199// 2230// 2200//
f 2200// 2230// 2231//
f 2200// 2231// 2201//
f 2201// 2231// 2232//
f 2201// 2232// 2202//
f 2202// 2232// 2233//
f 2202// 2233// 2203//
f 2203// 2233// 2234//
f 2203// 2234// 2204//
f 2204// 2234// 2235//
f 2204// 2235// 2205//
f 2205// 2235// 2236//
f 2205// 2236// 2206//
f 2206// 2236// 2237//
f 2206// 2237// 2207//
f 2207// 2237// 2238//
f 2207// 2238// 2208//
f 2208// 2238// 2239//
f 2208// 2239// 2209//
f 2209// 2239// 2240//
f 2209// 2240// 2210//
f 2210// 2240// 2241//
f 2210// 2241// 2211//
f 2211// 2241// 2242//
f 2211// 2242// 2212//
f 2212// 2242// 2243//
f 2212// 2243// 2213//
f 2213// 2243// 2244//
f 2213// 2244// 2214//
f 2214// 2244// 2245//
f 2214// 2245// 2215//
f 2215// 2245// 2246//
f 2215// 2246// 2216//
f 2216// 2246// 2247//
f 2216// 2247// 2217//
f 2217// 2247// 2248//
f 2217// 2248// 2218//
f 2218// 2248// 2249//
f 2218// 2249// 2219//
f 2219// 2249// 2250//
f 2219// 2250// 2220//
f 2220// 2250// 2251//
f 2220// 2251// 2221//
f 2221// 2251// 2252//
f 2221// 2252// 2222//
f 2222// 2252// 2253//
f 2222// 2253// 2223//
f 2223// 2253// 2254//
f 2223// 2254// 2224//
f 2224// 2254// 2255//
f 2224// 2255// 2225//
f 2225// 2255// 2256//
f 2225// 2256// 2226//
f 2226// 2256// 2257//
f 2226// 2257// 2227//
f 2227// 2257// 2258//
f 2227// 2258// 2228//
f 2228// 2258// 2259//
f 1968// 1969// 2229//
f 2229// 1969// 2134//
f 2229// 2134// 2230//
f 2230// 2134// 2260//
f 2230// 2260// 2231//
f 2231// 2260// 2261//
f 2231// 2261// 2232//
f 2232// 2261// 2262//
f 2232// 2262// 2233//
f 2233// 2262// 2263//
f 2233// 2263// 2234//
f 2234// 2263// 2264//
f 2234// 2264// 2235//
f 2235// 2264// 2265//
f 2235// 2265// 2236//
f 2236// 2265// 2266//
f 2236// 2266// 2237//
f 2237// 2266// 2267//
f 2237// 2267// 2238//
f 2238// 2267// 2268//
f 2238// 2268// 2239//
f 2239// 2268// 2269//
f 2239// 2269// 2240//
f 2240// 2269// 2270//
f 2240// 2270// 2241//
f 2241// 2270// 2271//
f 2241// 2271// 2242//
f 2242// 2271// 2272//
f 2242// 2272// 2243//
f 2243// 2272// 2273//
f 2243// 2273// 2244//
f 2244// 2273// 2274//
f 2244// 2274// 2245//
f 2245// 2274// 2275//
f 2245// 2275// 2246//
f 2246// 2275// 2276//
f 2246// 2276// 2247//
f 2247// 2276// 2277//
f 2247// 2277// 2248//
f 2248// 2277// 2278//
f 2248// 2278// 2249//
f 2249// 2278// 2279//
f 2249// 2279// 2250//
f 2250// 2279// 2280//
f 2250// 2280// 2251//
f 2251// 2280// 2281//
f 2251// 2281// 2252//
f 2252// 2281// 2282//
f 2252// 2282// 2253//
f 2253// 2282// 2283//
f 2253// 2283// 2254//
f 2254// 2283// 2284//
f 2254// 2284// 2255//
f 2255// 2284// 2285//
f 2255// 2285// 2256//
f 2256// 2285// 2286//
f 2256// 2286// 2257//
f 2257// 2286// 2287//
f 2257// 2287// 2258//
f 2258// 2287// 2288//
f 2258// 2288// 2259//
f 2259// 2288// 2289//
f 1088// 2136// 2135//
f 2135// 2136// 2197//
f 2135// 2197// 2290//
f 2290// 2197// 2228//
f 2290// 2228// 2291//
f 2291// 2228// 2259//
f 2291// 2259// 2292//
f 2292// 2259// 2289//
f 2292// 2289// 2293//
f 2293// 2289// 2294//
f 2293// 2294// 2295//
f 1970// 2296// 2134//
f 2134// 2296// 1238//
f 2134// 1238// 2260//
f 2260// 1238// 1237//
f 2260// 1237// 2261//
f 2261// 1237// 1236//
f 2261// 1236// 2262//
f 2262// 1236// 1234//
f 2262// 1234// 2263//
f 2263// 1234// 1233//
f 2263// 1233// 2264//
f 2264// 1233// 1246//
f 2264// 1246// 2265//
f 2265// 1246// 1245//
f 2265// 1245// 2266//
f 2266// 1245// 1282//
f 2266// 1282// 2267//
f 2267// 1282// 1283//
f 2267// 1283// 2268//
f 2268// 1283// 1279//
f 2268// 1279// 2269//
f 2269// 1279// 1285//
f 2269// 1285// 2270//
f 2270// 1285// 1284//
f 2270// 1284// 2271//
f 2271// 1284// 1265//
f 2271// 1265// 2272//
f 2272// 1265// 1264//
f 2272// 1264// 2273//
f 2273// 1264// 1263//
f 2273// 1263// 2274//
f 2274// 1263// 1261//
f 2274// 1261// 2275//
f 2275// 1261// 1260//
f 2275// 1260// 2276//
f 2276// 1260// 1254//
f 2276// 1254// 2277//
f 2277// 1254// 1253//
f 2277// 1253// 2278//
f 2278// 1253// 1251//
f 2278// 1251// 2279//
f 2279// 1251// 1250//
f 2279// 1250// 2280//
f 2280// 1250// 1258//
f 2280// 1258// 2281//
f 2281// 1258// 1256//
f 2281// 1256// 2282//
f 2282// 1256// 1271//
f 2282// 1271// 2283//
f 2283// 1271// 1270//
f 2283// 1270// 2284//
f 2284// 1270// 1268//
f 2284// 1268// 2285//
f 2285// 1268// 1275//
f 2285// 1275// 2286//
f 2286// 1275// 1243//
f 2286// 1243// 2287//
f 2287// 1243// 1242//
f 2287// 1242// 2288//
f 2288// 1242// 1240//
f 2288// 1240// 2289//
f 2289// 1240// 1239//
f 2289// 1239// 2294//
f 926// 925// 2297//
f 2298// 1225// 1224//
f 2299// 2293// 2300//
f 2300// 2293// 2295//
f 2291// 2292// 2301//
f 2290// 2291// 2302//
f 2302// 2291// 2301//
f 2302// 2301// 2303//
f 2135// 2290// 2304//
f 2304// 2290// 2302//
f 2304// 2302// 2305//
f 2305// 2302// 2303//
f 2305// 2303// 2306//
f 1225// 2298// 1227//
f 1227// 2298// 2307//
f 1227// 2307// 1228//
f 1228// 2307// 2308//
f 1228// 2308// 922//
f 1224// 2135// 2298//
f 2298// 2135// 2304//
f 2298// 2304// 2307//
f 2307// 2304// 2305//
f 2307// 2305// 2308//
f 2308// 2305// 2306//
f 2308// 2306// 2309//
f 2309// 1223// 2308//
f 2308// 1223// 923//
f 2308// 923// 922//
f 925// 1223// 2297//
f 2297// 1223// 2309//
f 2297// 2309// 2310//
f 2310// 2309// 2306//
f 2310// 2306// 2311//
f 2311// 2306// 2303//
f 2311// 2303// 2312//
f 2312// 2303// 2301//
f 2312// 2301// 2299//
f 2299// 2301// 2292//
f 2299// 2292// 2293//
f 2313// 2314// 2315//
f 2315// 2314// 2316//
f 2315// 2316// 2317//
f 2318// 2313// 2319//
f 2319// 2313// 2315//
f 2319// 2315// 2320//
f 2320// 2315// 2317//
f 2320// 2317// 2321//
f 2322// 2318// 2323//
f 2323// 2318// 2319//
f 2323// 2319// 2324//
f 2324// 2319// 2320//
f 2324// 2320// 2325//
f 2325// 2320// 2321//
f 2325// 2321// 2326//
f 2327// 2322// 2328//
f 2328// 2322// 2323//
f 2328// 2323// 2329//
f 2329// 2323// 2324//
f 2329// 2324// 2330//
f 2330// 2324// 2325//
f 2330// 2325// 2331//
f 2331// 2325// 2326//
f 2331// 2326// 2332//
f 1222// 926// 2332//
f 2332// 926// 2297//
f 2332// 2297// 2331//
f 2331// 2297// 2310//
f 2331// 2310// 2330//
f 2330// 2310// 2311//
f 2330// 2311// 2329//
f 2329// 2311// 2312//
f 2329// 2312// 2328//
f 2328// 2312// 2299//
f 2328// 2299// 2327//
f 2327// 2299// 2300//
f 928// 1222// 2005//
f 2005// 1222// 2332//
f 2005// 2332// 2006//
f 2006// 2332// 2326//
f 2006// 2326// 2038//
f 2038// 2326// 2321//
f 2038// 2321// 2070//
f 2070// 2321// 2317//
f 2070// 2317// 1972//
f 1972// 2317// 2316//
f 1972// 2316// 1973//
f 1973// 2316// 2314//
usemtl 5
f 2333// 1146// 2334//
f 2334// 1146// 1145//
f 2335// 1149// 1148//
f 2335// 1148// 2333//
f 2333// 1148// 1147//
f 2333// 1147// 1146//
f 1149// 2335// 1150//
f 1150// 2335// 2336//
f 1150// 2336// 1151//
f 1151// 2336// 2337//
f 1151// 2337// 1152//
f 2338// 1184// 2339//
f 2339// 1184// 1183//
f 2339// 1183// 2340//
f 2340// 1183// 1182//
f 2340// 1182// 2341//
f 2341// 1182// 1181//
f 2341// 1181// 2342//
f 2342// 1181// 1231//
f 2342// 1231// 2337//
f 2337// 1231// 1153//
f 2337// 1153// 1152//
f 2343// 1187// 2338//
f 2338// 1187// 1186//
f 2338// 1186// 1184//
f 2344// 1166// 2343//
f 2343// 1166// 1189//
f 2343// 1189// 1187//
f 2345// 1165// 2344//
f 2344// 1165// 1164//
f 2344// 1164// 1166//
f 1173// 1171// 2346//
f 2346// 1171// 1170//
f 1170// 1169// 2346//
f 2346// 1169// 1168//
f 2346// 1168// 2345//
f 2345// 1168// 1167//
f 2345// 1167// 1165//
f 2347// 1176// 2346//
f 2346// 1176// 1174//
f 2346// 1174// 1173//
f 1156// 1179// 2348//
f 2348// 1179// 1178//
f 2348// 1178// 2347//
f 2347// 1178// 1177//
f 2347// 1177// 1176//
f 2349// 1157// 2350//
f 2350// 1157// 1159//
f 2350// 1159// 2351//
f 2351// 1159// 1160//
f 2351// 1160// 2352//
f 2352// 1160// 1156//
f 2352// 1156// 2353//
f 2353// 1156// 2348//
f 1163// 1162// 2349//
f 2349// 1162// 1161//
f 2349// 1161// 1157//
f 2349// 2354// 1163//
f 1163// 2354// 2355//
f 1163// 2355// 1141//
f 2356// 1138// 2355//
f 2355// 1138// 1142//
f 2355// 1142// 1141//
f 1145// 1144// 2334//
f 2334// 1144// 1143//
f 2334// 1143// 2356//
f 2356// 1143// 1139//
f 2356// 1139// 1138//
f 2357// 2358// 2359//
f 2359// 2358// 2360//
f 2359// 2360// 2361//
f 2362// 2363// 2359//
f 2359// 2363// 2364//
f 2359// 2364// 2357//
f 2365// 2366// 2359//
f 2359// 2366// 2367//
f 2359// 2367// 2362//
f 2368// 2369// 2359//
f 2359// 2369// 2370//
f 2359// 2370// 2365//
f 2371// 2372// 2359//
f 2359// 2372// 2373//
f 2359// 2373// 2368//
f 2374// 2375// 2359//
f 2359// 2375// 2376//
f 2359// 2376// 2371//
f 2377// 2378// 2359//
f 2359// 2378// 2379//
f 2359// 2379// 2374//
f 2361// 2380// 2359//
f 2359// 2380// 2381//
f 2359// 2381// 2377//
f 2382// 2383// 2384//
f 2384// 2383// 2385//
f 2384// 2385// 2386//
f 2386// 2385// 2387//
f 2386// 2387// 2388//
f 2388// 2387// 2389//
f 2388// 2389// 2390//
f 2390// 2389// 2391//
f 2390// 2391// 2392//
f 2392// 2391// 2393//
f 2392// 2393// 2394//
f 2394// 2393// 2395//
f 2394// 2395// 2396//
f 2396// 2395// 2397//
f 2396// 2397// 2398//
f 2398// 2397// 2399//
f 2398// 2399// 2400//
f 2400// 2399// 2401//
f 2400// 2401// 2402//
f 2402// 2401// 2403//
f 2402// 2403// 2404//
f 2404// 2403// 2405//
f 2404// 2405// 2406//
f 2406// 2405// 2407//
f 2406// 2407// 2408//
f 2408// 2407// 2409//
f 2408// 2409// 2410//
f 2410// 2409// 2411//
f 2410// 2411// 2412//
f 2412// 2411// 2413//
f 2412// 2413// 2414//
f 2414// 2413// 2415//
f 2414// 2415// 2416//
f 2416// 2415// 2417//
f 2416// 2417// 2418//
f 2418// 2417// 2419//
f 2418// 2419// 2420//
f 2420// 2419// 2421//
f 2420// 2421// 2422//
f 2422// 2421// 2423//
f 2422// 2423// 2424//
f 2424// 2423// 2425//
f 2424// 2425// 2426//
f 2426// 2425// 2427//
f 2426// 2427// 2428//
f 2428// 2427// 2429//
f 2428// 2429// 2382//
f 2382// 2429// 2383//
f 2383// 2430// 2385//
f 2385// 2430// 2431//
f 2385// 2431// 2387//
f 2387// 2431// 2432//
f 2387// 2432// 2389//
f 2389// 2432// 2433//
f 2389// 2433// 2391//
f 2391// 2433// 2434//
f 2391// 2434// 2393//
f 2393// 2434// 2435//
f 2393// 2435// 2395//
f 2395// 2435// 2436//
f 2395// 2436// 2397//
f 2397// 2436// 2437//
f 2397// 2437// 2399//
f 2399// 2437// 2438//
f 2399// 2438// 2401//
f 2401// 2438// 2439//
f 2401// 2439// 2403//
f 2403// 2439// 2440//
f 2403// 2440// 2405//
f 2405// 2440// 2441//
f 2405// 2441// 2407//
f 2407// 2441// 2442//
f 2407// 2442// 2409//
f 2409// 2442// 2443//
f 2409// 2443// 2411//
f 2411// 2443// 2444//
f 2411// 2444// 2413//
f 2413// 2444// 2445//
f 2413// 2445// 2415//
f 2415// 2445// 2446//
f 2415// 2446// 2417//
f 2417// 2446// 2447//
f 2417// 2447// 2419//
f 2419// 2447// 2448//
f 2419// 2448// 2421//
f 2421// 2448// 2449//
f 2421// 2449// 2423//
f 2423// 2449// 2450//
f 2423// 2450// 2425//
f 2425// 2450// 2451//
f 2425// 2451// 2427//
f 2427// 2451// 2452//
f 2427// 2452// 2429//
f 2429// 2452// 2453//
f 2429// 2453// 2383//
f 2383// 2453// 2430//
f 2430// 2454// 2431//
f 2431// 2454// 2455//
f 2431// 2455// 2432//
f 2432// 2455// 2456//
f 2432// 2456// 2433//
f 2433// 2456// 2457//
f 2433// 2457// 2434//
f 2434// 2457// 2458//
f 2434// 2458// 2435//
f 2435// 2458// 2459//
f 2435// 2459// 2436//
f 2436// 2459// 2460//
f 2436// 2460// 2437//
f 2437// 2460// 2461//
f 2437// 2461// 2438//
f 2438// 2461// 2462//
f 2438// 2462// 2439//
f 2439// 2462// 2463//
f 2439// 2463// 2440//
f 2440// 2463// 2464//
f 2440// 2464// 2441//
f 2441// 2464// 2465//
f 2441// 2465// 2442//
f 2442// 2465// 2466//
f 2442// 2466// 2443//
f 2443// 2466// 2467//
f 2443// 2467// 2444//
f 2444// 2467// 2468//
f 2444// 2468// 2445//
f 2445// 2468// 2469//
f 2445// 2469// 2446//
f 2446// 2469// 2470//
f 2446// 2470// 2447//
f 2447// 2470// 2471//
f 2447// 2471// 2448//
f 2448// 2471// 2472//
f 2448// 2472// 2449//
f 2449// 2472// 2473//
f 2449// 2473// 2450//
f 2450// 2473// 2474//
f 2450// 2474// 2451//
f 2451// 2474// 2475//
f 2451// 2475// 2452//
f 2452// 2475// 2476//
f 2452// 2476// 2453//
f 2453// 2476// 2477//
f 2453// 2477// 2430//
f 2430// 2477// 2454//
f 2454// 2478// 2455//
f 2455// 2478// 2479//
f 2455// 2479// 2456//
f 2456// 2479// 2480//
f 2456// 2480// 2457//
f 2457// 2480// 2481//
f 2457// 2481// 2458//
f 2458// 2481// 2482//
f 2458// 2482// 2459//
f 2459// 2482// 2483//
f 2459// 2483// 2460//
f 2460// 2483// 2484//
f 2460// 2484// 2461//
f 2461// 2484// 2485//
f 2461// 2485// 2462//
f 2462// 2485// 2486//
f 2462// 2486// 2463//
f 2463// 2486// 2487//
f 2463// 2487// 2464//
f 2464// 2487// 2488//
f 2464// 2488// 2465//
f 2465// 2488// 2489//
f 2465// 2489// 2466//
f 2466// 2489// 2490//
f 2466// 2490// 2467//
f 2467// 2490// 2491//
f 2467// 2491// 2468//
f 2468// 2491// 2492//
f 2468// 2492// 2469//
f 2469// 2492// 2493//
f 2469// 2493// 2470//
f 2470// 2493// 2494//
f 2470// 2494// 2471//
f 2471// 2494// 2495//
f 2471// 2495// 2472//
f 2472// 2495// 2496//
f 2472// 2496// 2473//
f 2473// 2496// 2497//
f 2473// 2497// 2474//
f 2474// 2497// 2498//
f 2474// 2498// 2475//
f 2475// 2498// 2499//
f 2475// 2499// 2476//
f 2476// 2499// 2500//
f 2476// 2500// 2477//
f 2477// 2500// 2501//
f 2477// 2501// 2454//
f 2454// 2501// 2478//
f 2478// 2502// 2479//
f 2479// 2502// 2503//
f 2479// 2503// 2480//
f 2480// 2503// 2504//
f 2480// 2504// 2481//
f 2481// 2504// 2505//
f 2481// 2505// 2482//
f 2482// 2505// 2506//
f 2482// 2506// 2483//
f 2483// 2506// 2507//
f 2483// 2507// 2484//
f 2484// 2507// 2508//
f 2484// 2508// 2485//
f 2485// 2508// 2509//
f 2485// 2509// 2486//
f 2486// 2509// 2510//
f 2486// 2510// 2487//
f 2487// 2510// 2511//
f 2487// 2511// 2488//
f 2488// 2511// 2512//
f 2488// 2512// 2489//
f 2489// 2512// 2513//
f 2489// 2513// 2490//
f 2490// 2513// 2514//
f 2490// 2514// 2491//
f 2491// 2514// 2515//
f 2491// 2515// 2492//
f 2492// 2515// 2516//
f 2492// 2516// 2493//
f 2493// 2516// 2517//
f 2493// 2517// 2494//
f 2494// 2517// 2518//
f 2494// 2518// 2495//
f 2495// 2518// 2519//
f 2495// 2519// 2496//
f 2496// 2519// 2520//
f 2496// 2520// 2497//
f 2497// 2520// 2521//
f 2497// 2521// 2498//
f 2498// 2521// 2522//
f 2498// 2522// 2499//
f 2499// 2522// 2523//
f 2499// 2523// 2500//
f 2500// 2523// 2524//
f 2500// 2524// 2501//
f 2501// 2524// 2525//
f 2501// 2525// 2478//
f 2478// 2525// 2502//
f 2502// 2350// 2503//
f 2503// 2350// 2351//
f 2503// 2351// 2504//
f 2504// 2351// 2352//
f 2504// 2352// 2505//
f 2505// 2352// 2353//
f 2505// 2353// 2506//
f 2506// 2353// 2348//
f 2506// 2348// 2507//
f 2507// 2348// 2347//
f 2507// 2347// 2508//
f 2508// 2347// 2346//
f 2508// 2346// 2509//
f 2509// 2346// 2345//
f 2509// 2345// 2510//
f 2510// 2345// 2344//
f 2510// 2344// 2511//
f 2511// 2344// 2343//
f 2511// 2343// 2512//
f 2512// 2343// 2338//
f 2512// 2338// 2513//
f 2513// 2338// 2339//
f 2513// 2339// 2514//
f 2514// 2339// 2340//
f 2514// 2340// 2515//
f 2515// 2340// 2341//
f 2515// 2341// 2516//
f 2516// 2341// 2342//
f 2516// 2342// 2517//
f 2517// 2342// 2337//
f 2517// 2337// 2518//
f 2518// 2337// 2336//
f 2518// 2336// 2519//
f 2519// 2336// 2335//
f 2519// 2335// 2520//
f 2520// 2335// 2333//
f 2520// 2333// 2521//
f 2521// 2333// 2334//
f 2521// 2334// 2522//
f 2522// 2334// 2356//
f 2522// 2356// 2523//
f 2523// 2356// 2355//
f 2523// 2355// 2524//
f 2524// 2355// 2354//
f 2524// 2354// 2525//
f 2525// 2354// 2349//
f 2525// 2349// 2502//
f 2502// 2349// 2350//
f 2396// 1326// 2394//
f 2394// 1326// 1325//
f 2394// 1325// 2392//
f 2392// 1325// 1353//
f 2392// 1353// 2390//
f 2390// 1353// 1352//
f 2390// 1352// 2388//
f 2388// 1352// 1351//
f 2388// 1351// 2386//
f 2386// 1351// 1324//
f 2386// 1324// 2384//
f 2384// 1324// 1323//
f 2384// 1323// 2382//
f 2382// 1323// 1322//
f 2382// 1322// 2428//
f 2428// 1322// 1312//
f 2428// 1312// 2426//
f 2426// 1312// 1311//
f 2426// 1311// 2424//
f 2424// 1311// 1346//
f 2424// 1346// 2422//
f 2422// 1346// 1363//
f 2422// 1363// 2420//
f 2420// 1363// 1298//
f 2420// 1298// 2418//
f 2418// 1298// 2416//
f 2526// 2398// 2527//
f 2527// 2398// 2400//
f 2527// 2400// 2528//
f 2528// 2400// 2402//
f 2528// 2402// 2529//
f 2529// 2402// 2404//
f 2529// 2404// 2530//
f 2530// 2404// 2406//
f 2530// 2406// 2531//
f 2531// 2406// 2408//
f 2531// 2408// 2532//
f 2532// 2408// 2410//
f 2532// 2410// 2533//
f 2533// 2410// 2412//
f 2533// 2412// 2534//
f 2534// 2412// 2414//
f 2534// 2414// 2535//
f 2535// 2414// 2416//
f 2535// 2416// 2536//
f 2536// 2416// 1298//
f 2536// 1298// 1297//
f 2537// 1326// 2526//
f 2526// 1326// 2396//
f 2526// 2396// 2398//
f 1427// 2537// 2526//
f 1435// 2538// 1451//
f 1451// 2538// 2539//
f 1451// 2539// 1452//
f 2540// 2541// 1437//
f 1437// 1444// 2540//
f 2540// 1444// 1443//
f 2540// 1443// 2539//
f 2539// 1443// 1442//
f 2539// 1442// 1452//
f 2542// 2543// 1446//
f 1446// 1445// 2542//
f 2542// 1445// 1439//
f 2542// 1439// 2541//
f 2541// 1439// 1438//
f 2541// 1438// 1437//
f 2544// 2545// 1429//
f 1429// 1430// 2544//
f 2544// 1430// 1431//
f 2544// 1431// 2543//
f 2543// 1431// 1447//
f 2543// 1447// 1446//
f 1453// 1458// 2546//
f 2546// 1458// 1457//
f 2546// 1457// 2545//
f 2545// 1457// 1456//
f 2545// 1456// 1429//
f 1453// 2546// 1454//
f 1454// 2546// 2547//
f 1454// 2547// 1455//
f 1455// 2547// 1448//
f 1448// 2547// 2548//
f 1448// 2548// 1449//
f 1449// 2548// 1450//
f 1450// 2548// 2549//
f 1450// 2549// 1432//
f 1432// 2549// 1433//
f 1433// 2549// 2550//
f 1433// 2550// 1434//
f 2551// 1441// 2550//
f 2550// 1441// 1440//
f 2550// 1440// 1434//
f 2536// 1297// 1296//
f 1435// 1436// 2538//
f 2538// 1436// 1428//
f 2538// 1428// 2552//
f 2552// 1428// 2553//
f 2552// 2553// 2554//
f 2554// 2553// 2555//
f 2554// 2555// 2556//
f 2556// 2555// 2557//
f 2556// 2557// 2558//
f 2558// 2557// 2559//
f 2558// 2559// 2560//
f 2560// 2559// 2561//
f 2560// 2561// 2562//
f 2562// 2561// 2563//
f 2562// 2563// 2564//
f 2564// 2563// 2565//
f 2564// 2565// 2566//
f 2566// 2565// 2567//
f 2566// 2567// 2568//
f 2568// 2567// 2569//
f 2568// 2569// 2570//
f 2570// 2569// 2571//
f 2570// 2571// 2551//
f 2551// 2571// 2572//
f 2551// 2572// 1441//
f 1441// 2572// 1295//
f 1428// 1427// 2553//
f 2553// 1427// 2526//
f 2553// 2526// 2555//
f 2555// 2526// 2527//
f 2555// 2527// 2557//
f 2557// 2527// 2528//
f 2557// 2528// 2559//
f 2559// 2528// 2529//
f 2559// 2529// 2561//
f 2561// 2529// 2530//
f 2561// 2530// 2563//
f 2563// 2530// 2531//
f 2563// 2531// 2565//
f 2565// 2531// 2532//
f 2565// 2532// 2567//
f 2567// 2532// 2533//
f 2567// 2533// 2569//
f 2569// 2533// 2534//
f 2569// 2534// 2571//
f 2571// 2534// 2535//
f 2571// 2535// 2572//
f 2572// 2535// 2536//
f 2572// 2536// 1295//
f 1295// 2536// 1296//
f 2573// 2574// 2575//
f 2575// 2574// 2576//
f 2575// 2576// 2577//
f 2577// 2576// 2578//
f 2577// 2578// 2579//
f 2579// 2578// 2580//
f 2579// 2580// 2581//
f 2581// 2580// 2582//
f 2581// 2582// 2583//
f 2583// 2582// 2584//
f 2583// 2584// 2585//
f 2585// 2584// 2586//
f 2585// 2586// 2587//
f 2587// 2586// 2588//
f 2587// 2588// 2589//
f 2589// 2588// 2590//
f 2589// 2590// 2591//
f 2591// 2590// 2592//
f 2591// 2592// 2593//
f 2593// 2592// 2594//
f 2593// 2594// 2595//
f 2595// 2594// 2596//
f 2595// 2596// 2597//
f 2597// 2596// 2598//
f 2597// 2598// 2599//
f 2599// 2598// 2600//
f 2599// 2600// 2601//
f 2601// 2600// 2602//
f 2601// 2602// 2603//
f 2603// 2602// 2604//
f 2603// 2604// 2605//
f 2605// 2604// 2606//
f 2605// 2606// 2607//
f 2607// 2606// 2608//
f 2607// 2608// 2609//
f 2609// 2608// 2610//
f 2609// 2610// 2611//
f 2611// 2610// 2612//
f 2611// 2612// 2613//
f 2613// 2612// 2614//
f 2613// 2614// 2615//
f 2615// 2614// 2616//
f 2615// 2616// 2617//
f 2617// 2616// 2618//
f 2617// 2618// 2619//
f 2619// 2618// 2620//
f 2619// 2620// 2573//
f 2573// 2620// 2574//
f 2574// 2621// 2576//
f 2576// 2621// 2622//
f 2576// 2622// 2578//
f 2578// 2622// 2623//
f 2578// 2623// 2580//
f 2580// 2623// 2624//
f 2580// 2624// 2582//
f 2582// 2624// 2625//
f 2582// 2625// 2584//
f 2584// 2625// 2626//
f 2584// 2626// 2586//
f 2586// 2626// 2627//
f 2586// 2627// 2588//
f 2588// 2627// 2628//
f 2588// 2628// 2590//
f 2590// 2628// 2629//
f 2590// 2629// 2592//
f 2592// 2629// 2630//
f 2592// 2630// 2594//
f 2594// 2630// 2631//
f 2594// 2631// 2596//
f 2596// 2631// 2632//
f 2596// 2632// 2598//
f 2598// 2632// 2633//
f 2598// 2633// 2600//
f 2600// 2633// 2634//
f 2600// 2634// 2602//
f 2602// 2634// 2635//
f 2602// 2635// 2604//
f 2604// 2635// 2636//
f 2604// 2636// 2606//
f 2606// 2636// 2637//
f 2606// 2637// 2608//
f 2608// 2637// 2638//
f 2608// 2638// 2610//
f 2610// 2638// 2639//
f 2610// 2639// 2612//
f 2612// 2639// 2640//
f 2612// 2640// 2614//
f 2614// 2640// 2641//
f 2614// 2641// 2616//
f 2616// 2641// 2642//
f 2616// 2642// 2618//
f 2618// 2642// 2643//
f 2618// 2643// 2620//
f 2620// 2643// 2644//
f 2620// 2644// 2574//
f 2574// 2644// 2621//
f 2621// 2645// 2622//
f 2622// 2645// 2646//
f 2622// 2646// 2623//
f 2623// 2646// 2647//
f 2623// 2647// 2624//
f 2624// 2647// 2648//
f 2624// 2648// 2625//
f 2625// 2648// 2649//
f 2625// 2649// 2626//
f 2626// 2649// 2650//
f 2626// 2650// 2627//
f 2627// 2650// 2651//
f 2627// 2651// 2628//
f 2628// 2651// 2652//
f 2628// 2652// 2629//
f 2629// 2652// 2653//
f 2629// 2653// 2630//
f 2630// 2653// 2654//
f 2630// 2654// 2631//
f 2631// 2654// 2655//
f 2631// 2655// 2632//
f 2632// 2655// 2656//
f 2632// 2656// 2633//
f 2633// 2656// 2657//
f 2633// 2657// 2634//
f 2634// 2657// 2658//
f 2634// 2658// 2635//
f 2635// 2658// 2659//
f 2635// 2659// 2636//
f 2636// 2659// 2660//
f 2636// 2660// 2637//
f 2637// 2660// 2661//
f 2637// 2661// 2638//
f 2638// 2661// 2662//
f 2638// 2662// 2639//
f 2639// 2662// 2663//
f 2639// 2663// 2640//
f 2640// 2663// 2664//
f 2640// 2664// 2641//
f 2641// 2664// 2665//
f 2641// 2665// 2642//
f 2642// 2665// 2666//
f 2642// 2666// 2643//
f 2643// 2666// 2667//
f 2643// 2667// 2644//
f 2644// 2667// 2668//
f 2644// 2668// 2621//
f 2621// 2668// 2645//
f 2645// 2544// 2646//
f 2646// 2544// 2543//
f 2646// 2543// 2647//
f 2647// 2543// 2542//
f 2647// 2542// 2648//
f 2648// 2542// 2541//
f 2648// 2541// 2649//
f 2649// 2541// 2540//
f 2649// 2540// 2650//
f 2650// 2540// 2539//
f 2650// 2539// 2651//
f 2651// 2539// 2538//
f 2651// 2538// 2652//
f 2652// 2538// 2552//
f 2652// 2552// 2653//
f 2653// 2552// 2554//
f 2653// 2554// 2654//
f 2654// 2554// 2556//
f 2654// 2556// 2655//
f 2655// 2556// 2558//
f 2655// 2558// 2656//
f 2656// 2558// 2560//
f 2656// 2560// 2657//
f 2657// 2560// 2562//
f 2657// 2562// 2658//
f 2658// 2562// 2564//
f 2658// 2564// 2659//
f 2659// 2564// 2566//
f 2659// 2566// 2660//
f 2660// 2566// 2568//
f 2660// 2568// 2661//
f 2661// 2568// 2570//
f 2661// 2570// 2662//
f 2662// 2570// 2551//
f 2662// 2551// 2663//
f 2663// 2551// 2550//
f 2663// 2550// 2664//
f 2664// 2550// 2549//
f 2664// 2549// 2665//
f 2665// 2549// 2548//
f 2665// 2548// 2666//
f 2666// 2548// 2547//
f 2666// 2547// 2667//
f 2667// 2547// 2546//
f 2667// 2546// 2668//
f 2668// 2546// 2545//
f 2668// 2545// 2645//
f 2645// 2545// 2544//
f 2373// 2599// 2368//
f 2368// 2599// 2601//
f 2368// 2601// 2369//
f 2369// 2601// 2603//
f 2369// 2603// 2370//
f 2370// 2603// 2605//
f 2370// 2605// 2365//
f 2365// 2605// 2607//
f 2365// 2607// 2366//
f 2366// 2607// 2609//
f 2366// 2609// 2367//
f 2367// 2609// 2611//
f 2367// 2611// 2362//
f 2362// 2611// 2613//
f 2362// 2613// 2363//
f 2363// 2613// 2615//
f 2363// 2615// 2364//
f 2364// 2615// 2617//
f 2364// 2617// 2357//
f 2357// 2617// 2619//
f 2357// 2619// 2358//
f 2358// 2619// 2573//
f 2358// 2573// 2360//
f 2360// 2573// 2575//
f 2360// 2575// 2361//
f 2361// 2575// 2577//
f 2361// 2577// 2380//
f 2380// 2577// 2579//
f 2380// 2579// 2381//
f 2381// 2579// 2581//
f 2381// 2581// 2377//
f 2377// 2581// 2583//
f 2377// 2583// 2378//
f 2378// 2583// 2585//
f 2378// 2585// 2379//
f 2379// 2585// 2587//
f 2379// 2587// 2374//
f 2374// 2587// 2589//
f 2374// 2589// 2375//
f 2375// 2589// 2591//
f 2375// 2591// 2376//
f 2376// 2591// 2593//
f 2376// 2593// 2371//
f 2371// 2593// 2595//
f 2371// 2595// 2372//
f 2372// 2595// 2597//
f 2372// 2597// 2373//
f 2373// 2597// 2599//
f 1093// 1092// 2669//
f 1232// 2670// 2671//
f 1098// 2672// 1099//
f 1099// 2672// 2673//
f 1099// 2673// 1100//
f 1100// 2673// 2674//
f 2675// 1105// 2676//
f 2676// 1105// 1107//
f 2676// 1107// 2677//
f 2677// 1107// 1108//
f 2677// 1108// 2678//
f 2678// 1108// 1103//
f 2678// 1103// 2679//
f 2679// 1103// 1102//
f 2679// 1102// 2674//
f 2674// 1102// 1101//
f 2674// 1101// 1100//
f 2680// 1121// 2681//
f 2681// 1121// 1120//
f 2681// 1120// 2682//
f 2682// 1120// 1118//
f 2682// 1118// 2675//
f 2675// 1118// 1117//
f 2675// 1117// 1105//
f 2683// 1123// 2680//
f 2680// 1123// 1122//
f 2680// 1122// 1121//
f 2684// 1128// 1127//
f 1127// 1126// 2684//
f 2684// 1126// 1125//
f 2684// 1125// 2683//
f 2683// 1125// 1124//
f 2683// 1124// 1123//
f 1131// 1130// 2684//
f 2684// 1130// 1129//
f 2684// 1129// 1128//
f 1135// 1134// 2685//
f 2685// 1134// 1133//
f 2685// 1133// 2684//
f 2684// 1133// 1132//
f 2684// 1132// 1131//
f 2685// 2686// 1135//
f 1135// 2686// 2687//
f 1135// 2687// 1136//
f 2670// 1232// 2687//
f 2687// 1232// 1137//
f 2687// 1137// 1136//
f 1112// 1110// 2671//
f 2671// 1110// 1109//
f 2671// 1109// 1232//
f 2688// 1113// 2689//
f 2689// 1113// 1112//
f 2689// 1112// 2690//
f 2690// 1112// 2671//
f 1116// 1115// 2688//
f 2688// 1115// 1114//
f 2688// 1114// 1113//
f 2688// 2691// 1116//
f 1116// 2691// 2692//
f 1116// 2692// 1090//
f 2669// 1092// 2692//
f 2692// 1092// 1091//
f 2692// 1091// 1090//
f 1098// 1096// 2672//
f 2672// 1096// 1095//
f 2672// 1095// 2669//
f 2669// 1095// 1094//
f 2669// 1094// 1093//
f 2693// 2694// 2695//
f 2695// 2694// 2696//
f 2695// 2696// 2697//
f 2698// 2699// 2695//
f 2695// 2699// 2700//
f 2695// 2700// 2693//
f 2701// 2702// 2695//
f 2695// 2702// 2703//
f 2695// 2703// 2698//
f 2704// 2705// 2695//
f 2695// 2705// 2706//
f 2695// 2706// 2701//
f 2707// 2708// 2695//
f 2695// 2708// 2709//
f 2695// 2709// 2704//
f 2710// 2711// 2695//
f 2695// 2711// 2712//
f 2695// 2712// 2707//
f 2713// 2714// 2695//
f 2695// 2714// 2715//
f 2695// 2715// 2710//
f 2697// 2716// 2695//
f 2695// 2716// 2717//
f 2695// 2717// 2713//
f 2718// 2719// 2720//
f 2720// 2719// 2721//
f 2720// 2721// 2722//
f 2722// 2721// 2723//
f 2722// 2723// 2724//
f 2724// 2723// 2725//
f 2724// 2725// 2726//
f 2726// 2725// 2727//
f 2726// 2727// 2728//
f 2728// 2727// 2729//
f 2728// 2729// 2730//
f 2730// 2729// 2731//
f 2730// 2731// 2732//
f 2732// 2731// 2733//
f 2732// 2733// 2734//
f 2734// 2733// 2735//
f 2734// 2735// 2736//
f 2736// 2735// 2737//
f 2736// 2737// 2738//
f 2738// 2737// 2739//
f 2738// 2739// 2740//
f 2740// 2739// 2741//
f 2740// 2741// 2742//
f 2742// 2741// 2743//
f 2742// 2743// 2744//
f 2744// 2743// 2745//
f 2744// 2745// 2746//
f 2746// 2745// 2747//
f 2746// 2747// 2748//
f 2748// 2747// 2749//
f 2748// 2749// 2750//
f 2750// 2749// 2751//
f 2750// 2751// 2752//
f 2752// 2751// 2753//
f 2752// 2753// 2754//
f 2754// 2753// 2755//
f 2754// 2755// 2756//
f 2756// 2755// 2757//
f 2756// 2757// 2758//
f 2758// 2757// 2759//
f 2758// 2759// 2760//
f 2760// 2759// 2761//
f 2760// 2761// 2762//
f 2762// 2761// 2763//
f 2762// 2763// 2764//
f 2764// 2763// 2765//
f 2764// 2765// 2718//
f 2718// 2765// 2719//
f 2719// 2766// 2721//
f 2721// 2766// 2767//
f 2721// 2767// 2723//
f 2723// 2767// 2768//
f 2723// 2768// 2725//
f 2725// 2768// 2769//
f 2725// 2769// 2727//
f 2727// 2769// 2770//
f 2727// 2770// 2729//
f 2729// 2770// 2771//
f 2729// 2771// 2731//
f 2731// 2771// 2772//
f 2731// 2772// 2733//
f 2733// 2772// 2773//
f 2733// 2773// 2735//
f 2735// 2773// 2774//
f 2735// 2774// 2737//
f 2737// 2774// 2775//
f 2737// 2775// 2739//
f 2739// 2775// 2776//
f 2739// 2776// 2741//
f 2741// 2776// 2777//
f 2741// 2777// 2743//
f 2743// 2777// 2778//
f 2743// 2778// 2745//
f 2745// 2778// 2779//
f 2745// 2779// 2747//
f 2747// 2779// 2780//
f 2747// 2780// 2749//
f 2749// 2780// 2781//
f 2749// 2781// 2751//
f 2751// 2781// 2782//
f 2751// 2782// 2753//
f 2753// 2782// 2783//
f 2753// 2783// 2755//
f 2755// 2783// 2784//
f 2755// 2784// 2757//
f 2757// 2784// 2785//
f 2757// 2785// 2759//
f 2759// 2785// 2786//
f 2759// 2786// 2761//
f 2761// 2786// 2787//
f 2761// 2787// 2763//
f 2763// 2787// 2788//
f 2763// 2788// 2765//
f 2765// 2788// 2789//
f 2765// 2789// 2719//
f 2719// 2789// 2766//
f 2766// 2790// 2767//
f 2767// 2790// 2791//
f 2767// 2791// 2768//
f 2768// 2791// 2792//
f 2768// 2792// 2769//
f 2769// 2792// 2793//
f 2769// 2793// 2770//
f 2770// 2793// 2794//
f 2770// 2794// 2771//
f 2771// 2794// 2795//
f 2771// 2795// 2772//
f 2772// 2795// 2796//
f 2772// 2796// 2773//
f 2773// 2796// 2797//
f 2773// 2797// 2774//
f 2774// 2797// 2798//
f 2774// 2798// 2775//
f 2775// 2798// 2799//
f 2775// 2799// 2776//
f 2776// 2799// 2800//
f 2776// 2800// 2777//
f 2777// 2800// 2801//
f 2777// 2801// 2778//
f 2778// 2801// 2802//
f 2778// 2802// 2779//
f 2779// 2802// 2803//
f 2779// 2803// 2780//
f 2780// 2803// 2804//
f 2780// 2804// 2781//
f 2781// 2804// 2805//
f 2781// 2805// 2782//
f 2782// 2805// 2806//
f 2782// 2806// 2783//
f 2783// 2806// 2807//
f 2783// 2807// 2784//
f 2784// 2807// 2808//
f 2784// 2808// 2785//
f 2785// 2808// 2809//
f 2785// 2809// 2786//
f 2786// 2809// 2810//
f 2786// 2810// 2787//
f 2787// 2810// 2811//
f 2787// 2811// 2788//
f 2788// 2811// 2812//
f 2788// 2812// 2789//
f 2789// 2812// 2813//
f 2789// 2813// 2766//
f 2766// 2813// 2790//
f 2790// 2814// 2791//
f 2791// 2814// 2815//
f 2791// 2815// 2792//
f 2792// 2815// 2816//
f 2792// 2816// 2793//
f 2793// 2816// 2817//
f 2793// 2817// 2794//
f 2794// 2817// 2818//
f 2794// 2818// 2795//
f 2795// 2818// 2819//
f 2795// 2819// 2796//
f 2796// 2819// 2820//
f 2796// 2820// 2797//
f 2797// 2820// 2821//
f 2797// 2821// 2798//
f 2798// 2821// 2822//
f 2798// 2822// 2799//
f 2799// 2822// 2823//
f 2799// 2823// 2800//
f 2800// 2823// 2824//
f 2800// 2824// 2801//
f 2801// 2824// 2825//
f 2801// 2825// 2802//
f 2802// 2825// 2826//
f 2802// 2826// 2803//
f 2803// 2826// 2827//
f 2803// 2827// 2804//
f 2804// 2827// 2828//
f 2804// 2828// 2805//
f 2805// 2828// 2829//
f 2805// 2829// 2806//
f 2806// 2829// 2830//
f 2806// 2830// 2807//
f 2807// 2830// 2831//
f 2807// 2831// 2808//
f 2808// 2831// 2832//
f 2808// 2832// 2809//
f 2809// 2832// 2833//
f 2809// 2833// 2810//
f 2810// 2833// 2834//
f 2810// 2834// 2811//
f 2811// 2834// 2835//
f 2811// 2835// 2812//
f 2812// 2835// 2836//
f 2812// 2836// 2813//
f 2813// 2836// 2837//
f 2813// 2837// 2790//
f 2790// 2837// 2814//
f 2814// 2838// 2815//
f 2815// 2838// 2839//
f 2815// 2839// 2816//
f 2816// 2839// 2840//
f 2816// 2840// 2817//
f 2817// 2840// 2841//
f 2817// 2841// 2818//
f 2818// 2841// 2842//
f 2818// 2842// 2819//
f 2819// 2842// 2843//
f 2819// 2843// 2820//
f 2820// 2843// 2844//
f 2820// 2844// 2821//
f 2821// 2844// 2845//
f 2821// 2845// 2822//
f 2822// 2845// 2846//
f 2822// 2846// 2823//
f 2823// 2846// 2847//
f 2823// 2847// 2824//
f 2824// 2847// 2848//
f 2824// 2848// 2825//
f 2825// 2848// 2849//
f 2825// 2849// 2826//
f 2826// 2849// 2850//
f 2826// 2850// 2827//
f 2827// 2850// 2851//
f 2827// 2851// 2828//
f 2828// 2851// 2852//
f 2828// 2852// 2829//
f 2829// 2852// 2853//
f 2829// 2853// 2830//
f 2830// 2853// 2854//
f 2830// 2854// 2831//
f 2831// 2854// 2855//
f 2831// 2855// 2832//
f 2832// 2855// 2856//
f 2832// 2856// 2833//
f 2833// 2856// 2857//
f 2833// 2857// 2834//
f 2834// 2857// 2858//
f 2834// 2858// 2835//
f 2835// 2858// 2859//
f 2835// 2859// 2836//
f 2836// 2859// 2860//
f 2836// 2860// 2837//
f 2837// 2860// 2861//
f 2837// 2861// 2814//
f 2814// 2861// 2838//
f 2838// 2676// 2839//
f 2839// 2676// 2677//
f 2839// 2677// 2840//
f 2840// 2677// 2678//
f 2840// 2678// 2841//
f 2841// 2678// 2679//
f 2841// 2679// 2842//
f 2842// 2679// 2674//
f 2842// 2674// 2843//
f 2843// 2674// 2673//
f 2843// 2673// 2844//
f 2844// 2673// 2672//
f 2844// 2672// 2845//
f 2845// 2672// 2669//
f 2845// 2669// 2846//
f 2846// 2669// 2692//
f 2846// 2692// 2847//
f 2847// 2692// 2691//
f 2847// 2691// 2848//
f 2848// 2691// 2688//
f 2848// 2688// 2849//
f 2849// 2688// 2689//
f 2849// 2689// 2850//
f 2850// 2689// 2690//
f 2850// 2690// 2851//
f 2851// 2690// 2671//
f 2851// 2671// 2852//
f 2852// 2671// 2670//
f 2852// 2670// 2853//
f 2853// 2670// 2687//
f 2853// 2687// 2854//
f 2854// 2687// 2686//
f 2854// 2686// 2855//
f 2855// 2686// 2685//
f 2855// 2685// 2856//
f 2856// 2685// 2684//
f 2856// 2684// 2857//
f 2857// 2684// 2683//
f 2857// 2683// 2858//
f 2858// 2683// 2680//
f 2858// 2680// 2859//
f 2859// 2680// 2681//
f 2859// 2681// 2860//
f 2860// 2681// 2682//
f 2860// 2682// 2861//
f 2861// 2682// 2675//
f 2861// 2675// 2838//
f 2838// 2675// 2676//
f 2732// 1292// 2730//
f 2730// 1292// 1389//
f 2730// 1389// 2728//
f 2728// 1389// 1387//
f 2728// 1387// 2726//
f 2726// 1387// 1385//
f 2726// 1385// 2724//
f 2724// 1385// 1383//
f 2724// 1383// 2722//
f 2722// 1383// 1382//
f 2722// 1382// 2720//
f 2720// 1382// 1329//
f 2720// 1329// 2718//
f 2718// 1329// 1328//
f 2718// 1328// 2764//
f 2764// 1328// 1327//
f 2764// 1327// 2762//
f 2762// 1327// 1309//
f 2762// 1309// 2760//
f 2760// 1309// 1308//
f 2760// 1308// 2758//
f 2758// 1308// 1307//
f 2758// 1307// 2756//
f 2756// 1307// 1306//
f 2756// 1306// 2754//
f 2754// 1306// 2752//
f 2862// 2734// 2863//
f 2863// 2734// 2736//
f 2863// 2736// 2864//
f 2864// 2736// 2738//
f 2864// 2738// 2865//
f 2865// 2738// 2740//
f 2865// 2740// 2866//
f 2866// 2740// 2742//
f 2866// 2742// 2867//
f 2867// 2742// 2744//
f 2867// 2744// 2868//
f 2868// 2744// 2746//
f 2868// 2746// 2869//
f 2869// 2746// 2748//
f 2869// 2748// 2870//
f 2870// 2748// 2750//
f 2870// 2750// 2871//
f 2871// 2750// 2752//
f 2871// 2752// 2872//
f 2872// 2752// 1306//
f 2872// 1306// 2873//
f 1290// 1292// 2862//
f 2862// 1292// 2732//
f 2862// 2732// 2734//
f 1291// 1290// 2862//
f 1468// 2874// 1469//
f 1469// 2874// 2875//
f 1469// 2875// 1483//
f 2876// 2877// 1463//
f 1463// 1464// 2876//
f 2876// 1464// 1485//
f 2876// 1485// 2875//
f 2875// 1485// 1484//
f 2875// 1484// 1483//
f 2878// 2879// 1472//
f 1472// 1471// 2878//
f 2878// 1471// 1470//
f 2878// 1470// 2877//
f 2877// 1470// 1462//
f 2877// 1462// 1463//
f 2880// 2881// 1476//
f 1476// 1475// 2880//
f 2880// 1475// 1466//
f 2880// 1466// 2879//
f 2879// 1466// 1465//
f 2879// 1465// 1472//
f 1489// 1479// 2882//
f 2882// 1479// 1478//
f 2882// 1478// 2881//
f 2881// 1478// 1477//
f 2881// 1477// 1476//
f 1489// 2882// 1490//
f 1490// 2882// 2883//
f 1490// 2883// 1473//
f 1473// 2883// 1474//
f 1474// 2883// 2884//
f 1474// 2884// 1480//
f 1480// 2884// 1481//
f 1481// 2884// 2885//
f 1481// 2885// 1460//
f 1460// 2885// 1461//
f 1461// 2885// 2886//
f 1461// 2886// 1482//
f 2887// 1487// 2886//
f 2886// 1487// 1488//
f 2886// 1488// 1482//
f 2872// 2873// 2888//
f 1468// 1467// 2874//
f 2874// 1467// 1459//
f 2874// 1459// 2889//
f 2889// 1459// 2890//
f 2889// 2890// 2891//
f 2891// 2890// 2892//
f 2891// 2892// 2893//
f 2893// 2892// 2894//
f 2893// 2894// 2895//
f 2895// 2894// 2896//
f 2895// 2896// 2897//
f 2897// 2896// 2898//
f 2897// 2898// 2899//
f 2899// 2898// 2900//
f 2899// 2900// 2901//
f 2901// 2900// 2902//
f 2901// 2902// 2903//
f 2903// 2902// 2904//
f 2903// 2904// 2905//
f 2905// 2904// 2906//
f 2905// 2906// 2907//
f 2907// 2906// 2908//
f 2907// 2908// 2887//
f 2887// 2908// 2909//
f 2887// 2909// 1487//
f 1487// 2909// 1486//
f 1459// 1291// 2890//
f 2890// 1291// 2862//
f 2890// 2862// 2892//
f 2892// 2862// 2863//
f 2892// 2863// 2894//
f 2894// 2863// 2864//
f 2894// 2864// 2896//
f 2896// 2864// 2865//
f 2896// 2865// 2898//
f 2898// 2865// 2866//
f 2898// 2866// 2900//
f 2900// 2866// 2867//
f 2900// 2867// 2902//
f 2902// 2867// 2868//
f 2902// 2868// 2904//
f 2904// 2868// 2869//
f 2904// 2869// 2906//
f 2906// 2869// 2870//
f 2906// 2870// 2908//
f 2908// 2870// 2871//
f 2908// 2871// 2909//
f 2909// 2871// 2872//
f 2909// 2872// 1486//
f 1486// 2872// 2888//
f 2910// 2911// 2912//
f 2912// 2911// 2913//
f 2912// 2913// 2914//
f 2914// 2913// 2915//
f 2914// 2915// 2916//
f 2916// 2915// 2917//
f 2916// 2917// 2918//
f 2918// 2917// 2919//
f 2918// 2919// 2920//
f 2920// 2919// 2921//
f 2920// 2921// 2922//
f 2922// 2921// 2923//
f 2922// 2923// 2924//
f 2924// 2923// 2925//
f 2924// 2925// 2926//
f 2926// 2925// 2927//
f 2926// 2927// 2928//
f 2928// 2927// 2929//
f 2928// 2929// 2930//
f 2930// 2929// 2931//
f 2930// 2931// 2932//
f 2932// 2931// 2933//
f 2932// 2933// 2934//
f 2934// 2933// 2935//
f 2934// 2935// 2936//
f 2936// 2935// 2937//
f 2936// 2937// 2938//
f 2938// 2937// 2939//
f 2938// 2939// 2940//
f 2940// 2939// 2941//
f 2940// 2941// 2942//
f 2942// 2941// 2943//
f 2942// 2943// 2944//
f 2944// 2943// 2945//
f 2944// 2945// 2946//
f 2946// 2945// 2947//
f 2946// 2947// 2948//
f 2948// 2947// 2949//
f 2948// 2949// 2950//
f 2950// 2949// 2951//
f 2950// 2951// 2952//
f 2952// 2951// 2953//
f 2952// 2953// 2954//
f 2954// 2953// 2955//
f 2954// 2955// 2956//
f 2956// 2955// 2957//
f 2956// 2957// 2910//
f 2910// 2957// 2911//
f 2911// 2958// 2913//
f 2913// 2958// 2959//
f 2913// 2959// 2915//
f 2915// 2959// 2960//
f 2915// 2960// 2917//
f 2917// 2960// 2961//
f 2917// 2961// 2919//
f 2919// 2961// 2962//
f 2919// 2962// 2921//
f 2921// 2962// 2963//
f 2921// 2963// 2923//
f 2923// 2963// 2964//
f 2923// 2964// 2925//
f 2925// 2964// 2965//
f 2925// 2965// 2927//
f 2927// 2965// 2966//
f 2927// 2966// 2929//
f 2929// 2966// 2967//
f 2929// 2967// 2931//
f 2931// 2967// 2968//
f 2931// 2968// 2933//
f 2933// 2968// 2969//
f 2933// 2969// 2935//
f 2935// 2969// 2970//
f 2935// 2970// 2937//
f 2937// 2970// 2971//
f 2937// 2971// 2939//
f 2939// 2971// 2972//
f 2939// 2972// 2941//
f 2941// 2972// 2973//
f 2941// 2973// 2943//
f 2943// 2973// 2974//
f 2943// 2974// 2945//
f 2945// 2974// 2975//
f 2945// 2975// 2947//
f 2947// 2975// 2976//
f 2947// 2976// 2949//
f 2949// 2976// 2977//
f 2949// 2977// 2951//
f 2951// 2977// 2978//
f 2951// 2978// 2953//
f 2953// 2978// 2979//
f 2953// 2979// 2955//
f 2955// 2979// 2980//
f 2955// 2980// 2957//
f 2957// 2980// 2981//
f 2957// 2981// 2911//
f 2911// 2981// 2958//
f 2958// 2982// 2959//
f 2959// 2982// 2983//
f 2959// 2983// 2960//
f 2960// 2983// 2984//
f 2960// 2984// 2961//
f 2961// 2984// 2985//
f 2961// 2985// 2962//
f 2962// 2985// 2986//
f 2962// 2986// 2963//
f 2963// 2986// 2987//
f 2963// 2987// 2964//
f 2964// 2987// 2988//
f 2964// 2988// 2965//
f 2965// 2988// 2989//
f 2965// 2989// 2966//
f 2966// 2989// 2990//
f 2966// 2990// 2967//
f 2967// 2990// 2991//
f 2967// 2991// 2968//
f 2968// 2991// 2992//
f 2968// 2992// 2969//
f 2969// 2992// 2993//
f 2969// 2993// 2970//
f 2970// 2993// 2994//
f 2970// 2994// 2971//
f 2971// 2994// 2995//
f 2971// 2995// 2972//
f 2972// 2995// 2996//
f 2972// 2996// 2973//
f 2973// 2996// 2997//
f 2973// 2997// 2974//
f 2974// 2997// 2998//
f 2974// 2998// 2975//
f 2975// 2998// 2999//
f 2975// 2999// 2976//
f 2976// 2999// 3000//
f 2976// 3000// 2977//
f 2977// 3000// 3001//
f 2977// 3001// 2978//
f 2978// 3001// 3002//
f 2978// 3002// 2979//
f 2979// 3002// 3003//
f 2979// 3003// 2980//
f 2980// 3003// 3004//
f 2980// 3004// 2981//
f 2981// 3004// 3005//
f 2981// 3005// 2958//
f 2958// 3005// 2982//
f 2982// 2880// 2983//
f 2983// 2880// 2879//
f 2983// 2879// 2984//
f 2984// 2879// 2878//
f 2984// 2878// 2985//
f 2985// 2878// 2877//
f 2985// 2877// 2986//
f 2986// 2877// 2876//
f 2986// 2876// 2987//
f 2987// 2876// 2875//
f 2987// 2875// 2988//
f 2988// 2875// 2874//
f 2988// 2874// 2989//
f 2989// 2874// 2889//
f 2989// 2889// 2990//
f 2990// 2889// 2891//
f 2990// 2891// 2991//
f 2991// 2891// 2893//
f 2991// 2893// 2992//
f 2992// 2893// 2895//
f 2992// 2895// 2993//
f 2993// 2895// 2897//
f 2993// 2897// 2994//
f 2994// 2897// 2899//
f 2994// 2899// 2995//
f 2995// 2899// 2901//
f 2995// 2901// 2996//
f 2996// 2901// 2903//
f 2996// 2903// 2997//
f 2997// 2903// 2905//
f 2997// 2905// 2998//
f 2998// 2905// 2907//
f 2998// 2907// 2999//
f 2999// 2907// 2887//
f 2999// 2887// 3000//
f 3000// 2887// 2886//
f 3000// 2886// 3001//
f 3001// 2886// 2885//
f 3001// 2885// 3002//
f 3002// 2885// 2884//
f 3002// 2884// 3003//
f 3003// 2884// 2883//
f 3003// 2883// 3004//
f 3004// 2883// 2882//
f 3004// 2882// 3005//
f 3005// 2882// 2881//
f 3005// 2881// 2982//
f 2982// 2881// 2880//
f 2709// 2936// 2704//
f 2704// 2936// 2938//
f 2704// 2938// 2705//
f 2705// 2938// 2940//
f 2705// 2940// 2706//
f 2706// 2940// 2942//
f 2706// 2942// 2701//
f 2701// 2942// 2944//
f 2701// 2944// 2702//
f 2702// 2944// 2946//
f 2702// 2946// 2703//
f 2703// 2946// 2948//
f 2703// 2948// 2698//
f 2698// 2948// 2950//
f 2698// 2950// 2699//
f 2699// 2950// 2952//
f 2699// 2952// 2700//
f 2700// 2952// 2954//
f 2700// 2954// 2693//
f 2693// 2954// 2956//
f 2693// 2956// 2694//
f 2694// 2956// 2910//
f 2694// 2910// 2696//
f 2696// 2910// 2912//
f 2696// 2912// 2697//
f 2697// 2912// 2914//
f 2697// 2914// 2716//
f 2716// 2914// 2916//
f 2716// 2916// 2717//
f 2717// 2916// 2918//
f 2717// 2918// 2713//
f 2713// 2918// 2920//
f 2713// 2920// 2714//
f 2714// 2920// 2922//
f 2714// 2922// 2715//
f 2715// 2922// 2924//
f 2715// 2924// 2710//
f 2710// 2924// 2926//
f 2710// 2926// 2711//
f 2711// 2926// 2928//
f 2711// 2928// 2712//
f 2712// 2928// 2930//
f 2712// 2930// 2707//
f 2707// 2930// 2932//
f 2707// 2932// 2708//
f 2708// 2932// 2934//
f 2708// 2934// 2709//
f 2709// 2934// 2936//
usemtl 2
f 3006// 1517// 1520//
f 3006// 1520// 3007//
f 3007// 1520// 1239//
f 3007// 1239// 1241//
f 1239// 2300// 2294//
f 2294// 2300// 2295//
f 2313// 1520// 2314//
f 2314// 1520// 2133//
f 2314// 2133// 1973//
f 2313// 2318// 1520//
f 1520// 2318// 2322//
f 1520// 2322// 1239//
f 1239// 2322// 2327//
f 1239// 2327// 2300//
f 1946// 1238// 1947//
f 1947// 1238// 2296//
f 1947// 2296// 1970//
f 1528// 1928// 2132//
f 2132// 1928// 1929//
f 1946// 1951// 1238//
f 1238// 1951// 1955//
f 1238// 1955// 1528//
f 1528// 1955// 1960//
f 1528// 1960// 1928//
f 3008// 1235// 1238//
f 3008// 1238// 3009//
f 3009// 1238// 1528//
f 3009// 1528// 1522//
usemtl 6
f 3010// 3011// 3012//
f 3013// 3014// 3015//
f 3015// 3014// 3016//
f 3015// 3016// 3017//
f 3015// 3012// 3018//
f 3019// 3020// 3015//
f 3015// 3020// 3021//
f 3015// 3021// 3013//
f 3017// 3022// 3015//
f 3015// 3022// 3023//
f 3015// 3023// 3024//
f 3024// 3025// 3015//
f 3015// 3025// 3026//
f 3015// 3026// 3027//
f 3027// 3028// 3015//
f 3015// 3028// 3029//
f 3015// 3029// 3030//
f 3031// 3032// 3015//
f 3015// 3032// 3033//
f 3015// 3033// 3034//
f 3034// 3035// 3015//
f 3015// 3035// 3036//
f 3015// 3036// 3037//
f 3030// 3038// 3015//
f 3015// 3038// 3039//
f 3015// 3039// 3040//
f 3041// 3042// 3043//
f 3043// 3010// 3041//
f 3041// 3010// 3012//
f 3041// 3012// 3044//
f 3044// 3012// 3015//
f 3044// 3015// 3045//
f 3018// 3046// 3015//
f 3015// 3046// 3047//
f 3015// 3047// 3048//
f 3048// 3049// 3015//
f 3015// 3049// 3050//
f 3015// 3050// 3051//
f 3052// 3053// 3015//
f 3015// 3053// 3054//
f 3015// 3054// 3031//
f 3037// 3055// 3015//
f 3015// 3055// 3056//
f 3015// 3056// 3057//
f 3058// 3059// 3015//
f 3015// 3059// 3060//
f 3015// 3060// 3019//
f 3040// 3061// 3015//
f 3015// 3061// 3062//
f 3015// 3062// 3063//
f 3063// 3064// 3015//
f 3015// 3064// 3065//
f 3015// 3065// 3066//
f 3067// 3068// 3015//
f 3015// 3068// 3069//
f 3015// 3069// 3070//
f 3015// 3071// 3072//
f 3051// 3073// 3015//
f 3015// 3073// 3074//
f 3015// 3074// 3052//
f 3057// 3075// 3015//
f 3015// 3075// 3076//
f 3015// 3076// 3058//
f 3077// 3015// 3078//
f 3078// 3015// 3079//
f 3077// 3080// 3015//
f 3015// 3080// 3081//
f 3015// 3081// 3067//
f 3071// 3015// 3082//
f 3082// 3015// 3070//
f 3082// 3070// 3083//
f 3066// 3084// 3015//
f 3015// 3084// 3085//
f 3015// 3085// 3079//
f 3086// 3087// 3072//
f 3072// 3087// 3088//
f 3072// 3088// 3015//
usemtl 2
f 3068// 3089// 3069//
f 3069// 3089// 3090//
f 3069// 3090// 3091//
f 3068// 3067// 3089//
f 3089// 3067// 3081//
f 3089// 3081// 3092//
f 3092// 3081// 3080//
f 3092// 3080// 3093//
f 3093// 3080// 3077//
f 3093// 3077// 3094//
f 3094// 3077// 3078//
f 3094// 3078// 3095//
f 3095// 3078// 3079//
f 3095// 3079// 3085//
f 3084// 3096// 3085//
f 3085// 3096// 3097//
f 3085// 3097// 3095//
f 3084// 3066// 3096//
f 3096// 3066// 3065//
f 3096// 3065// 3098//
f 3098// 3065// 3099//
f 3065// 3064// 3099//
f 3099// 3064// 3063//
f 3099// 3063// 3062//
f 3061// 3100// 3062//
f 3062// 3100// 3101//
f 3062// 3101// 3099//
f 3061// 3040// 3100//
f 3100// 3040// 3039//
f 3100// 3039// 3102//
f 3102// 3039// 3038//
f 3102// 3038// 3103//
f 3103// 3038// 3030//
f 3103// 3030// 3104//
f 3104// 3030// 3029//
f 3104// 3029// 3105//
f 3105// 3029// 3028//
f 3105// 3028// 3106//
f 3028// 3027// 3106//
f 3106// 3027// 3026//
f 3106// 3026// 3107//
f 3107// 3026// 3025//
f 3107// 3025// 3108//
f 3025// 3024// 3108//
f 3108// 3024// 3023//
f 3108// 3023// 3109//
f 3109// 3023// 3110//
f 3023// 3022// 3110//
f 3110// 3022// 3017//
f 3110// 3017// 3016//
f 3014// 3111// 3016//
f 3016// 3111// 3112//
f 3016// 3112// 3110//
f 3014// 3013// 3111//
f 3111// 3013// 3021//
f 3111// 3021// 3113//
f 3113// 3021// 3020//
f 3113// 3020// 3114//
f 3114// 3020// 3019//
f 3114// 3019// 3115//
f 3019// 3060// 3115//
f 3115// 3060// 3059//
f 3115// 3059// 3116//
f 3116// 3059// 3058//
f 3116// 3058// 3117//
f 3117// 3058// 3076//
f 3117// 3076// 3118//
f 3118// 3076// 3119//
f 3076// 3075// 3119//
f 3119// 3075// 3057//
f 3119// 3057// 3056//
f 3055// 3120// 3056//
f 3056// 3120// 3121//
f 3056// 3121// 3119//
f 3055// 3037// 3120//
f 3120// 3037// 3036//
f 3120// 3036// 3122//
f 3122// 3036// 3035//
f 3122// 3035// 3123//
f 3035// 3034// 3123//
f 3123// 3034// 3033//
f 3123// 3033// 3124//
f 3124// 3033// 3032//
f 3124// 3032// 3125//
f 3032// 3031// 3125//
f 3125// 3031// 3054//
f 3125// 3054// 3126//
f 3126// 3054// 3127//
f 3054// 3053// 3127//
f 3127// 3053// 3052//
f 3127// 3052// 3074//
f 3073// 3128// 3074//
f 3074// 3128// 3129//
f 3074// 3129// 3127//
f 3073// 3051// 3128//
f 3128// 3051// 3050//
f 3128// 3050// 3130//
f 3130// 3050// 3049//
f 3130// 3049// 3131//
f 3131// 3049// 3048//
f 3131// 3048// 3132//
f 3048// 3047// 3132//
f 3132// 3047// 3046//
f 3132// 3046// 3133//
f 3133// 3046// 3018//
f 3133// 3018// 3134//
f 3134// 3018// 3012//
f 3134// 3012// 3135//
f 3135// 3012// 3011//
f 3135// 3011// 3136//
f 3011// 3010// 3136//
f 3136// 3010// 3043//
f 3136// 3043// 3137//
f 3137// 3043// 3042//
f 3137// 3042// 3138//
f 3138// 3042// 3041//
f 3138// 3041// 3044//
f 3045// 3139// 3044//
f 3044// 3139// 3140//
f 3044// 3140// 3138//
f 3086// 3141// 3087//
f 3087// 3141// 3142//
f 3087// 3142// 3088//
f 3088// 3142// 3139//
f 3088// 3139// 3015//
f 3015// 3139// 3045//
f 3086// 3072// 3141//
f 3141// 3072// 3071//
f 3141// 3071// 3143//
f 3143// 3071// 3082//
f 3143// 3082// 3144//
f 3144// 3082// 3083//
f 3144// 3083// 3091//
f 3091// 3083// 3070//
f 3091// 3070// 3069//
f 3091// 3145// 3144//
f 3144// 3145// 3146//
f 3144// 3146// 3143//
f 3143// 3146// 3147//
f 3143// 3147// 3141//
f 3141// 3147// 3148//
f 3141// 3148// 3142//
f 3142// 3148// 3149//
f 3142// 3149// 3139//
f 3139// 3149// 3150//
f 3139// 3150// 3140//
f 3140// 3150// 3151//
f 3140// 3151// 3138//
f 3138// 3151// 3152//
f 3138// 3152// 3137//
f 3137// 3152// 3153//
f 3137// 3153// 3136//
f 3136// 3153// 3154//
f 3136// 3154// 3135//
f 3135// 3154// 3155//
f 3135// 3155// 3134//
f 3134// 3155// 3156//
f 3134// 3156// 3133//
f 3133// 3156// 3157//
f 3133// 3157// 3132//
f 3132// 3157// 3158//
f 3132// 3158// 3131//
f 3131// 3158// 3159//
f 3131// 3159// 3130//
f 3130// 3159// 3160//
f 3130// 3160// 3128//
f 3128// 3160// 3161//
f 3128// 3161// 3129//
f 3129// 3161// 3162//
f 3129// 3162// 3127//
f 3127// 3162// 3163//
f 3127// 3163// 3126//
f 3126// 3163// 3164//
f 3126// 3164// 3125//
f 3125// 3164// 3165//
f 3125// 3165// 3124//
f 3124// 3165// 3166//
f 3124// 3166// 3123//
f 3123// 3166// 3167//
f 3123// 3167// 3122//
f 3122// 3167// 3168//
f 3122// 3168// 3120//
f 3120// 3168// 3169//
f 3120// 3169// 3121//
f 3121// 3169// 3170//
f 3121// 3170// 3119//
f 3119// 3170// 3171//
f 3119// 3171// 3118//
f 3118// 3171// 3172//
f 3118// 3172// 3117//
f 3117// 3172// 3173//
f 3117// 3173// 3116//
f 3116// 3173// 3174//
f 3116// 3174// 3115//
f 3115// 3174// 3175//
f 3115// 3175// 3114//
f 3114// 3175// 3176//
f 3114// 3176// 3113//
f 3113// 3176// 3177//
f 3113// 3177// 3111//
f 3111// 3177// 3178//
f 3111// 3178// 3112//
f 3112// 3178// 3179//
f 3112// 3179// 3110//
f 3110// 3179// 3180//
f 3110// 3180// 3109//
f 3109// 3180// 3181//
f 3109// 3181// 3108//
f 3108// 3181// 3182//
f 3108// 3182// 3107//
f 3107// 3182// 3183//
f 3107// 3183// 3106//
f 3106// 3183// 3184//
f 3106// 3184// 3105//
f 3105// 3184// 3185//
f 3105// 3185// 3104//
f 3104// 3185// 3186//
f 3104// 3186// 3103//
f 3103// 3186// 3187//
f 3103// 3187// 3102//
f 3102// 3187// 3188//
f 3102// 3188// 3100//
f 3100// 3188// 3189//
f 3100// 3189// 3101//
f 3101// 3189// 3190//
f 3101// 3190// 3099//
f 3099// 3190// 3191//
f 3099// 3191// 3098//
f 3098// 3191// 3192//
f 3098// 3192// 3096//
f 3096// 3192// 3193//
f 3096// 3193// 3097//
f 3097// 3193// 3194//
f 3097// 3194// 3095//
f 3095// 3194// 3195//
f 3095// 3195// 3094//
f 3094// 3195// 3196//
f 3094// 3196// 3093//
f 3093// 3196// 3197//
f 3093// 3197// 3092//
f 3092// 3197// 3198//
f 3092// 3198// 3089//
f 3089// 3198// 3199//
f 3089// 3199// 3090//
f 3090// 3199// 3200//
f 3090// 3200// 3091//
f 3091// 3200// 3145//
f 411// 3201// 3148//
f 3148// 3201// 3202//
f 3148// 3202// 3149//
f 3149// 3202// 419//
f 3149// 419// 3150//
f 3150// 419// 3203//
f 3150// 3203// 3151//
f 3151// 3203// 3204//
f 3151// 3204// 3152//
f 3152// 3204// 432//
f 3152// 432// 3153//
f 3153// 432// 3205//
f 3153// 3205// 3154//
f 3154// 3205// 3206//
f 3154// 3206// 3155//
f 3155// 3206// 450//
f 3155// 450// 3156//
f 3156// 450// 3207//
f 3156// 3207// 3157//
f 3157// 3207// 3208//
f 3157// 3208// 3158//
f 3158// 3208// 428//
f 3158// 428// 3159//
f 3159// 428// 3209//
f 3159// 3209// 3160//
f 3160// 3209// 3210//
f 3160// 3210// 3161//
f 3161// 3210// 446//
f 3161// 446// 3162//
f 3162// 446// 3211//
f 3162// 3211// 3163//
f 3163// 3211// 3212//
f 3163// 3212// 3164//
f 3164// 3212// 424//
f 3164// 424// 3165//
f 3165// 424// 3213//
f 3165// 3213// 3166//
f 3166// 3213// 3214//
f 3166// 3214// 3167//
f 3167// 3214// 462//
f 3167// 462// 3168//
f 3168// 462// 3215//
f 3168// 3215// 3169//
f 3169// 3215// 3216//
f 3169// 3216// 3170//
f 3170// 3216// 459//
f 3170// 459// 3171//
f 3171// 459// 3217//
f 3171// 3217// 3172//
f 3172// 3217// 471//
f 3172// 471// 3173//
f 3173// 471// 3218//
f 3173// 3218// 3174//
f 3174// 3218// 3219//
f 3174// 3219// 3175//
f 3175// 3219// 436//
f 3175// 436// 3176//
f 3176// 436// 3220//
f 3176// 3220// 3177//
f 3177// 3220// 3221//
f 3177// 3221// 3178//
f 3178// 3221// 455//
f 3178// 455// 3179//
f 3179// 455// 3222//
f 3179// 3222// 3180//
f 3180// 3222// 3223//
f 3180// 3223// 3181//
f 3181// 3223// 469//
f 3181// 469// 3182//
f 3182// 469// 3224//
f 3182// 3224// 3183//
f 3183// 3224// 3225//
f 3183// 3225// 3184//
f 3184// 3225// 466//
f 3184// 466// 3185//
f 3185// 466// 3226//
f 3185// 3226// 3186//
f 3186// 3226// 3227//
f 3186// 3227// 3187//
f 3187// 3227// 453//
f 3187// 453// 3188//
f 3188// 453// 3228//
f 3188// 3228// 3189//
f 3189// 3228// 3229//
f 3189// 3229// 3190//
f 3190// 3229// 413//
f 3190// 413// 3191//
f 3191// 413// 3230//
f 3191// 3230// 3192//
f 3192// 3230// 3231//
f 3192// 3231// 3193//
f 3193// 3231// 443//
f 3193// 443// 3194//
f 3194// 443// 3232//
f 3194// 3232// 3195//
f 3195// 3232// 3233//
f 3195// 3233// 3196//
f 3196// 3233// 3234//
f 3196// 3234// 3197//
f 3197// 3234// 3235//
f 3197// 3235// 3198//
f 3198// 3235// 3236//
f 3198// 3236// 3199//
f 3199// 3236// 422//
f 3199// 422// 3200//
f 3200// 422// 3237//
f 3200// 3237// 3145//
f 3145// 3237// 3238//
f 3145// 3238// 3146//
f 3146// 3238// 416//
f 3146// 416// 3147//
f 3147// 416// 411//
f 3147// 411// 3148//
f 1517// 3006// 3239//
f 1517// 3239// 1531//
f 1531// 3239// 3240//
f 1531// 3240// 1534//
f 1534// 3240// 3241//
f 1534// 3241// 1535//
f 1535// 3241// 3242//
f 1535// 3242// 1536//
f 1536// 3242// 3243//
f 1536// 3243// 1537//
f 1537// 3243// 1495//
f 1537// 1495// 1496//
f 1493// 1495// 3244//
f 3245// 3246// 3244//
f 3244// 3246// 3247//
f 3244// 3247// 1493//
f 3245// 3248// 3246//
f 3246// 3248// 3249//
f 3246// 3249// 3250//
f 3249// 3251// 3250//
f 3250// 3251// 3252//
f 3250// 3252// 3253//
f 3252// 3254// 3253//
f 3253// 3254// 3255//
f 3253// 3255// 3256//
f 3255// 3257// 3256//
f 3256// 3257// 3258//
f 3256// 3258// 3259//
f 3258// 3260// 3259//
f 3259// 3260// 394//
f 3259// 394// 406//
f 3006// 3261// 3262//
f 3261// 3263// 3264//
f 3265// 3266// 3267//
f 3267// 3266// 394//
f 3268// 394// 3266//
f 3269// 394// 3260//
f 3270// 394// 3269//
f 3268// 3266// 3271//
f 3271// 3266// 3265//
f 3271// 3265// 3272//
f 3273// 3274// 3275//
f 3275// 3274// 3270//
f 3275// 3270// 3276//
f 3276// 3270// 3269//
f 3276// 3269// 3277//
f 3260// 3258// 3269//
f 3269// 3258// 3257//
f 3269// 3257// 3277//
f 3277// 3257// 3255//
f 3277// 3255// 3254//
f 3278// 3273// 3279//
f 3279// 3273// 3275//
f 3279// 3275// 3280//
f 3280// 3275// 3276//
f 3280// 3276// 3281//
f 3281// 3276// 3277//
f 3281// 3277// 3282//
f 3282// 3277// 3254//
f 3282// 3254// 3252//
f 3263// 3278// 3264//
f 3264// 3278// 3279//
f 3264// 3279// 3283//
f 3283// 3279// 3280//
f 3283// 3280// 3284//
f 3284// 3280// 3281//
f 3284// 3281// 3285//
f 3285// 3281// 3282//
f 3285// 3282// 3286//
f 3286// 3282// 3252//
f 3286// 3252// 3251//
f 3261// 3264// 3262//
f 3262// 3264// 3283//
f 3262// 3283// 3287//
f 3287// 3283// 3284//
f 3287// 3284// 3288//
f 3288// 3284// 3285//
f 3288// 3285// 3289//
f 3289// 3285// 3286//
f 3289// 3286// 3290//
f 3274// 394// 3270//
f 3263// 3272// 3278//
f 3278// 3272// 3265//
f 3278// 3265// 3273//
f 3273// 3265// 3267//
f 3273// 3267// 3274//
f 3274// 3267// 394//
f 3251// 3249// 3286//
f 3286// 3249// 3248//
f 3286// 3248// 3290//
f 3290// 3248// 3245//
f 3290// 3245// 3244//
f 3006// 3262// 3239//
f 3239// 3262// 3287//
f 3239// 3287// 3240//
f 3240// 3287// 3288//
f 3240// 3288// 3241//
f 3241// 3288// 3289//
f 3241// 3289// 3242//
f 3242// 3289// 3290//
f 3242// 3290// 3243//
f 3243// 3290// 3244//
f 3243// 3244// 1495//
f 406// 396// 3291//
f 3292// 3256// 3291//
f 3291// 3256// 3259//
f 3291// 3259// 406//
f 3292// 3293// 3256//
f 3256// 3293// 3294//
f 3256// 3294// 3253//
f 3294// 3295// 3253//
f 3253// 3295// 3296//
f 3253// 3296// 3250//
f 3296// 3297// 3250//
f 3250// 3297// 3298//
f 3250// 3298// 3246//
f 3298// 3299// 3246//
f 3246// 3299// 3300//
f 3246// 3300// 3247//
f 3300// 3301// 3247//
f 3247// 3301// 1491//
f 3247// 1491// 1493//
f 1511// 1513// 1545//
f 1511// 1545// 3302//
f 3302// 1545// 1546//
f 3302// 1546// 3303//
f 3303// 1546// 1554//
f 3303// 1554// 3304//
f 3304// 1554// 1492//
f 3304// 1492// 1491//
f 1269// 1497// 3305//
f 1269// 3305// 1267//
f 1267// 3305// 3306//
f 1267// 3306// 1272//
f 1272// 3306// 3307//
f 1272// 3307// 1273//
f 1273// 3307// 3308//
f 1273// 3308// 1274//
f 1274// 3308// 3309//
f 1274// 3309// 1276//
f 1276// 3309// 3007//
f 1276// 3007// 1241//
f 3006// 3007// 3310//
f 3006// 3310// 3261//
f 3261// 3310// 3311//
f 3261// 3311// 3263//
f 3263// 3311// 3312//
f 3263// 3312// 3272//
f 3272// 3312// 3313//
f 3272// 3313// 3271//
f 3271// 3313// 3314//
f 3271// 3314// 3268//
f 3268// 3314// 388//
f 3268// 388// 394//
f 3293// 3292// 3315//
f 3315// 3292// 3291//
f 3315// 3291// 396//
f 3294// 3316// 3295//
f 3295// 3316// 3317//
f 3295// 3317// 3296//
f 3296// 3317// 3297//
f 3297// 3317// 3318//
f 3297// 3318// 3298//
f 3298// 3318// 3299//
f 3299// 3318// 3319//
f 3299// 3319// 3300//
f 3300// 3319// 3301//
f 3301// 3319// 3304//
f 3301// 3304// 1491//
f 3303// 3304// 3320//
f 3320// 3304// 3319//
f 3320// 3319// 3321//
f 3321// 3319// 3318//
f 3321// 3318// 3322//
f 3322// 3318// 3317//
f 3322// 3317// 3323//
f 3323// 3317// 3316//
f 3323// 3316// 3324//
f 3324// 3325// 3323//
f 3323// 3325// 3326//
f 3323// 3326// 3322//
f 3322// 3326// 3327//
f 3322// 3327// 3321//
f 3321// 3327// 3328//
f 3321// 3328// 3320//
f 3320// 3328// 3329//
f 3320// 3329// 3303//
f 3303// 3329// 3302//
f 1511// 3302// 3330//
f 3330// 3302// 3329//
f 3330// 3329// 3331//
f 3331// 3329// 3328//
f 3331// 3328// 3332//
f 3332// 3328// 3327//
f 3332// 3327// 3333//
f 3333// 3327// 3326//
f 3333// 3326// 3334//
f 3334// 3326// 3325//
f 3334// 3325// 396//
f 3324// 396// 3325//
f 3294// 3293// 3316//
f 3316// 3293// 3315//
f 3316// 3315// 3324//
f 3324// 3315// 396//
f 3335// 3336// 3337//
f 3338// 3339// 3340//
f 3341// 3342// 3343//
f 388// 3314// 3344//
f 3343// 3342// 388//
f 3345// 388// 3342//
f 3346// 3347// 3341//
f 3341// 3347// 3348//
f 3341// 3348// 3342//
f 3342// 3348// 3349//
f 3342// 3349// 3345//
f 3350// 3351// 3352//
f 3352// 3351// 3344//
f 3352// 3344// 3353//
f 3353// 3344// 3314//
f 3353// 3314// 3313//
f 3339// 3346// 3340//
f 3340// 3346// 3341//
f 3340// 3341// 3354//
f 3354// 3341// 3343//
f 3354// 3343// 3355//
f 3355// 3343// 388//
f 3356// 3350// 3357//
f 3357// 3350// 3352//
f 3357// 3352// 3358//
f 3358// 3352// 3353//
f 3358// 3353// 3359//
f 3359// 3353// 3313//
f 3359// 3313// 3312//
f 3337// 3356// 3360//
f 3360// 3356// 3357//
f 3360// 3357// 3361//
f 3361// 3357// 3358//
f 3361// 3358// 3362//
f 3362// 3358// 3359//
f 3362// 3359// 3363//
f 3363// 3359// 3312//
f 3363// 3312// 3311//
f 3364// 3365// 3366//
f 3366// 3365// 3335//
f 3335// 3337// 3366//
f 3366// 3337// 3360//
f 3366// 3360// 3367//
f 3367// 3360// 3361//
f 3367// 3361// 3368//
f 3368// 3361// 3362//
f 3368// 3362// 3369//
f 3369// 3362// 3363//
f 3369// 3363// 3370//
f 3370// 3363// 3311//
f 3370// 3311// 3310//
f 3305// 1497// 3364//
f 3364// 3366// 3305//
f 3305// 3366// 3367//
f 3305// 3367// 3306//
f 3306// 3367// 3368//
f 3306// 3368// 3307//
f 3307// 3368// 3369//
f 3307// 3369// 3308//
f 3308// 3369// 3370//
f 3308// 3370// 3309//
f 3309// 3370// 3310//
f 3309// 3310// 3007//
f 3351// 388// 3344//
f 3336// 3338// 3337//
f 3337// 3338// 3340//
f 3337// 3340// 3356//
f 3356// 3340// 3354//
f 3356// 3354// 3350//
f 3350// 3354// 3355//
f 3350// 3355// 3351//
f 3351// 3355// 388//
f 396// 409// 3371//
f 396// 3371// 3334//
f 3334// 3371// 3372//
f 3334// 3372// 3333//
f 3333// 3372// 3373//
f 3333// 3373// 3332//
f 3332// 3373// 3374//
f 3332// 3374// 3331//
f 3331// 3374// 3375//
f 3331// 3375// 3330//
f 3330// 3375// 1512//
f 3330// 1512// 1511//
f 1509// 1510// 1562//
f 1509// 1562// 3376//
f 3376// 1562// 1557//
f 3376// 1557// 3377//
f 3377// 1557// 1514//
f 3377// 1514// 1512//
f 380// 388// 3345//
f 3349// 3378// 3345//
f 3345// 3378// 3379//
f 3345// 3379// 380//
f 3349// 3348// 3378//
f 3378// 3348// 3347//
f 3378// 3347// 3380//
f 3347// 3346// 3380//
f 3380// 3346// 3339//
f 3380// 3339// 3381//
f 3339// 3338// 3381//
f 3381// 3338// 3336//
f 3381// 3336// 3382//
f 3336// 3335// 3382//
f 3382// 3335// 3365//
f 3382// 3365// 3383//
f 3365// 3364// 3383//
f 3383// 3364// 1497//
f 3383// 1497// 1498//
f 3384// 409// 3385//
f 3385// 3386// 3384//
f 3384// 3386// 3387//
f 3384// 3387// 3388//
f 3387// 3389// 3388//
f 3388// 3389// 3390//
f 3388// 3390// 3391//
f 3391// 3390// 3392//
f 3391// 3392// 3393//
f 3393// 3392// 3394//
f 3371// 3395// 3372//
f 3372// 3395// 3396//
f 3372// 3396// 3373//
f 3373// 3396// 3397//
f 3373// 3397// 3374//
f 3374// 3397// 3398//
f 3374// 3398// 3375//
f 3375// 3398// 3399//
f 3375// 3399// 1512//
f 3400// 3399// 3393//
f 3393// 3399// 3398//
f 3393// 3398// 3391//
f 3391// 3398// 3397//
f 3391// 3397// 3388//
f 3388// 3397// 3396//
f 3388// 3396// 3384//
f 3384// 3396// 3395//
f 3384// 3395// 409//
f 3371// 409// 3395//
f 3394// 3401// 3393//
f 3393// 3401// 3402//
f 3393// 3402// 3400//
f 3400// 3402// 3403//
f 3400// 3403// 3404//
f 1512// 3399// 3377//
f 3377// 3399// 3400//
f 3377// 3400// 3376//
f 3376// 3400// 3404//
f 3376// 3404// 1509//
f 1499// 1257// 1259//
f 1499// 1259// 3405//
f 3405// 1259// 1266//
f 3405// 1266// 3406//
f 3406// 1266// 1252//
f 3406// 1252// 1500//
f 1498// 1499// 3407//
f 3408// 3382// 3407//
f 3407// 3382// 3383//
f 3407// 3383// 1498//
f 3408// 3409// 3382//
f 3382// 3409// 3410//
f 3382// 3410// 3381//
f 3410// 3411// 3381//
f 3381// 3411// 3412//
f 3381// 3412// 3380//
f 3412// 3413// 3380//
f 3380// 3413// 3414//
f 3380// 3414// 3378//
f 3414// 3415// 3378//
f 3378// 3415// 3416//
f 3378// 3416// 3379//
f 3416// 3417// 3379//
f 3379// 3417// 373//
f 3379// 373// 380//
f 1507// 1509// 3404//
f 3403// 3418// 3404//
f 3404// 3418// 3419//
f 3404// 3419// 1507//
f 3403// 3402// 3418//
f 3418// 3402// 3401//
f 3418// 3401// 3420//
f 3401// 3394// 3420//
f 3420// 3394// 3392//
f 3420// 3392// 3421//
f 3392// 3390// 3421//
f 3421// 3390// 3389//
f 3421// 3389// 3422//
f 3389// 3387// 3422//
f 3422// 3387// 3386//
f 3422// 3386// 3423//
f 3386// 3385// 3423//
f 3423// 3385// 409//
f 3423// 409// 408//
f 3424// 373// 3417//
f 3417// 3416// 3424//
f 3424// 3416// 3415//
f 3424// 3415// 3425//
f 3415// 3414// 3425//
f 3425// 3414// 3413//
f 3425// 3413// 3426//
f 3426// 3413// 3412//
f 3426// 3412// 3427//
f 3427// 3412// 3411//
f 3428// 3429// 3430//
f 3430// 3429// 3431//
f 3430// 3431// 3432//
f 3432// 3431// 3433//
f 3432// 3433// 3434//
f 3434// 3433// 3435//
f 3434// 3435// 3436//
f 3436// 3435// 3437//
f 3436// 3437// 1500//
f 3438// 3437// 3427//
f 3427// 3437// 3435//
f 3427// 3435// 3426//
f 3426// 3435// 3433//
f 3426// 3433// 3425//
f 3425// 3433// 3431//
f 3425// 3431// 3424//
f 3424// 3431// 3429//
f 3424// 3429// 373//
f 3428// 373// 3429//
f 3411// 3410// 3427//
f 3427// 3410// 3409//
f 3427// 3409// 3438//
f 3438// 3409// 3408//
f 3438// 3408// 3407//
f 1500// 3437// 3406//
f 3406// 3437// 3438//
f 3406// 3438// 3405//
f 3405// 3438// 3407//
f 3405// 3407// 1499//
f 408// 723// 3439//
f 3440// 3422// 3439//
f 3439// 3422// 3423//
f 3439// 3423// 408//
f 3440// 3441// 3422//
f 3422// 3441// 3442//
f 3422// 3442// 3421//
f 3442// 3443// 3421//
f 3421// 3443// 3444//
f 3421// 3444// 3420//
f 3444// 3445// 3420//
f 3420// 3445// 3446//
f 3420// 3446// 3418//
f 3446// 3447// 3418//
f 3418// 3447// 3448//
f 3418// 3448// 3419//
f 3448// 3449// 3419//
f 3419// 3449// 1505//
f 3419// 1505// 1507//
f 1506// 1505// 3450//
f 1506// 3450// 1547//
f 1547// 3450// 3451//
f 1547// 3451// 1548//
f 1548// 3451// 3452//
f 1548// 3452// 1549//
f 1549// 3452// 3453//
f 1549// 3453// 1555//
f 1555// 3453// 3454//
f 1555// 3454// 1556//
f 1556// 3454// 3009//
f 1556// 3009// 1522//
f 1501// 1262// 3455//
f 3455// 1262// 1286//
f 3455// 1286// 3456//
f 3456// 1286// 3457//
f 3457// 1286// 1287//
f 3457// 1287// 3458//
f 3458// 1287// 3459//
f 3459// 1287// 1278//
f 3459// 1278// 1502//
f 430// 373// 3428//
f 430// 3428// 3460//
f 3460// 3428// 3430//
f 3460// 3430// 3461//
f 3461// 3430// 3432//
f 3461// 3432// 3462//
f 3462// 3432// 3434//
f 3462// 3434// 3463//
f 3463// 3434// 3436//
f 3463// 3436// 3464//
f 3464// 3436// 1500//
f 3464// 1500// 1501//
f 3447// 3446// 3465//
f 3445// 3444// 3466//
f 3467// 3468// 3469//
f 723// 3470// 3471//
f 3469// 3468// 723//
f 3439// 723// 3468//
f 3443// 3442// 3467//
f 3467// 3442// 3441//
f 3467// 3441// 3468//
f 3468// 3441// 3440//
f 3468// 3440// 3439//
f 3472// 3473// 3474//
f 3474// 3473// 3471//
f 3474// 3471// 3475//
f 3475// 3471// 3470//
f 3475// 3470// 3476//
f 3444// 3443// 3466//
f 3466// 3443// 3467//
f 3466// 3467// 3477//
f 3477// 3467// 3469//
f 3477// 3469// 3478//
f 3478// 3469// 723//
f 3479// 3472// 3480//
f 3480// 3472// 3474//
f 3480// 3474// 3481//
f 3481// 3474// 3475//
f 3481// 3475// 3482//
f 3482// 3475// 3476//
f 3482// 3476// 3483//
f 3465// 3479// 3484//
f 3484// 3479// 3480//
f 3484// 3480// 3485//
f 3485// 3480// 3481//
f 3485// 3481// 3486//
f 3486// 3481// 3482//
f 3486// 3482// 3487//
f 3487// 3482// 3483//
f 3487// 3483// 3488//
f 3449// 3448// 3489//
f 3489// 3448// 3447//
f 3447// 3465// 3489//
f 3489// 3465// 3484//
f 3489// 3484// 3490//
f 3490// 3484// 3485//
f 3490// 3485// 3491//
f 3491// 3485// 3486//
f 3491// 3486// 3492//
f 3492// 3486// 3487//
f 3492// 3487// 3493//
f 3493// 3487// 3488//
f 3493// 3488// 3494//
f 3450// 1505// 3449//
f 3449// 3489// 3450//
f 3450// 3489// 3490//
f 3450// 3490// 3451//
f 3451// 3490// 3491//
f 3451// 3491// 3452//
f 3452// 3491// 3492//
f 3452// 3492// 3453//
f 3453// 3492// 3493//
f 3453// 3493// 3454//
f 3454// 3493// 3494//
f 3454// 3494// 3009//
f 3473// 723// 3471//
f 3446// 3445// 3465//
f 3465// 3445// 3466//
f 3465// 3466// 3479//
f 3479// 3466// 3477//
f 3479// 3477// 3472//
f 3472// 3477// 3478//
f 3472// 3478// 3473//
f 3473// 3478// 723//
f 3456// 3457// 3495//
f 3458// 3459// 3496//
f 3497// 3498// 3499//
f 3499// 3498// 3500//
f 3499// 3500// 430//
f 3501// 3502// 3503//
f 3503// 3502// 3504//
f 3503// 3504// 3505//
f 3505// 3504// 3506//
f 3506// 3504// 3507//
f 3506// 3507// 3508//
f 3508// 3507// 3509//
f 3509// 3507// 3496//
f 3509// 3496// 3510//
f 3510// 3496// 3511//
f 3511// 3496// 3459//
f 3511// 3459// 1502//
f 3457// 3458// 3495//
f 3495// 3458// 3496//
f 3495// 3496// 3512//
f 3512// 3496// 3507//
f 3512// 3507// 3513//
f 3513// 3507// 3504//
f 3513// 3504// 3514//
f 3514// 3504// 3502//
f 3514// 3502// 3515//
f 3455// 3456// 3516//
f 3516// 3456// 3495//
f 3516// 3495// 3517//
f 3517// 3495// 3512//
f 3517// 3512// 3518//
f 3518// 3512// 3513//
f 3518// 3513// 3519//
f 3519// 3513// 3514//
f 3519// 3514// 3520//
f 3520// 3514// 3515//
f 1501// 3455// 3464//
f 3464// 3455// 3516//
f 3464// 3516// 3463//
f 3463// 3516// 3517//
f 3463// 3517// 3462//
f 3462// 3517// 3518//
f 3462// 3518// 3461//
f 3461// 3518// 3519//
f 3461// 3519// 3460//
f 3460// 3519// 3520//
f 3460// 3520// 430//
f 3515// 430// 3520//
f 3501// 3497// 3502//
f 3502// 3497// 3499//
f 3502// 3499// 3515//
f 3515// 3499// 430//
f 3008// 3009// 3494//
f 3008// 3494// 3521//
f 3521// 3494// 3488//
f 3521// 3488// 3522//
f 3522// 3488// 3483//
f 3522// 3483// 3523//
f 3523// 3483// 3476//
f 3523// 3476// 3524//
f 3524// 3476// 3470//
f 3524// 3470// 3525//
f 3525// 3470// 723//
f 3525// 723// 438//
f 1235// 3008// 3526//
f 1235// 3526// 1244//
f 1244// 3526// 3527//
f 1244// 3527// 1247//
f 1247// 3527// 3528//
f 1247// 3528// 1248//
f 1248// 3528// 3529//
f 1248// 3529// 1249//
f 1249// 3529// 3530//
f 1249// 3530// 1280//
f 1280// 3530// 1504//
f 1280// 1504// 1281//
f 426// 430// 3500//
f 3498// 3531// 3500//
f 3500// 3531// 3532//
f 3500// 3532// 426//
f 3498// 3497// 3531//
f 3531// 3497// 3501//
f 3531// 3501// 3533//
f 3501// 3503// 3533//
f 3533// 3503// 3505//
f 3533// 3505// 3534//
f 3505// 3506// 3534//
f 3534// 3506// 3508//
f 3534// 3508// 3535//
f 3508// 3509// 3535//
f 3535// 3509// 3510//
f 3535// 3510// 3536//
f 3510// 3511// 3536//
f 3536// 3511// 1502//
f 3536// 1502// 1503//
f 3008// 3521// 3537//
f 3521// 3522// 3538//
f 3539// 3540// 3541//
f 3541// 3540// 438//
f 3525// 438// 3540//
f 3542// 438// 3543//
f 3544// 438// 3542//
f 3525// 3540// 3524//
f 3524// 3540// 3539//
f 3524// 3539// 3523//
f 3545// 3546// 3547//
f 3547// 3546// 3544//
f 3547// 3544// 3548//
f 3548// 3544// 3542//
f 3548// 3542// 3549//
f 3543// 3550// 3542//
f 3542// 3550// 3551//
f 3542// 3551// 3549//
f 3549// 3551// 3552//
f 3549// 3552// 3553//
f 3554// 3545// 3555//
f 3555// 3545// 3547//
f 3555// 3547// 3556//
f 3556// 3547// 3548//
f 3556// 3548// 3557//
f 3557// 3548// 3549//
f 3557// 3549// 3558//
f 3558// 3549// 3553//
f 3558// 3553// 3559//
f 3522// 3554// 3538//
f 3538// 3554// 3555//
f 3538// 3555// 3560//
f 3560// 3555// 3556//
f 3560// 3556// 3561//
f 3561// 3556// 3557//
f 3561// 3557// 3562//
f 3562// 3557// 3558//
f 3562// 3558// 3563//
f 3563// 3558// 3559//
f 3563// 3559// 3564//
f 3521// 3538// 3537//
f 3537// 3538// 3560//
f 3537// 3560// 3565//
f 3565// 3560// 3561//
f 3565// 3561// 3566//
f 3566// 3561// 3562//
f 3566// 3562// 3567//
f 3567// 3562// 3563//
f 3567// 3563// 3568//
f 3546// 438// 3544//
f 3522// 3523// 3554//
f 3554// 3523// 3539//
f 3554// 3539// 3545//
f 3545// 3539// 3541//
f 3545// 3541// 3546//
f 3546// 3541// 438//
f 3564// 3569// 3563//
f 3563// 3569// 3570//
f 3563// 3570// 3568//
f 3568// 3570// 3571//
f 3568// 3571// 3572//
f 3008// 3537// 3526//
f 3526// 3537// 3565//
f 3526// 3565// 3527//
f 3527// 3565// 3566//
f 3527// 3566// 3528//
f 3528// 3566// 3567//
f 3528// 3567// 3529//
f 3529// 3567// 3568//
f 3529// 3568// 3530//
f 3530// 3568// 3572//
f 3530// 3572// 1504//
f 1503// 1504// 3572//
f 3571// 3535// 3572//
f 3572// 3535// 3536//
f 3572// 3536// 1503//
f 3571// 3570// 3535//
f 3535// 3570// 3569//
f 3535// 3569// 3534//
f 3569// 3564// 3534//
f 3534// 3564// 3559//
f 3534// 3559// 3533//
f 3559// 3553// 3533//
f 3533// 3553// 3552//
f 3533// 3552// 3531//
f 3552// 3551// 3531//
f 3531// 3551// 3550//
f 3531// 3550// 3532//
f 3550// 3543// 3532//
f 3532// 3543// 438//
f 3532// 438// 426//
f 42// 1289// 1396//
f 42// 1396// 69//
f 69// 1396// 1397//
f 69// 1397// 70//
f 70// 1397// 1374//
f 70// 1374// 68//
f 68// 1374// 1376//
f 68// 1376// 67//
f 67// 1376// 1377//
f 67// 1377// 66//
f 66// 1377// 1398//
f 66// 1398// 65//
f 65// 1398// 1299//
f 65// 1299// 52//
f 47// 1305// 1317//
f 47// 1317// 75//
f 75// 1317// 1318//
f 75// 1318// 76//
f 76// 1318// 1316//
f 76// 1316// 74//
f 74// 1316// 1315//
f 74// 1315// 73//
f 73// 1315// 1314//
f 73// 1314// 72//
f 72// 1314// 1313//
f 72// 1313// 71//
f 71// 1313// 1288//
f 71// 1288// 41//
f 1305// 47// 1486//
f 1486// 2888// 1305//
f 1305// 2888// 2873//
f 1305// 2873// 1306//
f 84// 1300// 1424//
f 84// 1424// 97//
f 97// 1424// 1425//
f 97// 1425// 102//
f 102// 1425// 1418//
f 102// 1418// 99//
f 99// 1418// 1420//
f 99// 1420// 98//
f 98// 1420// 1421//
f 98// 1421// 100//
f 100// 1421// 1426//
f 100// 1426// 101//
f 101// 1426// 1304//
f 101// 1304// 77//
f 1354// 1326// 82//
f 82// 1326// 2537//
f 82// 2537// 1427//
f 78// 1303// 1359//
f 78// 1359// 107//
f 107// 1359// 1360//
f 107// 1360// 108//
f 108// 1360// 1358//
f 108// 1358// 106//
f 106// 1358// 1357//
f 106// 1357// 105//
f 105// 1357// 1356//
f 105// 1356// 104//
f 104// 1356// 1355//
f 104// 1355// 103//
f 103// 1355// 1354//
f 103// 1354// 82//
usemtl 1
f 3573// 3574// 672//
f 672// 3574// 673//
f 3575// 3573// 677//
f 677// 3573// 672//
f 3576// 3575// 676//
f 676// 3575// 677//
f 3577// 3576// 675//
f 675// 3576// 676//
f 3578// 3577// 674//
f 674// 3577// 675//
f 3574// 3578// 673//
f 673// 3578// 674//
f 3576// 3577// 3575//
f 3575// 3577// 3578//
f 3575// 3578// 3573//
f 3573// 3578// 3574//
f 3579// 369// 3580//
f 3580// 369// 122//
f 122// 121// 3580//
f 3580// 121// 322//
f 3580// 322// 3581//
f 3581// 322// 326//
f 3581// 326// 3582//
f 3583// 3582// 325//
f 325// 3582// 326//
f 3583// 325// 324//
f 3583// 324// 3584//
f 3584// 324// 323//
f 3584// 323// 3585//
f 3585// 323// 335//
f 3585// 335// 3586//
f 3586// 335// 334//
f 3586// 334// 3587//
f 3587// 334// 333//
f 3587// 333// 3588//
f 3588// 333// 332//
f 3588// 332// 3589//
f 3589// 332// 331//
f 3589// 331// 3590//
f 3590// 331// 330//
f 3590// 330// 3591//
f 3591// 330// 344//
f 3591// 344// 3592//
f 3592// 344// 327//
f 3592// 327// 3593//
f 3593// 327// 342//
f 3593// 342// 3594//
f 3594// 342// 343//
f 3594// 343// 3595//
f 3595// 343// 337//
f 3595// 337// 3596//
f 3596// 337// 336//
f 3596// 336// 3597//
f 3597// 336// 338//
f 3597// 338// 3598//
f 3598// 338// 339//
f 3598// 339// 3599//
f 3599// 339// 341//
f 3599// 341// 3600//
f 3600// 341// 340//
f 3600// 340// 3601//
f 3601// 340// 329//
f 3601// 329// 3602//
f 3602// 329// 328//
f 3602// 328// 3603//
f 3603// 328// 321//
f 3603// 321// 3604//
f 3605// 3604// 317//
f 317// 3604// 321//
f 346// 3606// 3607//
f 3605// 317// 318//
f 3605// 318// 3608//
f 3608// 318// 319//
f 3608// 319// 3607//
f 3607// 319// 348//
f 3607// 348// 346//
f 3606// 346// 119//
f 3606// 119// 3609//
f 119// 118// 3609//
f 3609// 118// 354//
f 3609// 354// 3610//
f 3610// 354// 353//
f 3610// 353// 3611//
f 3611// 353// 352//
f 3611// 352// 3612//
f 3612// 352// 351//
f 350// 3613// 351//
f 351// 3613// 3614//
f 351// 3614// 3612//
f 350// 349// 3613//
f 3613// 349// 359//
f 3613// 359// 3615//
f 3615// 359// 358//
f 3615// 358// 3616//
f 3616// 358// 356//
f 355// 3617// 356//
f 356// 3617// 3618//
f 356// 3618// 3616//
f 355// 367// 3617//
f 3617// 367// 366//
f 3617// 366// 3619//
f 369// 3579// 3620//
f 3619// 366// 365//
f 3619// 365// 3621//
f 3621// 365// 364//
f 3621// 364// 3622//
f 3622// 364// 362//
f 3622// 362// 3620//
f 3620// 362// 370//
f 3620// 370// 369//
f 3603// 3604// 3605//
f 3598// 3611// 3597//
f 3597// 3611// 3612//
f 3597// 3612// 3596//
f 3596// 3612// 3614//
f 3596// 3614// 3595//
f 3603// 3605// 3602//
f 3602// 3605// 3608//
f 3602// 3608// 3601//
f 3601// 3608// 3607//
f 3601// 3607// 3600//
f 3600// 3607// 3606//
f 3600// 3606// 3599//
f 3599// 3606// 3609//
f 3599// 3609// 3598//
f 3598// 3609// 3610//
f 3598// 3610// 3611//
f 3616// 3594// 3615//
f 3615// 3594// 3595//
f 3615// 3595// 3613//
f 3613// 3595// 3614//
f 3582// 3583// 3581//
f 3581// 3583// 3584//
f 3581// 3584// 3580//
f 3580// 3584// 3585//
f 3580// 3585// 3579//
f 3579// 3585// 3586//
f 3579// 3586// 3620//
f 3620// 3586// 3587//
f 3620// 3587// 3622//
f 3622// 3587// 3588//
f 3622// 3588// 3621//
f 3621// 3588// 3589//
f 3621// 3589// 3619//
f 3619// 3589// 3590//
f 3619// 3590// 3617//
f 3617// 3590// 3591//
f 3617// 3591// 3618//
f 3618// 3591// 3592//
f 3618// 3592// 3616//
f 3616// 3592// 3593//
f 3616// 3593// 3594//
f 3623// 3624// 304//
f 304// 3624// 306//
f 298// 3625// 297//
f 297// 3625// 3623//
f 297// 3623// 304//
f 3626// 3625// 296//
f 296// 3625// 298//
f 3626// 296// 3627//
f 3627// 296// 295//
f 3627// 295// 308//
f 3628// 3627// 309//
f 309// 3627// 308//
f 313// 3629// 310//
f 310// 3629// 3628//
f 310// 3628// 309//
f 3630// 3629// 312//
f 312// 3629// 313//
f 3630// 312// 3631//
f 3631// 312// 311//
f 3631// 311// 303//
f 3632// 3631// 301//
f 301// 3631// 303//
f 314// 3633// 302//
f 302// 3633// 3632//
f 302// 3632// 301//
f 3634// 3633// 316//
f 316// 3633// 314//
f 3634// 316// 3624//
f 3624// 316// 320//
f 3624// 320// 306//
f 3634// 3624// 3623//
f 3623// 3625// 3634//
f 3634// 3625// 3626//
f 3634// 3626// 3633//
f 3631// 3632// 3630//
f 3630// 3632// 3633//
f 3630// 3633// 3629//
f 3629// 3633// 3626//
f 3629// 3626// 3628//
f 3628// 3626// 3627//
f 3635// 3636// 3637//
f 3637// 3636// 3638//
f 3637// 3638// 3639//
f 3639// 3638// 3640//
f 3639// 3640// 3641//
f 3641// 3640// 3642//
f 3641// 3642// 3643//
f 3643// 3642// 3644//
f 3643// 3644// 3645//
f 3645// 3644// 3646//
f 3645// 3646// 3647//
f 3647// 3646// 3648//
f 3647// 3648// 3649//
f 3649// 3648// 3650//
f 3649// 3650// 3651//
f 3651// 3650// 3652//
f 3651// 3652// 3653//
f 3653// 3652// 3654//
f 3653// 3654// 3655//
f 3655// 3654// 3656//
f 3655// 3656// 3657//
f 3657// 3656// 3658//
f 3657// 3658// 3659//
f 3659// 3658// 3660//
f 3659// 3660// 3661//
f 3661// 3660// 3662//
f 3661// 3662// 3663//
f 3663// 3662// 3664//
f 3663// 3664// 3665//
f 3665// 3664// 3666//
f 3665// 3666// 3667//
f 3667// 3666// 3668//
f 3667// 3668// 3669//
f 3669// 3668// 3635//
f 3669// 3635// 3637//
f 3643// 3645// 490//
f 490// 3645// 491//
f 480// 3637// 3639//
f 3643// 490// 489//
f 3643// 489// 3641//
f 3641// 489// 477//
f 3641// 477// 3639//
f 3639// 477// 479//
f 3639// 479// 480//
f 3637// 480// 473//
f 3637// 473// 3669//
f 3669// 473// 472//
f 3669// 472// 3667//
f 3667// 472// 486//
f 3667// 486// 3665//
f 3665// 486// 485//
f 3665// 485// 3663//
f 3663// 485// 484//
f 3663// 484// 3661//
f 3661// 484// 483//
f 3661// 483// 3659//
f 3659// 483// 482//
f 3659// 482// 3657//
f 3657// 482// 481//
f 3657// 481// 3655//
f 487// 3649// 3651//
f 3655// 481// 476//
f 3655// 476// 3653//
f 3653// 476// 475//
f 3653// 475// 3651//
f 3651// 475// 488//
f 3651// 488// 487//
f 3647// 3649// 492//
f 492// 3649// 487//
f 3645// 3647// 491//
f 491// 3647// 492//
f 3650// 3648// 3670//
f 3670// 3648// 3671//
f 3648// 3646// 3671//
f 3671// 3646// 3672//
f 3646// 3644// 3672//
f 3672// 3644// 3673//
f 3636// 3674// 3675//
f 3636// 3675// 3638//
f 3638// 3675// 3676//
f 3638// 3676// 3640//
f 3640// 3676// 3677//
f 3640// 3677// 3642//
f 3642// 3677// 3673//
f 3642// 3673// 3644//
f 3664// 3678// 3679//
f 3664// 3679// 3666//
f 3666// 3679// 3680//
f 3666// 3680// 3668//
f 3668// 3680// 3681//
f 3668// 3681// 3635//
f 3635// 3681// 3674//
f 3635// 3674// 3636//
f 3656// 3682// 3683//
f 3656// 3683// 3658//
f 3658// 3683// 3684//
f 3658// 3684// 3660//
f 3660// 3684// 3685//
f 3660// 3685// 3662//
f 3662// 3685// 3678//
f 3662// 3678// 3664//
f 3650// 3670// 3686//
f 3650// 3686// 3652//
f 3652// 3686// 3687//
f 3652// 3687// 3654//
f 3654// 3687// 3682//
f 3654// 3682// 3656//
usemtl 2
f 3671// 3672// 3670//
f 3670// 3672// 3673//
f 3670// 3673// 3677//
f 3677// 3676// 3670//
f 3670// 3676// 3675//
f 3670// 3675// 3674//
f 3674// 3681// 3670//
f 3670// 3681// 3680//
f 3670// 3680// 3679//
f 3679// 3678// 3670//
f 3670// 3678// 3685//
f 3670// 3685// 3684//
f 3684// 3683// 3670//
f 3670// 3683// 3682//
f 3670// 3682// 3686//
f 3686// 3682// 3687//
usemtl 1
f 3688// 3689// 3690//
f 3690// 3689// 3691//
f 3692// 3693// 3688//
f 3688// 3693// 3694//
f 3688// 3694// 3689//
f 3689// 3694// 3695//
f 3692// 3696// 3693//
f 3693// 3696// 3697//
f 3693// 3697// 3698//
f 3698// 3697// 3699//
f 3698// 3699// 3700//
f 3700// 3701// 3698//
f 3698// 3701// 3690//
f 3698// 3690// 3702//
f 3702// 3690// 3691//
f 3702// 3691// 3703//
f 3698// 3702// 285//
f 285// 3702// 284//
f 3693// 3698// 294//
f 294// 3698// 285//
f 289// 3694// 293//
f 293// 3694// 3693//
f 293// 3693// 294//
f 3695// 3694// 288//
f 288// 3694// 289//
f 3689// 3695// 291//
f 291// 3695// 288//
f 125// 3691// 126//
f 126// 3691// 3689//
f 126// 3689// 291//
f 3703// 3691// 124//
f 124// 3691// 125//
f 3702// 3703// 284//
f 284// 3703// 124//
f 3688// 3690// 3704//
f 3704// 3690// 3705//
f 3690// 3701// 3705//
f 3705// 3701// 3706//
f 3699// 3707// 3708//
f 3699// 3708// 3700//
f 3700// 3708// 3706//
f 3700// 3706// 3701//
f 3699// 3697// 3707//
f 3707// 3697// 3709//
f 3692// 3710// 3711//
f 3692// 3711// 3696//
f 3696// 3711// 3709//
f 3696// 3709// 3697//
f 3692// 3688// 3710//
f 3710// 3688// 3704//
usemtl 2
f 3707// 3709// 3708//
f 3708// 3709// 3711//
f 3708// 3711// 3706//
f 3706// 3711// 3710//
f 3706// 3710// 3705//
f 3705// 3710// 3704//
usemtl 1
f 3712// 3713// 708//
f 708// 3713// 707//
f 3714// 3712// 713//
f 713// 3712// 708//
f 3715// 3714// 712//
f 712// 3714// 713//
f 3716// 3715// 714//
f 714// 3715// 712//
f 3717// 3716// 715//
f 715// 3716// 714//
f 3718// 3717// 716//
f 716// 3717// 715//
f 3719// 3718// 717//
f 717// 3718// 716//
f 3720// 3719// 709//
f 709// 3719// 717//
f 3721// 3720// 711//
f 711// 3720// 709//
f 3722// 3721// 710//
f 710// 3721// 711//
f 3723// 3722// 706//
f 706// 3722// 710//
f 3713// 3723// 707//
f 707// 3723// 706//
f 3723// 3713// 3712//
f 3712// 3714// 3723//
f 3723// 3714// 3715//
f 3723// 3715// 3722//
f 3720// 3721// 3719//
f 3719// 3721// 3722//
f 3719// 3722// 3718//
f 3718// 3722// 3715//
f 3718// 3715// 3717//
f 3717// 3715// 3716//
f 3724// 3725// 3726//
f 3727// 3728// 3729//
f 3729// 3728// 3726//
f 3730// 3731// 3732//
f 3733// 3734// 3735//
f 3735// 3734// 3736//
f 3725// 3737// 3726//
f 3726// 3737// 3738//
f 3726// 3738// 3729//
f 3729// 3738// 3739//
f 3729// 3739// 3733//
f 3733// 3739// 3740//
f 3733// 3740// 3734//
f 3741// 3742// 3743//
f 3743// 3742// 3744//
f 3743// 3744// 3745//
f 3745// 3744// 3746//
f 3745// 3746// 3736//
f 3736// 3746// 3747//
f 3736// 3747// 3735//
f 3732// 3724// 3730//
f 3730// 3724// 3726//
f 3730// 3726// 3748//
f 3748// 3726// 3749//
f 3748// 3749// 3750//
f 3750// 3749// 3751//
f 3750// 3751// 3752//
f 3752// 3751// 3753//
f 3752// 3753// 3754//
f 3754// 3753// 3755//
f 3754// 3755// 3756//
f 3756// 3755// 3757//
f 3756// 3757// 3758//
f 3758// 3757// 3759//
f 3758// 3759// 3760//
f 3760// 3759// 3761//
f 3760// 3761// 3762//
f 3762// 3761// 3763//
f 3762// 3763// 3764//
f 3764// 3763// 3765//
f 3764// 3765// 3766//
f 3766// 3765// 3767//
f 3768// 3769// 3770//
f 3770// 3769// 3771//
f 3770// 3771// 3772//
f 3772// 3771// 3773//
f 3772// 3773// 3741//
f 3741// 3773// 3774//
f 3741// 3774// 3742//
f 3775// 3776// 3777//
f 3777// 3776// 3778//
f 3777// 3778// 3779//
f 3779// 3778// 3780//
f 3779// 3780// 3781//
f 3781// 3780// 3782//
f 3781// 3782// 3768//
f 3768// 3782// 3783//
f 3768// 3783// 3769//
f 3730// 3784// 3731//
f 3731// 3784// 3785//
f 3731// 3785// 3786//
f 3786// 3785// 3787//
f 3786// 3787// 3788//
f 3788// 3787// 3789//
f 3788// 3789// 3790//
f 3790// 3789// 3791//
f 3790// 3791// 3775//
f 3775// 3791// 3792//
f 3775// 3792// 3776//
f 3761// 537// 506//
f 3761// 506// 3763//
f 3763// 506// 507//
f 3763// 507// 3765//
f 3765// 507// 508//
f 3765// 508// 3767//
f 3766// 3767// 497//
f 497// 3767// 508//
f 3766// 497// 514//
f 3766// 514// 3764//
f 3764// 514// 515//
f 3764// 515// 3762//
f 3762// 515// 510//
f 3762// 510// 3760//
f 3760// 510// 509//
f 3760// 509// 3758//
f 3758// 509// 541//
f 3758// 541// 3756//
f 3756// 541// 540//
f 3756// 540// 3754//
f 3754// 540// 531//
f 3754// 531// 3752//
f 3752// 531// 530//
f 3752// 530// 3750//
f 3750// 530// 529//
f 3750// 529// 3748//
f 3748// 529// 528//
f 3748// 528// 3730//
f 3784// 3730// 511//
f 511// 3730// 528//
f 3784// 511// 513//
f 3784// 513// 3785//
f 3785// 513// 512//
f 3785// 512// 3787//
f 3787// 512// 496//
f 3787// 496// 3789//
f 3789// 496// 498//
f 3789// 498// 3791//
f 3791// 498// 499//
f 3791// 499// 3792//
f 3792// 499// 527//
f 3792// 527// 3776//
f 3776// 527// 526//
f 3776// 526// 3778//
f 3778// 526// 505//
f 3778// 505// 3780//
f 3780// 505// 504//
f 3780// 504// 3782//
f 3782// 504// 517//
f 3782// 517// 3783//
f 3783// 517// 516//
f 3783// 516// 3769//
f 552// 3742// 3774//
f 3769// 516// 502//
f 3769// 502// 3771//
f 3771// 502// 501//
f 3771// 501// 3773//
f 3773// 501// 551//
f 3773// 551// 3774//
f 3774// 551// 550//
f 3774// 550// 552//
f 3742// 552// 549//
f 3742// 549// 3744//
f 3744// 549// 494//
f 3744// 494// 3746//
f 494// 493// 3746//
f 3746// 493// 500//
f 3746// 500// 3747//
f 3747// 500// 520//
f 3747// 520// 3735//
f 3735// 520// 519//
f 3735// 519// 3733//
f 3729// 3733// 518//
f 518// 3733// 519//
f 3727// 3729// 495//
f 495// 3729// 518//
f 3728// 3727// 554//
f 554// 3727// 495//
f 3726// 3728// 546//
f 546// 3728// 554//
f 3726// 546// 535//
f 3726// 535// 3749//
f 3749// 535// 533//
f 3749// 533// 3751//
f 3751// 533// 532//
f 3751// 532// 3753//
f 3753// 532// 543//
f 3753// 543// 3755//
f 3755// 543// 539//
f 3755// 539// 3757//
f 3757// 539// 538//
f 3757// 538// 3759//
f 3759// 538// 537//
f 3759// 537// 3761//
f 3786// 3793// 3794//
f 3786// 3794// 3731//
f 3731// 3794// 3795//
f 3731// 3795// 3732//
f 3732// 3795// 3796//
f 3732// 3796// 3724//
f 3777// 3797// 3798//
f 3777// 3798// 3775//
f 3775// 3798// 3799//
f 3775// 3799// 3790//
f 3790// 3799// 3800//
f 3790// 3800// 3788//
f 3788// 3800// 3793//
f 3788// 3793// 3786//
f 3770// 3801// 3802//
f 3770// 3802// 3768//
f 3768// 3802// 3803//
f 3768// 3803// 3781//
f 3781// 3803// 3804//
f 3781// 3804// 3779//
f 3779// 3804// 3797//
f 3779// 3797// 3777//
f 3743// 3805// 3806//
f 3743// 3806// 3741//
f 3741// 3806// 3807//
f 3741// 3807// 3772//
f 3772// 3807// 3801//
f 3772// 3801// 3770//
f 3740// 3808// 3809//
f 3740// 3809// 3734//
f 3734// 3809// 3810//
f 3734// 3810// 3736//
f 3736// 3810// 3811//
f 3736// 3811// 3745//
f 3745// 3811// 3805//
f 3745// 3805// 3743//
f 3737// 3812// 3813//
f 3737// 3813// 3738//
f 3738// 3813// 3814//
f 3738// 3814// 3739//
f 3739// 3814// 3808//
f 3739// 3808// 3740//
f 3737// 3725// 3812//
f 3812// 3725// 3815//
f 3725// 3724// 3815//
f 3815// 3724// 3796//
usemtl 2
f 3812// 3815// 3796//
f 3809// 3808// 3796//
f 3795// 3794// 3811//
f 3795// 3811// 3796//
f 3796// 3811// 3810//
f 3796// 3810// 3809//
f 3808// 3814// 3796//
f 3796// 3814// 3813//
f 3796// 3813// 3812//
f 3794// 3793// 3811//
f 3811// 3793// 3800//
f 3811// 3800// 3799//
f 3799// 3798// 3811//
f 3811// 3798// 3797//
f 3811// 3797// 3804//
f 3807// 3806// 3801//
f 3801// 3806// 3805//
f 3801// 3805// 3811//
f 3804// 3803// 3811//
f 3811// 3803// 3802//
f 3811// 3802// 3801//
usemtl 1
f 522// 3816// 3817//
f 3818// 599// 596//
f 3818// 596// 3819//
f 3819// 596// 525//
f 3819// 525// 3817//
f 3817// 525// 524//
f 3817// 524// 522//
f 3820// 3816// 553//
f 553// 3816// 522//
f 553// 555// 3820//
f 3820// 555// 3821//
f 559// 3822// 558//
f 558// 3822// 3821//
f 558// 3821// 557//
f 557// 3821// 555//
f 3822// 559// 3823//
f 3823// 559// 116//
f 116// 115// 3823//
f 3823// 115// 574//
f 3823// 574// 3824//
f 3824// 574// 573//
f 3824// 573// 3825//
f 3825// 573// 565//
f 3825// 565// 3826//
f 3826// 565// 564//
f 3826// 564// 3827//
f 3827// 564// 577//
f 3827// 577// 3828//
f 3828// 577// 576//
f 3828// 576// 3829//
f 3829// 576// 575//
f 3829// 575// 3830//
f 3830// 575// 563//
f 3830// 563// 3831//
f 3831// 563// 562//
f 3831// 562// 3832//
f 3832// 562// 592//
f 3832// 592// 3833//
f 3833// 592// 591//
f 3833// 591// 3834//
f 3834// 591// 589//
f 3834// 589// 3835//
f 3835// 589// 587//
f 3835// 587// 3836//
f 3836// 587// 586//
f 3836// 586// 3837//
f 3837// 586// 585//
f 3837// 585// 3838//
f 3838// 585// 584//
f 3838// 584// 3839//
f 3839// 584// 583//
f 3839// 583// 3840//
f 3840// 583// 580//
f 3840// 580// 3841//
f 3841// 580// 595//
f 3841// 595// 3842//
f 3842// 595// 594//
f 3842// 594// 3843//
f 3843// 594// 593//
f 3843// 593// 3844//
f 3844// 593// 582//
f 3844// 582// 3845//
f 3845// 582// 581//
f 3845// 581// 3846//
f 3846// 581// 579//
f 3846// 579// 3847//
f 3847// 579// 578//
f 3847// 578// 3848//
f 3848// 578// 588//
f 3848// 588// 3849//
f 3849// 588// 590//
f 3849// 590// 3850//
f 3850// 590// 561//
f 3850// 561// 3851//
f 3852// 3851// 560//
f 560// 3851// 561//
f 3852// 560// 572//
f 3852// 572// 3853//
f 3853// 572// 570//
f 3853// 570// 3854//
f 3854// 570// 569//
f 3854// 569// 3855//
f 3855// 569// 568//
f 3855// 568// 3856//
f 3856// 568// 567//
f 3856// 567// 3857//
f 567// 566// 3857//
f 3857// 566// 3858//
f 566// 542// 3858//
f 3858// 542// 534//
f 3858// 534// 3859//
f 3859// 534// 536//
f 3859// 536// 3860//
f 3860// 536// 548//
f 3860// 548// 3861//
f 3861// 548// 547//
f 3861// 547// 3862//
f 3862// 547// 545//
f 3862// 545// 3863//
f 3863// 545// 544//
f 3863// 544// 3864//
f 597// 3865// 3866//
f 3864// 544// 521//
f 3864// 521// 3867//
f 3867// 521// 523//
f 3867// 523// 3866//
f 3866// 523// 598//
f 3866// 598// 597//
f 3865// 597// 601//
f 3865// 601// 3868//
f 3868// 601// 612//
f 3868// 612// 3869//
f 3869// 612// 611//
f 3869// 611// 3870//
f 3870// 611// 610//
f 3870// 610// 3871//
f 3871// 610// 604//
f 3871// 604// 3872//
f 3872// 604// 603//
f 3872// 603// 3873//
f 3873// 603// 609//
f 3873// 609// 3874//
f 3874// 609// 608//
f 3874// 608// 3875//
f 3875// 608// 607//
f 3875// 607// 3876//
f 3876// 607// 606//
f 3876// 606// 3877//
f 3877// 606// 605//
f 3877// 605// 3878//
f 3878// 605// 602//
f 3878// 602// 3879//
f 3879// 602// 600//
f 3879// 600// 3880//
f 3880// 600// 599//
f 3880// 599// 3818//
f 3843// 3844// 3857//
f 3857// 3844// 3856//
f 3856// 3844// 3845//
f 3856// 3845// 3855//
f 3875// 3826// 3827//
f 3868// 3835// 3865//
f 3865// 3835// 3836//
f 3875// 3827// 3874//
f 3874// 3827// 3828//
f 3874// 3828// 3873//
f 3873// 3828// 3829//
f 3873// 3829// 3872//
f 3872// 3829// 3830//
f 3872// 3830// 3871//
f 3871// 3830// 3831//
f 3871// 3831// 3870//
f 3870// 3831// 3832//
f 3870// 3832// 3869//
f 3869// 3832// 3833//
f 3869// 3833// 3868//
f 3868// 3833// 3834//
f 3868// 3834// 3835//
f 3826// 3875// 3825//
f 3825// 3875// 3876//
f 3825// 3876// 3824//
f 3822// 3818// 3821//
f 3821// 3818// 3819//
f 3821// 3819// 3820//
f 3820// 3819// 3817//
f 3820// 3817// 3816//
f 3845// 3846// 3855//
f 3855// 3846// 3847//
f 3855// 3847// 3854//
f 3854// 3847// 3848//
f 3854// 3848// 3853//
f 3853// 3848// 3849//
f 3853// 3849// 3852//
f 3852// 3849// 3850//
f 3852// 3850// 3851//
f 3876// 3877// 3824//
f 3824// 3877// 3878//
f 3824// 3878// 3823//
f 3823// 3878// 3879//
f 3823// 3879// 3822//
f 3822// 3879// 3880//
f 3822// 3880// 3818//
f 3857// 3858// 3843//
f 3843// 3858// 3859//
f 3843// 3859// 3842//
f 3842// 3859// 3860//
f 3842// 3860// 3841//
f 3841// 3860// 3861//
f 3841// 3861// 3840//
f 3840// 3861// 3862//
f 3840// 3862// 3839//
f 3839// 3862// 3863//
f 3839// 3863// 3838//
f 3838// 3863// 3864//
f 3838// 3864// 3837//
f 3837// 3864// 3867//
f 3837// 3867// 3836//
f 3836// 3867// 3866//
f 3836// 3866// 3865//
f 3881// 3882// 613//
f 613// 3882// 614//
f 3883// 3881// 621//
f 621// 3881// 613//
f 3883// 621// 622//
f 3883// 622// 3884//
f 3884// 622// 618//
f 3884// 618// 3885//
f 3886// 3885// 617//
f 617// 3885// 618//
f 3887// 3886// 616//
f 616// 3886// 617//
f 3887// 616// 3888//
f 3888// 616// 620//
f 3888// 620// 626//
f 3889// 3888// 625//
f 625// 3888// 626//
f 3889// 625// 3890//
f 3890// 625// 624//
f 3890// 624// 627//
f 629// 3891// 628//
f 628// 3891// 3890//
f 628// 3890// 627//
f 629// 641// 3891//
f 3891// 641// 3892//
f 641// 640// 3892//
f 3892// 640// 636//
f 3892// 636// 3893//
f 3893// 636// 635//
f 3893// 635// 3894//
f 3894// 635// 634//
f 3894// 634// 3895//
f 3895// 634// 633//
f 3895// 633// 3896//
f 3896// 633// 632//
f 3896// 632// 3897//
f 3897// 632// 631//
f 3897// 631// 3898//
f 3899// 3898// 630//
f 630// 3898// 631//
f 3899// 630// 639//
f 3899// 639// 3900//
f 3900// 639// 638//
f 3900// 638// 3901//
f 3901// 638// 637//
f 3901// 637// 3902//
f 3902// 637// 113//
f 3902// 113// 3903//
f 113// 112// 3903//
f 3903// 112// 647//
f 3903// 647// 3904//
f 3904// 647// 646//
f 3904// 646// 3905//
f 3905// 646// 645//
f 3905// 645// 3906//
f 3906// 645// 643//
f 3906// 643// 3907//
f 3907// 643// 642//
f 3907// 642// 3908//
f 614// 3882// 644//
f 644// 3882// 3908//
f 644// 3908// 642//
f 3882// 3881// 3908//
f 3908// 3881// 3883//
f 3908// 3883// 3884//
f 3888// 3889// 3887//
f 3887// 3889// 3890//
f 3887// 3890// 3886//
f 3886// 3890// 3908//
f 3886// 3908// 3885//
f 3885// 3908// 3884//
f 3893// 3905// 3892//
f 3892// 3905// 3906//
f 3892// 3906// 3891//
f 3891// 3906// 3890//
f 3890// 3906// 3907//
f 3890// 3907// 3908//
f 3898// 3899// 3897//
f 3897// 3899// 3900//
f 3897// 3900// 3896//
f 3896// 3900// 3901//
f 3896// 3901// 3895//
f 3895// 3901// 3902//
f 3895// 3902// 3894//
f 3894// 3902// 3903//
f 3894// 3903// 3893//
f 3893// 3903// 3904//
f 3893// 3904// 3905//
f 3909// 3910// 655//
f 655// 3910// 657//
f 3909// 655// 3911//
f 3911// 655// 650//
f 3911// 650// 651//
f 3912// 3911// 649//
f 649// 3911// 651//
f 3912// 649// 3913//
f 3913// 649// 648//
f 3913// 648// 659//
f 3914// 3913// 660//
f 660// 3913// 659//
f 664// 3915// 661//
f 661// 3915// 3914//
f 661// 3914// 660//
f 3916// 3915// 663//
f 663// 3915// 664//
f 653// 3917// 662//
f 662// 3917// 3916//
f 662// 3916// 663//
f 3918// 3917// 652//
f 652// 3917// 653//
f 668// 3919// 669//
f 669// 3919// 3918//
f 669// 3918// 652//
f 3920// 3919// 666//
f 666// 3919// 668//
f 3920// 666// 3910//
f 3910// 666// 665//
f 3910// 665// 657//
f 3920// 3910// 3909//
f 3909// 3911// 3920//
f 3920// 3911// 3912//
f 3920// 3912// 3919//
f 3917// 3918// 3916//
f 3916// 3918// 3919//
f 3916// 3919// 3915//
f 3915// 3919// 3912//
f 3915// 3912// 3914//
f 3914// 3912// 3913//
f 3921// 3922// 3923//
f 3923// 3922// 3924//
f 3923// 3924// 3925//
f 3925// 3924// 3926//
f 3925// 3926// 3927//
f 3927// 3926// 3928//
f 3927// 3928// 3929//
f 3929// 3928// 3930//
f 3929// 3930// 3931//
f 3931// 3930// 3932//
f 3931// 3932// 3933//
f 3933// 3932// 3934//
f 3933// 3934// 3935//
f 3935// 3934// 3936//
f 3935// 3936// 3937//
f 3937// 3936// 3938//
f 3937// 3938// 3939//
f 3939// 3938// 3940//
f 3939// 3940// 3941//
f 3941// 3940// 3942//
f 3941// 3942// 3943//
f 3943// 3942// 3944//
f 3943// 3944// 3945//
f 3945// 3944// 3946//
f 3945// 3946// 3947//
f 3947// 3946// 3948//
f 3947// 3948// 3949//
f 3949// 3948// 3950//
f 3949// 3950// 3951//
f 3951// 3950// 3952//
f 3951// 3952// 3953//
f 3953// 3952// 3954//
f 3953// 3954// 3955//
f 3955// 3954// 3921//
f 3955// 3921// 3923//
f 3929// 3931// 697//
f 697// 3931// 696//
f 3929// 697// 698//
f 3929// 698// 3927//
f 3927// 698// 694//
f 3927// 694// 3925//
f 3925// 694// 693//
f 3925// 693// 3923//
f 3923// 693// 692//
f 3923// 692// 3955//
f 3955// 692// 687//
f 3955// 687// 3953//
f 3953// 687// 688//
f 3953// 688// 3951//
f 3951// 688// 690//
f 3951// 690// 3949//
f 3949// 690// 691//
f 3949// 691// 3947//
f 3947// 691// 701//
f 3947// 701// 3945//
f 3945// 701// 700//
f 3945// 700// 3943//
f 3943// 700// 699//
f 3943// 699// 3941//
f 3941// 699// 704//
f 3941// 704// 3939//
f 3939// 704// 703//
f 3939// 703// 3937//
f 3937// 703// 702//
f 3937// 702// 3935//
f 3933// 3935// 695//
f 695// 3935// 702//
f 3931// 3933// 696//
f 696// 3933// 695//
f 3936// 3934// 3956//
f 3956// 3934// 3957//
f 3934// 3932// 3957//
f 3957// 3932// 3958//
f 3932// 3930// 3958//
f 3958// 3930// 3959//
f 3922// 3960// 3961//
f 3922// 3961// 3924//
f 3924// 3961// 3962//
f 3924// 3962// 3926//
f 3926// 3962// 3963//
f 3926// 3963// 3928//
f 3928// 3963// 3959//
f 3928// 3959// 3930//
f 3950// 3964// 3965//
f 3950// 3965// 3952//
f 3952// 3965// 3966//
f 3952// 3966// 3954//
f 3954// 3966// 3967//
f 3954// 3967// 3921//
f 3921// 3967// 3960//
f 3921// 3960// 3922//
f 3942// 3968// 3969//
f 3942// 3969// 3944//
f 3944// 3969// 3970//
f 3944// 3970// 3946//
f 3946// 3970// 3971//
f 3946// 3971// 3948//
f 3948// 3971// 3964//
f 3948// 3964// 3950//
f 3936// 3956// 3972//
f 3936// 3972// 3938//
f 3938// 3972// 3973//
f 3938// 3973// 3940//
f 3940// 3973// 3968//
f 3940// 3968// 3942//
usemtl 2
f 3957// 3958// 3956//
f 3956// 3958// 3959//
f 3956// 3959// 3963//
f 3963// 3962// 3956//
f 3956// 3962// 3961//
f 3956// 3961// 3960//
f 3960// 3967// 3956//
f 3956// 3967// 3966//
f 3956// 3966// 3965//
f 3965// 3964// 3956//
f 3956// 3964// 3971//
f 3956// 3971// 3970//
f 3970// 3969// 3956//
f 3956// 3969// 3968//
f 3956// 3968// 3972//
f 3972// 3968// 3973//
usemtl 1
f 3974// 3975// 3976//
f 3976// 3975// 3977//
f 3978// 3979// 3974//
f 3974// 3979// 3980//
f 3974// 3980// 3975//
f 3975// 3980// 3981//
f 3978// 3982// 3979//
f 3979// 3982// 3983//
f 3979// 3983// 3984//
f 3984// 3983// 3985//
f 3984// 3985// 3986//
f 3986// 3987// 3984//
f 3984// 3987// 3976//
f 3984// 3976// 3988//
f 3988// 3976// 3977//
f 3988// 3977// 3989//
f 3984// 3988// 685//
f 685// 3988// 686//
f 3979// 3984// 689//
f 689// 3984// 685//
f 3980// 3979// 680//
f 680// 3979// 689//
f 3981// 3980// 679//
f 679// 3980// 680//
f 3975// 3981// 682//
f 682// 3981// 679//
f 3977// 3975// 681//
f 681// 3975// 682//
f 3989// 3977// 683//
f 683// 3977// 681//
f 3988// 3989// 686//
f 686// 3989// 683//
f 3974// 3976// 3990//
f 3990// 3976// 3991//
f 3976// 3987// 3991//
f 3991// 3987// 3992//
f 3985// 3993// 3994//
f 3985// 3994// 3986//
f 3986// 3994// 3992//
f 3986// 3992// 3987//
f 3985// 3983// 3993//
f 3993// 3983// 3995//
f 3978// 3996// 3997//
f 3978// 3997// 3982//
f 3982// 3997// 3995//
f 3982// 3995// 3983//
f 3978// 3974// 3996//
f 3996// 3974// 3990//
usemtl 2
f 3993// 3995// 3994//
f 3994// 3995// 3997//
f 3994// 3997// 3992//
f 3992// 3997// 3996//
f 3992// 3996// 3991//
f 3991// 3996// 3990//
usemtl 1
f 3998// 3999// 4000//
f 4001// 4002// 4003//
f 4004// 4005// 4001//
f 4001// 4005// 4006//
f 4006// 4005// 4007//
f 4006// 4007// 4008//
f 4006// 4009// 4010//
f 4010// 4009// 4011//
f 4012// 3999// 4013//
f 4013// 3999// 4014//
f 4013// 4014// 4015//
f 4016// 4017// 4018//
f 4019// 4020// 4000//
f 4000// 4020// 4021//
f 4000// 4021// 3998//
f 4008// 4022// 4006//
f 4006// 4022// 4023//
f 4006// 4023// 4009//
f 4016// 4018// 4024//
f 4017// 4025// 4018//
f 4018// 4025// 4026//
f 4018// 4026// 4027//
f 4027// 4026// 4028//
f 4027// 4028// 4029//
f 4029// 4028// 4030//
f 4029// 4030// 4031//
f 4031// 4030// 4000//
f 4031// 4000// 4032//
f 4033// 4034// 4035//
f 4035// 4034// 4036//
f 4035// 4036// 4037//
f 4037// 4036// 4038//
f 4037// 4038// 4039//
f 4039// 4038// 4040//
f 4041// 4042// 4043//
f 4043// 4042// 4044//
f 4043// 4044// 4045//
f 4045// 4044// 4046//
f 4045// 4046// 4047//
f 4047// 4046// 4048//
f 4047// 4048// 4049//
f 4050// 4051// 4052//
f 4049// 4048// 4053//
f 4053// 4048// 4054//
f 4053// 4054// 4055//
f 4056// 4057// 4058//
f 4058// 4057// 4059//
f 4058// 4059// 4035//
f 4035// 4059// 4060//
f 4035// 4060// 4033//
f 4061// 4062// 4019//
f 4019// 4062// 4063//
f 4019// 4063// 4020//
f 4064// 4065// 4066//
f 4066// 4065// 4067//
f 4066// 4067// 4068//
f 4068// 4067// 4069//
f 4068// 4069// 4070//
f 4070// 4069// 4071//
f 4070// 4071// 4061//
f 4061// 4071// 4072//
f 4061// 4072// 4062//
f 4012// 4073// 3999//
f 3999// 4073// 4074//
f 3999// 4074// 4000//
f 4000// 4074// 4075//
f 4000// 4075// 4032//
f 4004// 4001// 4076//
f 4076// 4001// 4003//
f 4076// 4003// 4018//
f 4018// 4003// 4077//
f 4018// 4077// 4024//
f 4038// 4078// 4040//
f 4040// 4078// 4079//
f 4040// 4079// 4080//
f 4080// 4079// 4081//
f 4080// 4081// 4082//
f 4082// 4081// 4083//
f 4082// 4083// 4084//
f 4084// 4083// 4085//
f 4052// 4051// 4086//
f 4086// 4051// 4087//
f 4086// 4087// 4088//
f 4088// 4087// 4089//
f 4088// 4089// 4090//
f 4090// 4089// 4091//
f 4090// 4091// 4092//
f 4092// 4091// 4093//
f 4092// 4093// 4094//
f 4094// 4093// 4095//
f 4094// 4095// 4096//
f 4096// 4095// 4097//
f 4096// 4097// 4098//
f 4098// 4097// 4099//
f 4098// 4099// 4085//
f 4085// 4099// 4100//
f 4085// 4100// 4084//
f 4041// 4043// 4101//
f 4101// 4043// 4102//
f 4101// 4102// 4103//
f 4103// 4102// 4104//
f 4103// 4104// 4105//
f 4105// 4104// 4106//
f 4105// 4106// 4107//
f 4107// 4106// 4108//
f 4107// 4108// 4109//
f 4109// 4108// 4110//
f 4109// 4110// 4111//
f 4111// 4110// 4112//
f 4111// 4112// 4113//
f 4113// 4112// 4114//
f 4113// 4114// 4064//
f 4064// 4114// 4115//
f 4064// 4115// 4065//
f 4116// 4117// 4118//
f 4054// 4119// 4055//
f 4055// 4119// 4120//
f 4055// 4120// 4121//
f 4121// 4120// 4122//
f 4121// 4122// 4123//
f 4123// 4122// 4124//
f 4123// 4124// 4056//
f 4056// 4124// 4125//
f 4056// 4125// 4057//
f 4014// 4126// 4015//
f 4015// 4126// 4127//
f 4015// 4127// 4128//
f 4128// 4127// 4129//
f 4128// 4129// 4130//
f 4130// 4129// 4131//
f 4130// 4131// 4132//
f 4132// 4131// 4133//
f 4132// 4133// 4134//
f 4134// 4133// 4135//
f 4134// 4135// 4136//
f 4136// 4135// 4137//
f 4136// 4137// 4138//
f 4138// 4137// 4139//
f 4138// 4139// 4011//
f 4011// 4139// 4140//
f 4011// 4140// 4010//
f 4118// 4141// 4142//
f 4117// 4143// 4118//
f 4118// 4143// 4144//
f 4118// 4144// 4141//
f 4052// 4145// 4050//
f 4050// 4145// 4118//
f 4050// 4118// 4146//
f 4146// 4118// 4142//
f 4118// 4147// 4116//
f 4116// 4147// 4148//
f 4116// 4148// 4149//
f 4149// 4150// 4116//
f 4116// 4150// 4151//
f 4116// 4151// 4152//
f 281// 4040// 282//
f 282// 4040// 4080//
f 282// 4080// 283//
f 283// 4080// 4082//
f 283// 4082// 219//
f 219// 4082// 4084//
f 219// 4084// 220//
f 281// 134// 4040//
f 4040// 134// 133//
f 4040// 133// 4039//
f 4039// 133// 142//
f 4039// 142// 4037//
f 4037// 142// 141//
f 4037// 141// 4035//
f 4035// 141// 140//
f 4035// 140// 4058//
f 4058// 140// 139//
f 4058// 139// 4056//
f 4056// 139// 4123//
f 4123// 139// 138//
f 138// 137// 4123//
f 4123// 137// 148//
f 4123// 148// 4121//
f 4121// 148// 147//
f 4121// 147// 4055//
f 153// 4047// 152//
f 152// 4047// 4049//
f 152// 4049// 143//
f 143// 4049// 4053//
f 143// 4053// 144//
f 144// 4053// 4055//
f 144// 4055// 147//
f 4047// 153// 157//
f 4047// 157// 4045//
f 4045// 157// 159//
f 4045// 159// 4043//
f 4043// 159// 158//
f 4043// 158// 4102//
f 4102// 158// 156//
f 4102// 156// 4104//
f 4104// 156// 155//
f 4104// 155// 4106//
f 4106// 155// 154//
f 4106// 154// 4108//
f 4108// 154// 150//
f 4108// 150// 4110//
f 4110// 150// 149//
f 4110// 149// 4112//
f 4115// 4114// 163//
f 163// 4114// 4112//
f 163// 4112// 149//
f 163// 162// 4115//
f 4115// 162// 161//
f 4115// 161// 4065//
f 4065// 161// 131//
f 131// 130// 4065//
f 4065// 130// 172//
f 4065// 172// 4067//
f 4067// 172// 171//
f 4067// 171// 4069//
f 4069// 171// 170//
f 4069// 170// 4071//
f 4071// 170// 169//
f 4071// 169// 4072//
f 4072// 169// 168//
f 4072// 168// 4062//
f 4062// 168// 167//
f 4062// 167// 4063//
f 4063// 167// 165//
f 4063// 165// 4020//
f 4020// 165// 164//
f 4020// 164// 4021//
f 4021// 164// 176//
f 4021// 176// 3998//
f 176// 175// 3998//
f 3998// 175// 174//
f 3998// 174// 3999//
f 3999// 174// 173//
f 3999// 173// 4014//
f 4014// 173// 128//
f 4014// 128// 4126//
f 128// 127// 4126//
f 4126// 127// 182//
f 4126// 182// 4127//
f 4127// 182// 180//
f 4127// 180// 4129//
f 238// 4010// 4140//
f 4129// 180// 178//
f 4129// 178// 4131//
f 4131// 178// 177//
f 4131// 177// 4133//
f 177// 188// 4133//
f 4133// 188// 187//
f 4133// 187// 4135//
f 4135// 187// 186//
f 4135// 186// 4137//
f 4137// 186// 184//
f 4137// 184// 4139//
f 4139// 184// 183//
f 4139// 183// 4140//
f 4140// 183// 237//
f 4140// 237// 238//
f 4006// 4010// 229//
f 229// 4010// 238//
f 4001// 4006// 203//
f 203// 4006// 229//
f 4002// 4001// 190//
f 190// 4001// 203//
f 4003// 4002// 189//
f 189// 4002// 190//
f 4003// 189// 191//
f 4003// 191// 4077//
f 4077// 191// 192//
f 4077// 192// 4024//
f 4024// 192// 234//
f 4024// 234// 4016//
f 4016// 234// 233//
f 4016// 233// 4017//
f 4017// 233// 232//
f 4017// 232// 4025//
f 4025// 232// 215//
f 4025// 215// 4026//
f 4026// 215// 216//
f 4026// 216// 4028//
f 4028// 216// 212//
f 4028// 212// 4030//
f 4030// 212// 214//
f 4030// 214// 4000//
f 4000// 214// 213//
f 4000// 213// 4019//
f 4019// 213// 211//
f 4019// 211// 4061//
f 4061// 211// 210//
f 4061// 210// 4070//
f 4070// 210// 218//
f 4070// 218// 4068//
f 4068// 218// 217//
f 4068// 217// 4066//
f 4066// 217// 196//
f 4066// 196// 4064//
f 4064// 196// 253//
f 4064// 253// 252//
f 259// 4111// 252//
f 252// 4111// 4113//
f 252// 4113// 4064//
f 259// 280// 4111//
f 4111// 280// 279//
f 4111// 279// 4109//
f 4109// 279// 278//
f 4109// 278// 4107//
f 4107// 278// 269//
f 4107// 269// 4105//
f 4105// 269// 268//
f 4105// 268// 4103//
f 4103// 268// 267//
f 4103// 267// 4101//
f 4101// 267// 261//
f 4101// 261// 4041//
f 4041// 261// 260//
f 4041// 260// 4042//
f 4042// 260// 274//
f 4042// 274// 4044//
f 4044// 274// 276//
f 4044// 276// 4046//
f 4046// 276// 277//
f 4046// 277// 4048//
f 4048// 277// 275//
f 4048// 275// 4054//
f 4054// 275// 273//
f 4054// 273// 4119//
f 4119// 273// 272//
f 4119// 272// 4120//
f 251// 4033// 270//
f 270// 4033// 4060//
f 270// 4060// 271//
f 271// 4060// 4059//
f 271// 4059// 262//
f 262// 4059// 4057//
f 262// 4057// 263//
f 263// 4057// 4125//
f 263// 4125// 264//
f 264// 4125// 4124//
f 264// 4124// 265//
f 265// 4124// 4122//
f 265// 4122// 266//
f 266// 4122// 4120//
f 266// 4120// 272//
f 4034// 4033// 254//
f 254// 4033// 251//
f 4034// 254// 258//
f 4034// 258// 4036//
f 4036// 258// 257//
f 4036// 257// 4038//
f 4038// 257// 256//
f 4038// 256// 4078//
f 4078// 256// 255//
f 4078// 255// 4079//
f 4079// 255// 195//
f 4079// 195// 4081//
f 195// 194// 4081//
f 4081// 194// 193//
f 4081// 193// 4083//
f 4083// 193// 245//
f 4083// 245// 4085//
f 4085// 245// 244//
f 4085// 244// 4098//
f 4098// 244// 243//
f 4098// 243// 4096//
f 4096// 243// 242//
f 4096// 242// 4094//
f 4094// 242// 250//
f 4094// 250// 4092//
f 4092// 250// 249//
f 4092// 249// 4090//
f 4090// 249// 248//
f 4090// 248// 4088//
f 4088// 248// 247//
f 4088// 247// 4086//
f 4052// 4086// 246//
f 246// 4086// 247//
f 4052// 246// 241//
f 4052// 241// 4145//
f 4145// 241// 240//
f 4145// 240// 4118//
f 4118// 240// 239//
f 4118// 239// 4147//
f 4147// 239// 204//
f 4147// 204// 4148//
f 4148// 204// 202//
f 4148// 202// 4149//
f 4149// 202// 201//
f 4149// 201// 4150//
f 4150// 201// 231//
f 4150// 231// 4151//
f 4151// 231// 230//
f 4151// 230// 4152//
f 4152// 230// 228//
f 4152// 228// 4116//
f 4116// 228// 227//
f 4116// 227// 4117//
f 4117// 227// 236//
f 4117// 236// 4143//
f 4143// 236// 235//
f 4143// 235// 4144//
f 4144// 235// 200//
f 4144// 200// 4141//
f 4141// 200// 199//
f 4141// 199// 4142//
f 4142// 199// 198//
f 4142// 198// 4146//
f 4146// 198// 197//
f 4146// 197// 4050//
f 4050// 197// 226//
f 4050// 226// 4051//
f 4087// 4051// 225//
f 225// 4051// 226//
f 4087// 225// 224//
f 4087// 224// 4089//
f 4089// 224// 209//
f 4089// 209// 4091//
f 4091// 209// 208//
f 4091// 208// 4093//
f 4093// 208// 206//
f 4093// 206// 4095//
f 4095// 206// 205//
f 4095// 205// 4097//
f 4097// 205// 223//
f 4097// 223// 4099//
f 4099// 223// 222//
f 4099// 222// 4100//
f 4100// 222// 220//
f 4100// 220// 4084//
f 4004// 4153// 4154//
f 4004// 4154// 4005//
f 4005// 4154// 4155//
f 4005// 4155// 4007//
f 4007// 4155// 4156//
f 4007// 4156// 4008//
f 4008// 4156// 4157//
f 4008// 4157// 4022//
f 4022// 4157// 4158//
f 4022// 4158// 4023//
f 4023// 4158// 4159//
f 4023// 4159// 4009//
f 4009// 4159// 4160//
f 4009// 4160// 4011//
f 4011// 4160// 4161//
f 4011// 4161// 4138//
f 4138// 4161// 4162//
f 4138// 4162// 4136//
f 4136// 4162// 4163//
f 4136// 4163// 4134//
f 4134// 4163// 4164//
f 4134// 4164// 4132//
f 4132// 4164// 4165//
f 4132// 4165// 4130//
f 4130// 4165// 4166//
f 4130// 4166// 4128//
f 4128// 4166// 4167//
f 4128// 4167// 4015//
f 4015// 4167// 4168//
f 4015// 4168// 4013//
f 4013// 4168// 4169//
f 4013// 4169// 4012//
f 4012// 4169// 4170//
f 4012// 4170// 4073//
f 4073// 4170// 4171//
f 4073// 4171// 4074//
f 4074// 4171// 4172//
f 4074// 4172// 4075//
f 4075// 4172// 4173//
f 4075// 4173// 4032//
f 4032// 4173// 4174//
f 4032// 4174// 4031//
f 4031// 4174// 4175//
f 4031// 4175// 4029//
f 4029// 4175// 4176//
f 4029// 4176// 4027//
f 4027// 4176// 4177//
f 4027// 4177// 4018//
f 4018// 4177// 4178//
f 4018// 4178// 4076//
f 4076// 4178// 4153//
f 4076// 4153// 4004//
usemtl 2
f 4178// 4166// 4153//
f 4153// 4166// 4165//
f 4153// 4165// 4154//
f 4172// 4178// 4173//
f 4173// 4178// 4177//
f 4172// 4171// 4178//
f 4178// 4171// 4170//
f 4178// 4170// 4169//
f 4163// 4157// 4156//
f 4177// 4176// 4173//
f 4173// 4176// 4175//
f 4173// 4175// 4174//
f 4169// 4168// 4178//
f 4178// 4168// 4167//
f 4178// 4167// 4166//
f 4165// 4164// 4154//
f 4154// 4164// 4163//
f 4154// 4163// 4155//
f 4155// 4163// 4156//
f 4161// 4160// 4162//
f 4162// 4160// 4159//
f 4162// 4159// 4163//
f 4163// 4159// 4158//
f 4163// 4158// 4157//
